ISO-10303-21;
HEADER;
/* Generated by software containing ST-Developer
 * from STEP Tools, Inc. (www.steptools.com) 
 */
/* OPTION: using custom renumber hook */

FILE_DESCRIPTION(
/* description */ ('STEP AP242 Edition 2',
'CAx-IF Rec.Pracs.---Representation and Presentation of Product Manufa
cturing Information (PMI)---4.0---2014-10-13',
'CAx-IF Rec.Pracs.---3D Tessellated Geometry---0.4---2014-09-14','2;1',
'CAx-IF Rec.Pracs.---User Defined Attributes---1.5---2016-08-15'),
/* implementation_level */ '2;1');

FILE_NAME(
/* name */ 'Shell',
/* time_stamp */ '2026-10-04T14:06:01Z',
/* author */ (''),
/* organization */ (''),
/* preprocessor_version */ 'ST-DEVELOPER v20',
/* originating_system */ 'ONSHAPE BY PTC INC, 1.221',
/* authorisation */ '  ');

FILE_SCHEMA (('AP242_MANAGED_MODEL_BASED_3D_ENGINEERING_MIM_LF { 1 0 10303 442 3 1 4 }'));
ENDSEC;

DATA;
#10=SHAPE_REPRESENTATION_RELATIONSHIP('','',#6455,#12);
#11=SHAPE_REPRESENTATION_RELATIONSHIP('','',#6456,#13);
#12=ADVANCED_BREP_SHAPE_REPRESENTATION('',(#6451),#10295);
#13=ADVANCED_BREP_SHAPE_REPRESENTATION('',(#6452),#10296);
#14=ELLIPSE('',#6751,2.82842712474619,2.);
#15=ELLIPSE('',#6752,2.82842712474619,2.);
#16=ELLIPSE('',#6754,2.82842712474619,2.);
#17=ELLIPSE('',#6756,2.82842712474619,2.);
#18=SPHERICAL_SURFACE('',#6734,2.);
#19=SPHERICAL_SURFACE('',#6741,2.);
#20=SPHERICAL_SURFACE('',#6743,2.);
#21=SPHERICAL_SURFACE('',#6749,2.);
#22=SPHERICAL_SURFACE('',#6820,2.);
#23=SPHERICAL_SURFACE('',#6831,2.);
#24=SPHERICAL_SURFACE('',#6833,2.);
#25=SPHERICAL_SURFACE('',#6839,2.);
#26=CYLINDRICAL_SURFACE('',#6490,1.6);
#27=CYLINDRICAL_SURFACE('',#6493,2.35);
#28=CYLINDRICAL_SURFACE('',#6496,1.6);
#29=CYLINDRICAL_SURFACE('',#6499,2.35);
#30=CYLINDRICAL_SURFACE('',#6737,2.);
#31=CYLINDRICAL_SURFACE('',#6739,2.);
#32=CYLINDRICAL_SURFACE('',#6745,2.);
#33=CYLINDRICAL_SURFACE('',#6747,2.);
#34=CYLINDRICAL_SURFACE('',#6750,2.);
#35=CYLINDRICAL_SURFACE('',#6753,2.);
#36=CYLINDRICAL_SURFACE('',#6755,2.);
#37=CYLINDRICAL_SURFACE('',#6757,2.);
#38=CYLINDRICAL_SURFACE('',#6758,2.5);
#39=CYLINDRICAL_SURFACE('',#6761,4.);
#40=CYLINDRICAL_SURFACE('',#6765,2.5);
#41=CYLINDRICAL_SURFACE('',#6768,4.);
#42=CYLINDRICAL_SURFACE('',#6772,4.);
#43=CYLINDRICAL_SURFACE('',#6774,2.5);
#44=CYLINDRICAL_SURFACE('',#6779,4.);
#45=CYLINDRICAL_SURFACE('',#6781,2.5);
#46=CYLINDRICAL_SURFACE('',#6818,2.);
#47=CYLINDRICAL_SURFACE('',#6823,2.);
#48=CYLINDRICAL_SURFACE('',#6825,2.);
#49=CYLINDRICAL_SURFACE('',#6827,2.);
#50=CYLINDRICAL_SURFACE('',#6829,2.);
#51=CYLINDRICAL_SURFACE('',#6835,2.);
#52=CYLINDRICAL_SURFACE('',#6837,2.);
#53=CYLINDRICAL_SURFACE('',#6841,2.);
#54=CYLINDRICAL_SURFACE('',#6843,1.);
#55=CYLINDRICAL_SURFACE('',#6845,1.);
#56=CYLINDRICAL_SURFACE('',#6849,1.);
#57=CYLINDRICAL_SURFACE('',#6851,1.);
#58=CYLINDRICAL_SURFACE('',#6852,2.5);
#59=CYLINDRICAL_SURFACE('',#6853,2.5);
#60=CYLINDRICAL_SURFACE('',#6854,2.5);
#61=CYLINDRICAL_SURFACE('',#6855,2.5);
#62=LINE('',#8490,#892);
#63=LINE('',#8495,#893);
#64=LINE('',#8499,#894);
#65=LINE('',#8503,#895);
#66=LINE('',#8510,#896);
#67=LINE('',#8513,#897);
#68=LINE('',#8515,#898);
#69=LINE('',#8517,#899);
#70=LINE('',#8519,#900);
#71=LINE('',#8521,#901);
#72=LINE('',#8523,#902);
#73=LINE('',#8525,#903);
#74=LINE('',#8527,#904);
#75=LINE('',#8529,#905);
#76=LINE('',#8531,#906);
#77=LINE('',#8533,#907);
#78=LINE('',#8535,#908);
#79=LINE('',#8537,#909);
#80=LINE('',#8539,#910);
#81=LINE('',#8541,#911);
#82=LINE('',#8543,#912);
#83=LINE('',#8545,#913);
#84=LINE('',#8547,#914);
#85=LINE('',#8549,#915);
#86=LINE('',#8551,#916);
#87=LINE('',#8553,#917);
#88=LINE('',#8555,#918);
#89=LINE('',#8557,#919);
#90=LINE('',#8559,#920);
#91=LINE('',#8561,#921);
#92=LINE('',#8563,#922);
#93=LINE('',#8565,#923);
#94=LINE('',#8566,#924);
#95=LINE('',#8569,#925);
#96=LINE('',#8571,#926);
#97=LINE('',#8573,#927);
#98=LINE('',#8575,#928);
#99=LINE('',#8577,#929);
#100=LINE('',#8579,#930);
#101=LINE('',#8581,#931);
#102=LINE('',#8583,#932);
#103=LINE('',#8585,#933);
#104=LINE('',#8587,#934);
#105=LINE('',#8589,#935);
#106=LINE('',#8591,#936);
#107=LINE('',#8593,#937);
#108=LINE('',#8595,#938);
#109=LINE('',#8597,#939);
#110=LINE('',#8599,#940);
#111=LINE('',#8601,#941);
#112=LINE('',#8603,#942);
#113=LINE('',#8605,#943);
#114=LINE('',#8607,#944);
#115=LINE('',#8609,#945);
#116=LINE('',#8611,#946);
#117=LINE('',#8613,#947);
#118=LINE('',#8615,#948);
#119=LINE('',#8617,#949);
#120=LINE('',#8619,#950);
#121=LINE('',#8621,#951);
#122=LINE('',#8622,#952);
#123=LINE('',#8625,#953);
#124=LINE('',#8627,#954);
#125=LINE('',#8629,#955);
#126=LINE('',#8631,#956);
#127=LINE('',#8633,#957);
#128=LINE('',#8635,#958);
#129=LINE('',#8637,#959);
#130=LINE('',#8639,#960);
#131=LINE('',#8641,#961);
#132=LINE('',#8643,#962);
#133=LINE('',#8645,#963);
#134=LINE('',#8647,#964);
#135=LINE('',#8649,#965);
#136=LINE('',#8651,#966);
#137=LINE('',#8653,#967);
#138=LINE('',#8655,#968);
#139=LINE('',#8657,#969);
#140=LINE('',#8659,#970);
#141=LINE('',#8661,#971);
#142=LINE('',#8663,#972);
#143=LINE('',#8665,#973);
#144=LINE('',#8667,#974);
#145=LINE('',#8669,#975);
#146=LINE('',#8671,#976);
#147=LINE('',#8673,#977);
#148=LINE('',#8675,#978);
#149=LINE('',#8677,#979);
#150=LINE('',#8678,#980);
#151=LINE('',#8681,#981);
#152=LINE('',#8683,#982);
#153=LINE('',#8685,#983);
#154=LINE('',#8687,#984);
#155=LINE('',#8689,#985);
#156=LINE('',#8691,#986);
#157=LINE('',#8693,#987);
#158=LINE('',#8695,#988);
#159=LINE('',#8697,#989);
#160=LINE('',#8699,#990);
#161=LINE('',#8701,#991);
#162=LINE('',#8703,#992);
#163=LINE('',#8705,#993);
#164=LINE('',#8707,#994);
#165=LINE('',#8709,#995);
#166=LINE('',#8711,#996);
#167=LINE('',#8713,#997);
#168=LINE('',#8715,#998);
#169=LINE('',#8717,#999);
#170=LINE('',#8719,#1000);
#171=LINE('',#8721,#1001);
#172=LINE('',#8723,#1002);
#173=LINE('',#8725,#1003);
#174=LINE('',#8727,#1004);
#175=LINE('',#8729,#1005);
#176=LINE('',#8731,#1006);
#177=LINE('',#8733,#1007);
#178=LINE('',#8734,#1008);
#179=LINE('',#8737,#1009);
#180=LINE('',#8739,#1010);
#181=LINE('',#8741,#1011);
#182=LINE('',#8743,#1012);
#183=LINE('',#8745,#1013);
#184=LINE('',#8747,#1014);
#185=LINE('',#8749,#1015);
#186=LINE('',#8751,#1016);
#187=LINE('',#8753,#1017);
#188=LINE('',#8755,#1018);
#189=LINE('',#8757,#1019);
#190=LINE('',#8759,#1020);
#191=LINE('',#8761,#1021);
#192=LINE('',#8763,#1022);
#193=LINE('',#8765,#1023);
#194=LINE('',#8767,#1024);
#195=LINE('',#8769,#1025);
#196=LINE('',#8771,#1026);
#197=LINE('',#8773,#1027);
#198=LINE('',#8775,#1028);
#199=LINE('',#8777,#1029);
#200=LINE('',#8779,#1030);
#201=LINE('',#8781,#1031);
#202=LINE('',#8783,#1032);
#203=LINE('',#8785,#1033);
#204=LINE('',#8787,#1034);
#205=LINE('',#8789,#1035);
#206=LINE('',#8790,#1036);
#207=LINE('',#8793,#1037);
#208=LINE('',#8795,#1038);
#209=LINE('',#8797,#1039);
#210=LINE('',#8803,#1040);
#211=LINE('',#8806,#1041);
#212=LINE('',#8808,#1042);
#213=LINE('',#8810,#1043);
#214=LINE('',#8811,#1044);
#215=LINE('',#8814,#1045);
#216=LINE('',#8816,#1046);
#217=LINE('',#8818,#1047);
#218=LINE('',#8819,#1048);
#219=LINE('',#8822,#1049);
#220=LINE('',#8824,#1050);
#221=LINE('',#8826,#1051);
#222=LINE('',#8828,#1052);
#223=LINE('',#8830,#1053);
#224=LINE('',#8832,#1054);
#225=LINE('',#8834,#1055);
#226=LINE('',#8836,#1056);
#227=LINE('',#8838,#1057);
#228=LINE('',#8840,#1058);
#229=LINE('',#8842,#1059);
#230=LINE('',#8844,#1060);
#231=LINE('',#8846,#1061);
#232=LINE('',#8848,#1062);
#233=LINE('',#8850,#1063);
#234=LINE('',#8852,#1064);
#235=LINE('',#8854,#1065);
#236=LINE('',#8856,#1066);
#237=LINE('',#8858,#1067);
#238=LINE('',#8860,#1068);
#239=LINE('',#8862,#1069);
#240=LINE('',#8864,#1070);
#241=LINE('',#8866,#1071);
#242=LINE('',#8868,#1072);
#243=LINE('',#8870,#1073);
#244=LINE('',#8872,#1074);
#245=LINE('',#8874,#1075);
#246=LINE('',#8875,#1076);
#247=LINE('',#8878,#1077);
#248=LINE('',#8880,#1078);
#249=LINE('',#8882,#1079);
#250=LINE('',#8884,#1080);
#251=LINE('',#8886,#1081);
#252=LINE('',#8888,#1082);
#253=LINE('',#8890,#1083);
#254=LINE('',#8892,#1084);
#255=LINE('',#8894,#1085);
#256=LINE('',#8896,#1086);
#257=LINE('',#8898,#1087);
#258=LINE('',#8900,#1088);
#259=LINE('',#8902,#1089);
#260=LINE('',#8904,#1090);
#261=LINE('',#8906,#1091);
#262=LINE('',#8908,#1092);
#263=LINE('',#8910,#1093);
#264=LINE('',#8912,#1094);
#265=LINE('',#8914,#1095);
#266=LINE('',#8916,#1096);
#267=LINE('',#8918,#1097);
#268=LINE('',#8920,#1098);
#269=LINE('',#8922,#1099);
#270=LINE('',#8924,#1100);
#271=LINE('',#8926,#1101);
#272=LINE('',#8928,#1102);
#273=LINE('',#8930,#1103);
#274=LINE('',#8931,#1104);
#275=LINE('',#8934,#1105);
#276=LINE('',#8936,#1106);
#277=LINE('',#8938,#1107);
#278=LINE('',#8940,#1108);
#279=LINE('',#8942,#1109);
#280=LINE('',#8944,#1110);
#281=LINE('',#8946,#1111);
#282=LINE('',#8948,#1112);
#283=LINE('',#8950,#1113);
#284=LINE('',#8952,#1114);
#285=LINE('',#8954,#1115);
#286=LINE('',#8956,#1116);
#287=LINE('',#8958,#1117);
#288=LINE('',#8960,#1118);
#289=LINE('',#8962,#1119);
#290=LINE('',#8964,#1120);
#291=LINE('',#8966,#1121);
#292=LINE('',#8968,#1122);
#293=LINE('',#8970,#1123);
#294=LINE('',#8972,#1124);
#295=LINE('',#8974,#1125);
#296=LINE('',#8976,#1126);
#297=LINE('',#8978,#1127);
#298=LINE('',#8980,#1128);
#299=LINE('',#8982,#1129);
#300=LINE('',#8984,#1130);
#301=LINE('',#8986,#1131);
#302=LINE('',#8987,#1132);
#303=LINE('',#8990,#1133);
#304=LINE('',#8992,#1134);
#305=LINE('',#8994,#1135);
#306=LINE('',#8996,#1136);
#307=LINE('',#8998,#1137);
#308=LINE('',#9000,#1138);
#309=LINE('',#9002,#1139);
#310=LINE('',#9004,#1140);
#311=LINE('',#9006,#1141);
#312=LINE('',#9008,#1142);
#313=LINE('',#9010,#1143);
#314=LINE('',#9012,#1144);
#315=LINE('',#9014,#1145);
#316=LINE('',#9016,#1146);
#317=LINE('',#9018,#1147);
#318=LINE('',#9020,#1148);
#319=LINE('',#9022,#1149);
#320=LINE('',#9024,#1150);
#321=LINE('',#9026,#1151);
#322=LINE('',#9028,#1152);
#323=LINE('',#9030,#1153);
#324=LINE('',#9032,#1154);
#325=LINE('',#9034,#1155);
#326=LINE('',#9036,#1156);
#327=LINE('',#9038,#1157);
#328=LINE('',#9040,#1158);
#329=LINE('',#9042,#1159);
#330=LINE('',#9043,#1160);
#331=LINE('',#9046,#1161);
#332=LINE('',#9048,#1162);
#333=LINE('',#9050,#1163);
#334=LINE('',#9052,#1164);
#335=LINE('',#9054,#1165);
#336=LINE('',#9056,#1166);
#337=LINE('',#9058,#1167);
#338=LINE('',#9060,#1168);
#339=LINE('',#9062,#1169);
#340=LINE('',#9064,#1170);
#341=LINE('',#9066,#1171);
#342=LINE('',#9068,#1172);
#343=LINE('',#9070,#1173);
#344=LINE('',#9072,#1174);
#345=LINE('',#9074,#1175);
#346=LINE('',#9076,#1176);
#347=LINE('',#9078,#1177);
#348=LINE('',#9080,#1178);
#349=LINE('',#9082,#1179);
#350=LINE('',#9084,#1180);
#351=LINE('',#9086,#1181);
#352=LINE('',#9088,#1182);
#353=LINE('',#9090,#1183);
#354=LINE('',#9092,#1184);
#355=LINE('',#9094,#1185);
#356=LINE('',#9096,#1186);
#357=LINE('',#9098,#1187);
#358=LINE('',#9100,#1188);
#359=LINE('',#9101,#1189);
#360=LINE('',#9103,#1190);
#361=LINE('',#9104,#1191);
#362=LINE('',#9106,#1192);
#363=LINE('',#9107,#1193);
#364=LINE('',#9109,#1194);
#365=LINE('',#9110,#1195);
#366=LINE('',#9112,#1196);
#367=LINE('',#9113,#1197);
#368=LINE('',#9115,#1198);
#369=LINE('',#9116,#1199);
#370=LINE('',#9118,#1200);
#371=LINE('',#9119,#1201);
#372=LINE('',#9121,#1202);
#373=LINE('',#9122,#1203);
#374=LINE('',#9124,#1204);
#375=LINE('',#9125,#1205);
#376=LINE('',#9127,#1206);
#377=LINE('',#9128,#1207);
#378=LINE('',#9130,#1208);
#379=LINE('',#9131,#1209);
#380=LINE('',#9133,#1210);
#381=LINE('',#9134,#1211);
#382=LINE('',#9136,#1212);
#383=LINE('',#9137,#1213);
#384=LINE('',#9139,#1214);
#385=LINE('',#9140,#1215);
#386=LINE('',#9142,#1216);
#387=LINE('',#9143,#1217);
#388=LINE('',#9145,#1218);
#389=LINE('',#9146,#1219);
#390=LINE('',#9148,#1220);
#391=LINE('',#9149,#1221);
#392=LINE('',#9151,#1222);
#393=LINE('',#9152,#1223);
#394=LINE('',#9154,#1224);
#395=LINE('',#9155,#1225);
#396=LINE('',#9157,#1226);
#397=LINE('',#9158,#1227);
#398=LINE('',#9180,#1228);
#399=LINE('',#9181,#1229);
#400=LINE('',#9183,#1230);
#401=LINE('',#9185,#1231);
#402=LINE('',#9188,#1232);
#403=LINE('',#9189,#1233);
#404=LINE('',#9192,#1234);
#405=LINE('',#9193,#1235);
#406=LINE('',#9195,#1236);
#407=LINE('',#9197,#1237);
#408=LINE('',#9200,#1238);
#409=LINE('',#9201,#1239);
#410=LINE('',#9204,#1240);
#411=LINE('',#9205,#1241);
#412=LINE('',#9207,#1242);
#413=LINE('',#9209,#1243);
#414=LINE('',#9212,#1244);
#415=LINE('',#9213,#1245);
#416=LINE('',#9216,#1246);
#417=LINE('',#9217,#1247);
#418=LINE('',#9219,#1248);
#419=LINE('',#9221,#1249);
#420=LINE('',#9224,#1250);
#421=LINE('',#9225,#1251);
#422=LINE('',#9228,#1252);
#423=LINE('',#9229,#1253);
#424=LINE('',#9231,#1254);
#425=LINE('',#9233,#1255);
#426=LINE('',#9236,#1256);
#427=LINE('',#9237,#1257);
#428=LINE('',#9240,#1258);
#429=LINE('',#9241,#1259);
#430=LINE('',#9243,#1260);
#431=LINE('',#9245,#1261);
#432=LINE('',#9248,#1262);
#433=LINE('',#9249,#1263);
#434=LINE('',#9252,#1264);
#435=LINE('',#9253,#1265);
#436=LINE('',#9255,#1266);
#437=LINE('',#9257,#1267);
#438=LINE('',#9260,#1268);
#439=LINE('',#9261,#1269);
#440=LINE('',#9264,#1270);
#441=LINE('',#9265,#1271);
#442=LINE('',#9267,#1272);
#443=LINE('',#9269,#1273);
#444=LINE('',#9272,#1274);
#445=LINE('',#9273,#1275);
#446=LINE('',#9276,#1276);
#447=LINE('',#9277,#1277);
#448=LINE('',#9279,#1278);
#449=LINE('',#9281,#1279);
#450=LINE('',#9284,#1280);
#451=LINE('',#9285,#1281);
#452=LINE('',#9288,#1282);
#453=LINE('',#9289,#1283);
#454=LINE('',#9291,#1284);
#455=LINE('',#9293,#1285);
#456=LINE('',#9296,#1286);
#457=LINE('',#9297,#1287);
#458=LINE('',#9300,#1288);
#459=LINE('',#9302,#1289);
#460=LINE('',#9304,#1290);
#461=LINE('',#9306,#1291);
#462=LINE('',#9308,#1292);
#463=LINE('',#9310,#1293);
#464=LINE('',#9312,#1294);
#465=LINE('',#9314,#1295);
#466=LINE('',#9316,#1296);
#467=LINE('',#9318,#1297);
#468=LINE('',#9320,#1298);
#469=LINE('',#9322,#1299);
#470=LINE('',#9324,#1300);
#471=LINE('',#9326,#1301);
#472=LINE('',#9328,#1302);
#473=LINE('',#9330,#1303);
#474=LINE('',#9332,#1304);
#475=LINE('',#9334,#1305);
#476=LINE('',#9336,#1306);
#477=LINE('',#9338,#1307);
#478=LINE('',#9340,#1308);
#479=LINE('',#9342,#1309);
#480=LINE('',#9344,#1310);
#481=LINE('',#9346,#1311);
#482=LINE('',#9348,#1312);
#483=LINE('',#9350,#1313);
#484=LINE('',#9352,#1314);
#485=LINE('',#9354,#1315);
#486=LINE('',#9356,#1316);
#487=LINE('',#9358,#1317);
#488=LINE('',#9360,#1318);
#489=LINE('',#9362,#1319);
#490=LINE('',#9364,#1320);
#491=LINE('',#9366,#1321);
#492=LINE('',#9368,#1322);
#493=LINE('',#9370,#1323);
#494=LINE('',#9372,#1324);
#495=LINE('',#9374,#1325);
#496=LINE('',#9376,#1326);
#497=LINE('',#9378,#1327);
#498=LINE('',#9380,#1328);
#499=LINE('',#9382,#1329);
#500=LINE('',#9384,#1330);
#501=LINE('',#9386,#1331);
#502=LINE('',#9388,#1332);
#503=LINE('',#9390,#1333);
#504=LINE('',#9391,#1334);
#505=LINE('',#9393,#1335);
#506=LINE('',#9395,#1336);
#507=LINE('',#9397,#1337);
#508=LINE('',#9399,#1338);
#509=LINE('',#9401,#1339);
#510=LINE('',#9403,#1340);
#511=LINE('',#9404,#1341);
#512=LINE('',#9406,#1342);
#513=LINE('',#9408,#1343);
#514=LINE('',#9410,#1344);
#515=LINE('',#9412,#1345);
#516=LINE('',#9414,#1346);
#517=LINE('',#9416,#1347);
#518=LINE('',#9418,#1348);
#519=LINE('',#9420,#1349);
#520=LINE('',#9422,#1350);
#521=LINE('',#9424,#1351);
#522=LINE('',#9426,#1352);
#523=LINE('',#9428,#1353);
#524=LINE('',#9429,#1354);
#525=LINE('',#9431,#1355);
#526=LINE('',#9433,#1356);
#527=LINE('',#9435,#1357);
#528=LINE('',#9437,#1358);
#529=LINE('',#9439,#1359);
#530=LINE('',#9441,#1360);
#531=LINE('',#9442,#1361);
#532=LINE('',#9444,#1362);
#533=LINE('',#9446,#1363);
#534=LINE('',#9450,#1364);
#535=LINE('',#9452,#1365);
#536=LINE('',#9454,#1366);
#537=LINE('',#9456,#1367);
#538=LINE('',#9458,#1368);
#539=LINE('',#9460,#1369);
#540=LINE('',#9462,#1370);
#541=LINE('',#9464,#1371);
#542=LINE('',#9466,#1372);
#543=LINE('',#9468,#1373);
#544=LINE('',#9470,#1374);
#545=LINE('',#9472,#1375);
#546=LINE('',#9474,#1376);
#547=LINE('',#9476,#1377);
#548=LINE('',#9478,#1378);
#549=LINE('',#9480,#1379);
#550=LINE('',#9482,#1380);
#551=LINE('',#9484,#1381);
#552=LINE('',#9486,#1382);
#553=LINE('',#9488,#1383);
#554=LINE('',#9490,#1384);
#555=LINE('',#9492,#1385);
#556=LINE('',#9494,#1386);
#557=LINE('',#9496,#1387);
#558=LINE('',#9498,#1388);
#559=LINE('',#9500,#1389);
#560=LINE('',#9502,#1390);
#561=LINE('',#9504,#1391);
#562=LINE('',#9506,#1392);
#563=LINE('',#9508,#1393);
#564=LINE('',#9510,#1394);
#565=LINE('',#9512,#1395);
#566=LINE('',#9514,#1396);
#567=LINE('',#9516,#1397);
#568=LINE('',#9518,#1398);
#569=LINE('',#9520,#1399);
#570=LINE('',#9522,#1400);
#571=LINE('',#9524,#1401);
#572=LINE('',#9526,#1402);
#573=LINE('',#9528,#1403);
#574=LINE('',#9530,#1404);
#575=LINE('',#9532,#1405);
#576=LINE('',#9534,#1406);
#577=LINE('',#9536,#1407);
#578=LINE('',#9538,#1408);
#579=LINE('',#9540,#1409);
#580=LINE('',#9541,#1410);
#581=LINE('',#9543,#1411);
#582=LINE('',#9545,#1412);
#583=LINE('',#9547,#1413);
#584=LINE('',#9549,#1414);
#585=LINE('',#9551,#1415);
#586=LINE('',#9553,#1416);
#587=LINE('',#9554,#1417);
#588=LINE('',#9556,#1418);
#589=LINE('',#9558,#1419);
#590=LINE('',#9560,#1420);
#591=LINE('',#9562,#1421);
#592=LINE('',#9564,#1422);
#593=LINE('',#9566,#1423);
#594=LINE('',#9568,#1424);
#595=LINE('',#9570,#1425);
#596=LINE('',#9572,#1426);
#597=LINE('',#9574,#1427);
#598=LINE('',#9576,#1428);
#599=LINE('',#9578,#1429);
#600=LINE('',#9579,#1430);
#601=LINE('',#9581,#1431);
#602=LINE('',#9583,#1432);
#603=LINE('',#9585,#1433);
#604=LINE('',#9587,#1434);
#605=LINE('',#9589,#1435);
#606=LINE('',#9591,#1436);
#607=LINE('',#9592,#1437);
#608=LINE('',#9594,#1438);
#609=LINE('',#9596,#1439);
#610=LINE('',#9600,#1440);
#611=LINE('',#9602,#1441);
#612=LINE('',#9604,#1442);
#613=LINE('',#9606,#1443);
#614=LINE('',#9608,#1444);
#615=LINE('',#9610,#1445);
#616=LINE('',#9612,#1446);
#617=LINE('',#9614,#1447);
#618=LINE('',#9616,#1448);
#619=LINE('',#9618,#1449);
#620=LINE('',#9620,#1450);
#621=LINE('',#9622,#1451);
#622=LINE('',#9624,#1452);
#623=LINE('',#9626,#1453);
#624=LINE('',#9628,#1454);
#625=LINE('',#9630,#1455);
#626=LINE('',#9632,#1456);
#627=LINE('',#9634,#1457);
#628=LINE('',#9636,#1458);
#629=LINE('',#9638,#1459);
#630=LINE('',#9640,#1460);
#631=LINE('',#9642,#1461);
#632=LINE('',#9644,#1462);
#633=LINE('',#9646,#1463);
#634=LINE('',#9648,#1464);
#635=LINE('',#9650,#1465);
#636=LINE('',#9652,#1466);
#637=LINE('',#9654,#1467);
#638=LINE('',#9656,#1468);
#639=LINE('',#9658,#1469);
#640=LINE('',#9660,#1470);
#641=LINE('',#9662,#1471);
#642=LINE('',#9664,#1472);
#643=LINE('',#9666,#1473);
#644=LINE('',#9668,#1474);
#645=LINE('',#9670,#1475);
#646=LINE('',#9672,#1476);
#647=LINE('',#9674,#1477);
#648=LINE('',#9676,#1478);
#649=LINE('',#9678,#1479);
#650=LINE('',#9680,#1480);
#651=LINE('',#9682,#1481);
#652=LINE('',#9684,#1482);
#653=LINE('',#9686,#1483);
#654=LINE('',#9688,#1484);
#655=LINE('',#9690,#1485);
#656=LINE('',#9691,#1486);
#657=LINE('',#9693,#1487);
#658=LINE('',#9695,#1488);
#659=LINE('',#9697,#1489);
#660=LINE('',#9699,#1490);
#661=LINE('',#9701,#1491);
#662=LINE('',#9703,#1492);
#663=LINE('',#9704,#1493);
#664=LINE('',#9706,#1494);
#665=LINE('',#9708,#1495);
#666=LINE('',#9710,#1496);
#667=LINE('',#9712,#1497);
#668=LINE('',#9714,#1498);
#669=LINE('',#9716,#1499);
#670=LINE('',#9718,#1500);
#671=LINE('',#9720,#1501);
#672=LINE('',#9722,#1502);
#673=LINE('',#9724,#1503);
#674=LINE('',#9726,#1504);
#675=LINE('',#9728,#1505);
#676=LINE('',#9729,#1506);
#677=LINE('',#9731,#1507);
#678=LINE('',#9733,#1508);
#679=LINE('',#9735,#1509);
#680=LINE('',#9737,#1510);
#681=LINE('',#9739,#1511);
#682=LINE('',#9741,#1512);
#683=LINE('',#9742,#1513);
#684=LINE('',#9744,#1514);
#685=LINE('',#9746,#1515);
#686=LINE('',#9750,#1516);
#687=LINE('',#9752,#1517);
#688=LINE('',#9754,#1518);
#689=LINE('',#9756,#1519);
#690=LINE('',#9758,#1520);
#691=LINE('',#9760,#1521);
#692=LINE('',#9762,#1522);
#693=LINE('',#9764,#1523);
#694=LINE('',#9766,#1524);
#695=LINE('',#9768,#1525);
#696=LINE('',#9770,#1526);
#697=LINE('',#9772,#1527);
#698=LINE('',#9774,#1528);
#699=LINE('',#9776,#1529);
#700=LINE('',#9778,#1530);
#701=LINE('',#9780,#1531);
#702=LINE('',#9782,#1532);
#703=LINE('',#9784,#1533);
#704=LINE('',#9786,#1534);
#705=LINE('',#9788,#1535);
#706=LINE('',#9790,#1536);
#707=LINE('',#9792,#1537);
#708=LINE('',#9794,#1538);
#709=LINE('',#9796,#1539);
#710=LINE('',#9798,#1540);
#711=LINE('',#9800,#1541);
#712=LINE('',#9802,#1542);
#713=LINE('',#9804,#1543);
#714=LINE('',#9806,#1544);
#715=LINE('',#9808,#1545);
#716=LINE('',#9810,#1546);
#717=LINE('',#9812,#1547);
#718=LINE('',#9814,#1548);
#719=LINE('',#9816,#1549);
#720=LINE('',#9818,#1550);
#721=LINE('',#9820,#1551);
#722=LINE('',#9822,#1552);
#723=LINE('',#9824,#1553);
#724=LINE('',#9826,#1554);
#725=LINE('',#9828,#1555);
#726=LINE('',#9830,#1556);
#727=LINE('',#9832,#1557);
#728=LINE('',#9834,#1558);
#729=LINE('',#9836,#1559);
#730=LINE('',#9838,#1560);
#731=LINE('',#9840,#1561);
#732=LINE('',#9841,#1562);
#733=LINE('',#9843,#1563);
#734=LINE('',#9845,#1564);
#735=LINE('',#9847,#1565);
#736=LINE('',#9849,#1566);
#737=LINE('',#9851,#1567);
#738=LINE('',#9853,#1568);
#739=LINE('',#9854,#1569);
#740=LINE('',#9856,#1570);
#741=LINE('',#9858,#1571);
#742=LINE('',#9860,#1572);
#743=LINE('',#9862,#1573);
#744=LINE('',#9864,#1574);
#745=LINE('',#9866,#1575);
#746=LINE('',#9868,#1576);
#747=LINE('',#9870,#1577);
#748=LINE('',#9872,#1578);
#749=LINE('',#9874,#1579);
#750=LINE('',#9876,#1580);
#751=LINE('',#9878,#1581);
#752=LINE('',#9879,#1582);
#753=LINE('',#9881,#1583);
#754=LINE('',#9883,#1584);
#755=LINE('',#9885,#1585);
#756=LINE('',#9887,#1586);
#757=LINE('',#9889,#1587);
#758=LINE('',#9891,#1588);
#759=LINE('',#9892,#1589);
#760=LINE('',#9894,#1590);
#761=LINE('',#9896,#1591);
#762=LINE('',#9900,#1592);
#763=LINE('',#9902,#1593);
#764=LINE('',#9904,#1594);
#765=LINE('',#9906,#1595);
#766=LINE('',#9908,#1596);
#767=LINE('',#9910,#1597);
#768=LINE('',#9912,#1598);
#769=LINE('',#9914,#1599);
#770=LINE('',#9916,#1600);
#771=LINE('',#9918,#1601);
#772=LINE('',#9920,#1602);
#773=LINE('',#9922,#1603);
#774=LINE('',#9924,#1604);
#775=LINE('',#9926,#1605);
#776=LINE('',#9928,#1606);
#777=LINE('',#9930,#1607);
#778=LINE('',#9932,#1608);
#779=LINE('',#9934,#1609);
#780=LINE('',#9936,#1610);
#781=LINE('',#9938,#1611);
#782=LINE('',#9940,#1612);
#783=LINE('',#9942,#1613);
#784=LINE('',#9944,#1614);
#785=LINE('',#9946,#1615);
#786=LINE('',#9948,#1616);
#787=LINE('',#9950,#1617);
#788=LINE('',#9952,#1618);
#789=LINE('',#9954,#1619);
#790=LINE('',#9956,#1620);
#791=LINE('',#9958,#1621);
#792=LINE('',#9960,#1622);
#793=LINE('',#9962,#1623);
#794=LINE('',#9964,#1624);
#795=LINE('',#9966,#1625);
#796=LINE('',#9968,#1626);
#797=LINE('',#9970,#1627);
#798=LINE('',#9972,#1628);
#799=LINE('',#9974,#1629);
#800=LINE('',#9976,#1630);
#801=LINE('',#9978,#1631);
#802=LINE('',#9980,#1632);
#803=LINE('',#9982,#1633);
#804=LINE('',#9984,#1634);
#805=LINE('',#9986,#1635);
#806=LINE('',#9988,#1636);
#807=LINE('',#9990,#1637);
#808=LINE('',#9991,#1638);
#809=LINE('',#9993,#1639);
#810=LINE('',#9995,#1640);
#811=LINE('',#9997,#1641);
#812=LINE('',#9999,#1642);
#813=LINE('',#10001,#1643);
#814=LINE('',#10003,#1644);
#815=LINE('',#10004,#1645);
#816=LINE('',#10006,#1646);
#817=LINE('',#10008,#1647);
#818=LINE('',#10010,#1648);
#819=LINE('',#10012,#1649);
#820=LINE('',#10014,#1650);
#821=LINE('',#10016,#1651);
#822=LINE('',#10018,#1652);
#823=LINE('',#10020,#1653);
#824=LINE('',#10022,#1654);
#825=LINE('',#10024,#1655);
#826=LINE('',#10026,#1656);
#827=LINE('',#10028,#1657);
#828=LINE('',#10029,#1658);
#829=LINE('',#10031,#1659);
#830=LINE('',#10033,#1660);
#831=LINE('',#10035,#1661);
#832=LINE('',#10037,#1662);
#833=LINE('',#10039,#1663);
#834=LINE('',#10041,#1664);
#835=LINE('',#10042,#1665);
#836=LINE('',#10044,#1666);
#837=LINE('',#10046,#1667);
#838=LINE('',#10121,#1668);
#839=LINE('',#10124,#1669);
#840=LINE('',#10126,#1670);
#841=LINE('',#10128,#1671);
#842=LINE('',#10136,#1672);
#843=LINE('',#10139,#1673);
#844=LINE('',#10141,#1674);
#845=LINE('',#10143,#1675);
#846=LINE('',#10149,#1676);
#847=LINE('',#10152,#1677);
#848=LINE('',#10153,#1678);
#849=LINE('',#10157,#1679);
#850=LINE('',#10161,#1680);
#851=LINE('',#10165,#1681);
#852=LINE('',#10167,#1682);
#853=LINE('',#10169,#1683);
#854=LINE('',#10173,#1684);
#855=LINE('',#10175,#1685);
#856=LINE('',#10178,#1686);
#857=LINE('',#10179,#1687);
#858=LINE('',#10181,#1688);
#859=LINE('',#10183,#1689);
#860=LINE('',#10185,#1690);
#861=LINE('',#10190,#1691);
#862=LINE('',#10194,#1692);
#863=LINE('',#10198,#1693);
#864=LINE('',#10202,#1694);
#865=LINE('',#10204,#1695);
#866=LINE('',#10206,#1696);
#867=LINE('',#10208,#1697);
#868=LINE('',#10210,#1698);
#869=LINE('',#10212,#1699);
#870=LINE('',#10214,#1700);
#871=LINE('',#10219,#1701);
#872=LINE('',#10223,#1702);
#873=LINE('',#10225,#1703);
#874=LINE('',#10227,#1704);
#875=LINE('',#10231,#1705);
#876=LINE('',#10234,#1706);
#877=LINE('',#10237,#1707);
#878=LINE('',#10238,#1708);
#879=LINE('',#10240,#1709);
#880=LINE('',#10243,#1710);
#881=LINE('',#10244,#1711);
#882=LINE('',#10270,#1712);
#883=LINE('',#10271,#1713);
#884=LINE('',#10273,#1714);
#885=LINE('',#10275,#1715);
#886=LINE('',#10277,#1716);
#887=LINE('',#10279,#1717);
#888=LINE('',#10281,#1718);
#889=LINE('',#10283,#1719);
#890=LINE('',#10285,#1720);
#891=LINE('',#10287,#1721);
#892=VECTOR('',#6864,1000.);
#893=VECTOR('',#6867,1000.);
#894=VECTOR('',#6870,1000.);
#895=VECTOR('',#6873,1000.);
#896=VECTOR('',#6880,1000.);
#897=VECTOR('',#6881,1000.);
#898=VECTOR('',#6882,1000.);
#899=VECTOR('',#6883,1000.);
#900=VECTOR('',#6884,1000.);
#901=VECTOR('',#6885,1000.);
#902=VECTOR('',#6886,1000.);
#903=VECTOR('',#6887,1000.);
#904=VECTOR('',#6888,1000.);
#905=VECTOR('',#6889,1000.);
#906=VECTOR('',#6890,1000.);
#907=VECTOR('',#6891,1000.);
#908=VECTOR('',#6892,1000.);
#909=VECTOR('',#6893,1000.);
#910=VECTOR('',#6894,1000.);
#911=VECTOR('',#6895,1000.);
#912=VECTOR('',#6896,1000.);
#913=VECTOR('',#6897,1000.);
#914=VECTOR('',#6898,1000.);
#915=VECTOR('',#6899,1000.);
#916=VECTOR('',#6900,1000.);
#917=VECTOR('',#6901,1000.);
#918=VECTOR('',#6902,1000.);
#919=VECTOR('',#6903,1000.);
#920=VECTOR('',#6904,1000.);
#921=VECTOR('',#6905,1000.);
#922=VECTOR('',#6906,1000.);
#923=VECTOR('',#6907,1000.);
#924=VECTOR('',#6908,1000.);
#925=VECTOR('',#6909,1000.);
#926=VECTOR('',#6910,1000.);
#927=VECTOR('',#6911,1000.);
#928=VECTOR('',#6912,1000.);
#929=VECTOR('',#6913,1000.);
#930=VECTOR('',#6914,1000.);
#931=VECTOR('',#6915,1000.);
#932=VECTOR('',#6916,1000.);
#933=VECTOR('',#6917,1000.);
#934=VECTOR('',#6918,1000.);
#935=VECTOR('',#6919,1000.);
#936=VECTOR('',#6920,1000.);
#937=VECTOR('',#6921,1000.);
#938=VECTOR('',#6922,1000.);
#939=VECTOR('',#6923,1000.);
#940=VECTOR('',#6924,1000.);
#941=VECTOR('',#6925,1000.);
#942=VECTOR('',#6926,1000.);
#943=VECTOR('',#6927,1000.);
#944=VECTOR('',#6928,1000.);
#945=VECTOR('',#6929,1000.);
#946=VECTOR('',#6930,1000.);
#947=VECTOR('',#6931,1000.);
#948=VECTOR('',#6932,1000.);
#949=VECTOR('',#6933,1000.);
#950=VECTOR('',#6934,1000.);
#951=VECTOR('',#6935,1000.);
#952=VECTOR('',#6936,1000.);
#953=VECTOR('',#6937,1000.);
#954=VECTOR('',#6938,1000.);
#955=VECTOR('',#6939,1000.);
#956=VECTOR('',#6940,1000.);
#957=VECTOR('',#6941,1000.);
#958=VECTOR('',#6942,1000.);
#959=VECTOR('',#6943,1000.);
#960=VECTOR('',#6944,1000.);
#961=VECTOR('',#6945,1000.);
#962=VECTOR('',#6946,1000.);
#963=VECTOR('',#6947,1000.);
#964=VECTOR('',#6948,1000.);
#965=VECTOR('',#6949,1000.);
#966=VECTOR('',#6950,1000.);
#967=VECTOR('',#6951,1000.);
#968=VECTOR('',#6952,1000.);
#969=VECTOR('',#6953,1000.);
#970=VECTOR('',#6954,1000.);
#971=VECTOR('',#6955,1000.);
#972=VECTOR('',#6956,1000.);
#973=VECTOR('',#6957,1000.);
#974=VECTOR('',#6958,1000.);
#975=VECTOR('',#6959,1000.);
#976=VECTOR('',#6960,1000.);
#977=VECTOR('',#6961,1000.);
#978=VECTOR('',#6962,1000.);
#979=VECTOR('',#6963,1000.);
#980=VECTOR('',#6964,1000.);
#981=VECTOR('',#6965,1000.);
#982=VECTOR('',#6966,1000.);
#983=VECTOR('',#6967,1000.);
#984=VECTOR('',#6968,1000.);
#985=VECTOR('',#6969,1000.);
#986=VECTOR('',#6970,1000.);
#987=VECTOR('',#6971,1000.);
#988=VECTOR('',#6972,1000.);
#989=VECTOR('',#6973,1000.);
#990=VECTOR('',#6974,1000.);
#991=VECTOR('',#6975,1000.);
#992=VECTOR('',#6976,1000.);
#993=VECTOR('',#6977,1000.);
#994=VECTOR('',#6978,1000.);
#995=VECTOR('',#6979,1000.);
#996=VECTOR('',#6980,1000.);
#997=VECTOR('',#6981,1000.);
#998=VECTOR('',#6982,1000.);
#999=VECTOR('',#6983,1000.);
#1000=VECTOR('',#6984,1000.);
#1001=VECTOR('',#6985,1000.);
#1002=VECTOR('',#6986,1000.);
#1003=VECTOR('',#6987,1000.);
#1004=VECTOR('',#6988,1000.);
#1005=VECTOR('',#6989,1000.);
#1006=VECTOR('',#6990,1000.);
#1007=VECTOR('',#6991,1000.);
#1008=VECTOR('',#6992,1000.);
#1009=VECTOR('',#6993,1000.);
#1010=VECTOR('',#6994,1000.);
#1011=VECTOR('',#6995,1000.);
#1012=VECTOR('',#6996,1000.);
#1013=VECTOR('',#6997,1000.);
#1014=VECTOR('',#6998,1000.);
#1015=VECTOR('',#6999,1000.);
#1016=VECTOR('',#7000,1000.);
#1017=VECTOR('',#7001,1000.);
#1018=VECTOR('',#7002,1000.);
#1019=VECTOR('',#7003,1000.);
#1020=VECTOR('',#7004,1000.);
#1021=VECTOR('',#7005,1000.);
#1022=VECTOR('',#7006,1000.);
#1023=VECTOR('',#7007,1000.);
#1024=VECTOR('',#7008,1000.);
#1025=VECTOR('',#7009,1000.);
#1026=VECTOR('',#7010,1000.);
#1027=VECTOR('',#7011,1000.);
#1028=VECTOR('',#7012,1000.);
#1029=VECTOR('',#7013,1000.);
#1030=VECTOR('',#7014,1000.);
#1031=VECTOR('',#7015,1000.);
#1032=VECTOR('',#7016,1000.);
#1033=VECTOR('',#7017,1000.);
#1034=VECTOR('',#7018,1000.);
#1035=VECTOR('',#7019,1000.);
#1036=VECTOR('',#7020,1000.);
#1037=VECTOR('',#7021,1000.);
#1038=VECTOR('',#7022,1000.);
#1039=VECTOR('',#7023,1000.);
#1040=VECTOR('',#7030,1000.);
#1041=VECTOR('',#7031,1000.);
#1042=VECTOR('',#7032,1000.);
#1043=VECTOR('',#7033,1000.);
#1044=VECTOR('',#7034,1000.);
#1045=VECTOR('',#7035,1000.);
#1046=VECTOR('',#7036,1000.);
#1047=VECTOR('',#7037,1000.);
#1048=VECTOR('',#7038,1000.);
#1049=VECTOR('',#7039,1000.);
#1050=VECTOR('',#7040,1000.);
#1051=VECTOR('',#7041,1000.);
#1052=VECTOR('',#7042,1000.);
#1053=VECTOR('',#7043,1000.);
#1054=VECTOR('',#7044,1000.);
#1055=VECTOR('',#7045,1000.);
#1056=VECTOR('',#7046,1000.);
#1057=VECTOR('',#7047,1000.);
#1058=VECTOR('',#7048,1000.);
#1059=VECTOR('',#7049,1000.);
#1060=VECTOR('',#7050,1000.);
#1061=VECTOR('',#7051,1000.);
#1062=VECTOR('',#7052,1000.);
#1063=VECTOR('',#7053,1000.);
#1064=VECTOR('',#7054,1000.);
#1065=VECTOR('',#7055,1000.);
#1066=VECTOR('',#7056,1000.);
#1067=VECTOR('',#7057,1000.);
#1068=VECTOR('',#7058,1000.);
#1069=VECTOR('',#7059,1000.);
#1070=VECTOR('',#7060,1000.);
#1071=VECTOR('',#7061,1000.);
#1072=VECTOR('',#7062,1000.);
#1073=VECTOR('',#7063,1000.);
#1074=VECTOR('',#7064,1000.);
#1075=VECTOR('',#7065,1000.);
#1076=VECTOR('',#7066,1000.);
#1077=VECTOR('',#7067,1000.);
#1078=VECTOR('',#7068,1000.);
#1079=VECTOR('',#7069,1000.);
#1080=VECTOR('',#7070,1000.);
#1081=VECTOR('',#7071,1000.);
#1082=VECTOR('',#7072,1000.);
#1083=VECTOR('',#7073,1000.);
#1084=VECTOR('',#7074,1000.);
#1085=VECTOR('',#7075,1000.);
#1086=VECTOR('',#7076,1000.);
#1087=VECTOR('',#7077,1000.);
#1088=VECTOR('',#7078,1000.);
#1089=VECTOR('',#7079,1000.);
#1090=VECTOR('',#7080,1000.);
#1091=VECTOR('',#7081,1000.);
#1092=VECTOR('',#7082,1000.);
#1093=VECTOR('',#7083,1000.);
#1094=VECTOR('',#7084,1000.);
#1095=VECTOR('',#7085,1000.);
#1096=VECTOR('',#7086,1000.);
#1097=VECTOR('',#7087,1000.);
#1098=VECTOR('',#7088,1000.);
#1099=VECTOR('',#7089,1000.);
#1100=VECTOR('',#7090,1000.);
#1101=VECTOR('',#7091,1000.);
#1102=VECTOR('',#7092,1000.);
#1103=VECTOR('',#7093,1000.);
#1104=VECTOR('',#7094,1000.);
#1105=VECTOR('',#7095,1000.);
#1106=VECTOR('',#7096,1000.);
#1107=VECTOR('',#7097,1000.);
#1108=VECTOR('',#7098,1000.);
#1109=VECTOR('',#7099,1000.);
#1110=VECTOR('',#7100,1000.);
#1111=VECTOR('',#7101,1000.);
#1112=VECTOR('',#7102,1000.);
#1113=VECTOR('',#7103,1000.);
#1114=VECTOR('',#7104,1000.);
#1115=VECTOR('',#7105,1000.);
#1116=VECTOR('',#7106,1000.);
#1117=VECTOR('',#7107,1000.);
#1118=VECTOR('',#7108,1000.);
#1119=VECTOR('',#7109,1000.);
#1120=VECTOR('',#7110,1000.);
#1121=VECTOR('',#7111,1000.);
#1122=VECTOR('',#7112,1000.);
#1123=VECTOR('',#7113,1000.);
#1124=VECTOR('',#7114,1000.);
#1125=VECTOR('',#7115,1000.);
#1126=VECTOR('',#7116,1000.);
#1127=VECTOR('',#7117,1000.);
#1128=VECTOR('',#7118,1000.);
#1129=VECTOR('',#7119,1000.);
#1130=VECTOR('',#7120,1000.);
#1131=VECTOR('',#7121,1000.);
#1132=VECTOR('',#7122,1000.);
#1133=VECTOR('',#7123,1000.);
#1134=VECTOR('',#7124,1000.);
#1135=VECTOR('',#7125,1000.);
#1136=VECTOR('',#7126,1000.);
#1137=VECTOR('',#7127,1000.);
#1138=VECTOR('',#7128,1000.);
#1139=VECTOR('',#7129,1000.);
#1140=VECTOR('',#7130,1000.);
#1141=VECTOR('',#7131,1000.);
#1142=VECTOR('',#7132,1000.);
#1143=VECTOR('',#7133,1000.);
#1144=VECTOR('',#7134,1000.);
#1145=VECTOR('',#7135,1000.);
#1146=VECTOR('',#7136,1000.);
#1147=VECTOR('',#7137,1000.);
#1148=VECTOR('',#7138,1000.);
#1149=VECTOR('',#7139,1000.);
#1150=VECTOR('',#7140,1000.);
#1151=VECTOR('',#7141,1000.);
#1152=VECTOR('',#7142,1000.);
#1153=VECTOR('',#7143,1000.);
#1154=VECTOR('',#7144,1000.);
#1155=VECTOR('',#7145,1000.);
#1156=VECTOR('',#7146,1000.);
#1157=VECTOR('',#7147,1000.);
#1158=VECTOR('',#7148,1000.);
#1159=VECTOR('',#7149,1000.);
#1160=VECTOR('',#7150,1000.);
#1161=VECTOR('',#7151,1000.);
#1162=VECTOR('',#7152,1000.);
#1163=VECTOR('',#7153,1000.);
#1164=VECTOR('',#7154,1000.);
#1165=VECTOR('',#7155,1000.);
#1166=VECTOR('',#7156,1000.);
#1167=VECTOR('',#7157,1000.);
#1168=VECTOR('',#7158,1000.);
#1169=VECTOR('',#7159,1000.);
#1170=VECTOR('',#7160,1000.);
#1171=VECTOR('',#7161,1000.);
#1172=VECTOR('',#7162,1000.);
#1173=VECTOR('',#7163,1000.);
#1174=VECTOR('',#7164,1000.);
#1175=VECTOR('',#7165,1000.);
#1176=VECTOR('',#7166,1000.);
#1177=VECTOR('',#7167,1000.);
#1178=VECTOR('',#7168,1000.);
#1179=VECTOR('',#7169,1000.);
#1180=VECTOR('',#7170,1000.);
#1181=VECTOR('',#7171,1000.);
#1182=VECTOR('',#7172,1000.);
#1183=VECTOR('',#7173,1000.);
#1184=VECTOR('',#7174,1000.);
#1185=VECTOR('',#7175,1000.);
#1186=VECTOR('',#7176,1000.);
#1187=VECTOR('',#7177,1000.);
#1188=VECTOR('',#7180,1000.);
#1189=VECTOR('',#7181,1000.);
#1190=VECTOR('',#7184,1000.);
#1191=VECTOR('',#7185,1000.);
#1192=VECTOR('',#7188,1000.);
#1193=VECTOR('',#7189,1000.);
#1194=VECTOR('',#7192,1000.);
#1195=VECTOR('',#7193,1000.);
#1196=VECTOR('',#7196,1000.);
#1197=VECTOR('',#7197,1000.);
#1198=VECTOR('',#7200,1000.);
#1199=VECTOR('',#7201,1000.);
#1200=VECTOR('',#7204,1000.);
#1201=VECTOR('',#7205,1000.);
#1202=VECTOR('',#7208,1000.);
#1203=VECTOR('',#7209,1000.);
#1204=VECTOR('',#7212,1000.);
#1205=VECTOR('',#7213,1000.);
#1206=VECTOR('',#7216,1000.);
#1207=VECTOR('',#7217,1000.);
#1208=VECTOR('',#7220,1000.);
#1209=VECTOR('',#7221,1000.);
#1210=VECTOR('',#7224,1000.);
#1211=VECTOR('',#7225,1000.);
#1212=VECTOR('',#7228,1000.);
#1213=VECTOR('',#7229,1000.);
#1214=VECTOR('',#7232,1000.);
#1215=VECTOR('',#7233,1000.);
#1216=VECTOR('',#7236,1000.);
#1217=VECTOR('',#7237,1000.);
#1218=VECTOR('',#7240,1000.);
#1219=VECTOR('',#7241,1000.);
#1220=VECTOR('',#7244,1000.);
#1221=VECTOR('',#7245,1000.);
#1222=VECTOR('',#7248,1000.);
#1223=VECTOR('',#7249,1000.);
#1224=VECTOR('',#7252,1000.);
#1225=VECTOR('',#7253,1000.);
#1226=VECTOR('',#7256,1000.);
#1227=VECTOR('',#7257,1000.);
#1228=VECTOR('',#7288,1000.);
#1229=VECTOR('',#7289,1000.);
#1230=VECTOR('',#7292,1000.);
#1231=VECTOR('',#7295,1000.);
#1232=VECTOR('',#7300,1000.);
#1233=VECTOR('',#7301,1000.);
#1234=VECTOR('',#7306,1000.);
#1235=VECTOR('',#7307,1000.);
#1236=VECTOR('',#7310,1000.);
#1237=VECTOR('',#7313,1000.);
#1238=VECTOR('',#7318,1000.);
#1239=VECTOR('',#7319,1000.);
#1240=VECTOR('',#7324,1000.);
#1241=VECTOR('',#7325,1000.);
#1242=VECTOR('',#7328,1000.);
#1243=VECTOR('',#7331,1000.);
#1244=VECTOR('',#7336,1000.);
#1245=VECTOR('',#7337,1000.);
#1246=VECTOR('',#7342,1000.);
#1247=VECTOR('',#7343,1000.);
#1248=VECTOR('',#7346,1000.);
#1249=VECTOR('',#7349,1000.);
#1250=VECTOR('',#7354,1000.);
#1251=VECTOR('',#7355,1000.);
#1252=VECTOR('',#7360,1000.);
#1253=VECTOR('',#7361,1000.);
#1254=VECTOR('',#7364,1000.);
#1255=VECTOR('',#7367,1000.);
#1256=VECTOR('',#7372,1000.);
#1257=VECTOR('',#7373,1000.);
#1258=VECTOR('',#7378,1000.);
#1259=VECTOR('',#7379,1000.);
#1260=VECTOR('',#7382,1000.);
#1261=VECTOR('',#7385,1000.);
#1262=VECTOR('',#7390,1000.);
#1263=VECTOR('',#7391,1000.);
#1264=VECTOR('',#7396,1000.);
#1265=VECTOR('',#7397,1000.);
#1266=VECTOR('',#7400,1000.);
#1267=VECTOR('',#7403,1000.);
#1268=VECTOR('',#7408,1000.);
#1269=VECTOR('',#7409,1000.);
#1270=VECTOR('',#7414,1000.);
#1271=VECTOR('',#7415,1000.);
#1272=VECTOR('',#7418,1000.);
#1273=VECTOR('',#7421,1000.);
#1274=VECTOR('',#7426,1000.);
#1275=VECTOR('',#7427,1000.);
#1276=VECTOR('',#7432,1000.);
#1277=VECTOR('',#7433,1000.);
#1278=VECTOR('',#7436,1000.);
#1279=VECTOR('',#7439,1000.);
#1280=VECTOR('',#7444,1000.);
#1281=VECTOR('',#7445,1000.);
#1282=VECTOR('',#7450,1000.);
#1283=VECTOR('',#7451,1000.);
#1284=VECTOR('',#7454,1000.);
#1285=VECTOR('',#7457,1000.);
#1286=VECTOR('',#7462,1000.);
#1287=VECTOR('',#7463,1000.);
#1288=VECTOR('',#7468,1000.);
#1289=VECTOR('',#7469,1000.);
#1290=VECTOR('',#7470,1000.);
#1291=VECTOR('',#7473,1000.);
#1292=VECTOR('',#7474,1000.);
#1293=VECTOR('',#7475,1000.);
#1294=VECTOR('',#7478,1000.);
#1295=VECTOR('',#7479,1000.);
#1296=VECTOR('',#7480,1000.);
#1297=VECTOR('',#7483,1000.);
#1298=VECTOR('',#7484,1000.);
#1299=VECTOR('',#7485,1000.);
#1300=VECTOR('',#7488,1000.);
#1301=VECTOR('',#7489,1000.);
#1302=VECTOR('',#7490,1000.);
#1303=VECTOR('',#7493,1000.);
#1304=VECTOR('',#7494,1000.);
#1305=VECTOR('',#7495,1000.);
#1306=VECTOR('',#7498,1000.);
#1307=VECTOR('',#7499,1000.);
#1308=VECTOR('',#7500,1000.);
#1309=VECTOR('',#7503,1000.);
#1310=VECTOR('',#7504,1000.);
#1311=VECTOR('',#7505,1000.);
#1312=VECTOR('',#7508,1000.);
#1313=VECTOR('',#7509,1000.);
#1314=VECTOR('',#7510,1000.);
#1315=VECTOR('',#7513,1000.);
#1316=VECTOR('',#7514,1000.);
#1317=VECTOR('',#7515,1000.);
#1318=VECTOR('',#7518,1000.);
#1319=VECTOR('',#7519,1000.);
#1320=VECTOR('',#7520,1000.);
#1321=VECTOR('',#7523,1000.);
#1322=VECTOR('',#7524,1000.);
#1323=VECTOR('',#7525,1000.);
#1324=VECTOR('',#7528,1000.);
#1325=VECTOR('',#7531,1000.);
#1326=VECTOR('',#7532,1000.);
#1327=VECTOR('',#7535,1000.);
#1328=VECTOR('',#7536,1000.);
#1329=VECTOR('',#7537,1000.);
#1330=VECTOR('',#7540,1000.);
#1331=VECTOR('',#7541,1000.);
#1332=VECTOR('',#7542,1000.);
#1333=VECTOR('',#7545,1000.);
#1334=VECTOR('',#7546,1000.);
#1335=VECTOR('',#7547,1000.);
#1336=VECTOR('',#7550,1000.);
#1337=VECTOR('',#7553,1000.);
#1338=VECTOR('',#7556,1000.);
#1339=VECTOR('',#7557,1000.);
#1340=VECTOR('',#7560,1000.);
#1341=VECTOR('',#7561,1000.);
#1342=VECTOR('',#7562,1000.);
#1343=VECTOR('',#7565,1000.);
#1344=VECTOR('',#7568,1000.);
#1345=VECTOR('',#7571,1000.);
#1346=VECTOR('',#7572,1000.);
#1347=VECTOR('',#7575,1000.);
#1348=VECTOR('',#7576,1000.);
#1349=VECTOR('',#7577,1000.);
#1350=VECTOR('',#7580,1000.);
#1351=VECTOR('',#7581,1000.);
#1352=VECTOR('',#7582,1000.);
#1353=VECTOR('',#7585,1000.);
#1354=VECTOR('',#7586,1000.);
#1355=VECTOR('',#7587,1000.);
#1356=VECTOR('',#7590,1000.);
#1357=VECTOR('',#7593,1000.);
#1358=VECTOR('',#7596,1000.);
#1359=VECTOR('',#7597,1000.);
#1360=VECTOR('',#7600,1000.);
#1361=VECTOR('',#7601,1000.);
#1362=VECTOR('',#7602,1000.);
#1363=VECTOR('',#7605,1000.);
#1364=VECTOR('',#7612,1000.);
#1365=VECTOR('',#7613,1000.);
#1366=VECTOR('',#7614,1000.);
#1367=VECTOR('',#7617,1000.);
#1368=VECTOR('',#7618,1000.);
#1369=VECTOR('',#7619,1000.);
#1370=VECTOR('',#7622,1000.);
#1371=VECTOR('',#7623,1000.);
#1372=VECTOR('',#7624,1000.);
#1373=VECTOR('',#7627,1000.);
#1374=VECTOR('',#7628,1000.);
#1375=VECTOR('',#7629,1000.);
#1376=VECTOR('',#7632,1000.);
#1377=VECTOR('',#7633,1000.);
#1378=VECTOR('',#7634,1000.);
#1379=VECTOR('',#7637,1000.);
#1380=VECTOR('',#7638,1000.);
#1381=VECTOR('',#7639,1000.);
#1382=VECTOR('',#7642,1000.);
#1383=VECTOR('',#7643,1000.);
#1384=VECTOR('',#7644,1000.);
#1385=VECTOR('',#7647,1000.);
#1386=VECTOR('',#7648,1000.);
#1387=VECTOR('',#7649,1000.);
#1388=VECTOR('',#7652,1000.);
#1389=VECTOR('',#7653,1000.);
#1390=VECTOR('',#7654,1000.);
#1391=VECTOR('',#7657,1000.);
#1392=VECTOR('',#7658,1000.);
#1393=VECTOR('',#7659,1000.);
#1394=VECTOR('',#7662,1000.);
#1395=VECTOR('',#7663,1000.);
#1396=VECTOR('',#7664,1000.);
#1397=VECTOR('',#7667,1000.);
#1398=VECTOR('',#7668,1000.);
#1399=VECTOR('',#7669,1000.);
#1400=VECTOR('',#7672,1000.);
#1401=VECTOR('',#7675,1000.);
#1402=VECTOR('',#7676,1000.);
#1403=VECTOR('',#7679,1000.);
#1404=VECTOR('',#7680,1000.);
#1405=VECTOR('',#7681,1000.);
#1406=VECTOR('',#7684,1000.);
#1407=VECTOR('',#7685,1000.);
#1408=VECTOR('',#7686,1000.);
#1409=VECTOR('',#7689,1000.);
#1410=VECTOR('',#7690,1000.);
#1411=VECTOR('',#7691,1000.);
#1412=VECTOR('',#7694,1000.);
#1413=VECTOR('',#7697,1000.);
#1414=VECTOR('',#7700,1000.);
#1415=VECTOR('',#7701,1000.);
#1416=VECTOR('',#7704,1000.);
#1417=VECTOR('',#7705,1000.);
#1418=VECTOR('',#7706,1000.);
#1419=VECTOR('',#7709,1000.);
#1420=VECTOR('',#7712,1000.);
#1421=VECTOR('',#7715,1000.);
#1422=VECTOR('',#7716,1000.);
#1423=VECTOR('',#7719,1000.);
#1424=VECTOR('',#7720,1000.);
#1425=VECTOR('',#7721,1000.);
#1426=VECTOR('',#7724,1000.);
#1427=VECTOR('',#7725,1000.);
#1428=VECTOR('',#7726,1000.);
#1429=VECTOR('',#7729,1000.);
#1430=VECTOR('',#7730,1000.);
#1431=VECTOR('',#7731,1000.);
#1432=VECTOR('',#7734,1000.);
#1433=VECTOR('',#7737,1000.);
#1434=VECTOR('',#7740,1000.);
#1435=VECTOR('',#7741,1000.);
#1436=VECTOR('',#7744,1000.);
#1437=VECTOR('',#7745,1000.);
#1438=VECTOR('',#7746,1000.);
#1439=VECTOR('',#7749,1000.);
#1440=VECTOR('',#7756,1000.);
#1441=VECTOR('',#7757,1000.);
#1442=VECTOR('',#7758,1000.);
#1443=VECTOR('',#7761,1000.);
#1444=VECTOR('',#7762,1000.);
#1445=VECTOR('',#7763,1000.);
#1446=VECTOR('',#7766,1000.);
#1447=VECTOR('',#7767,1000.);
#1448=VECTOR('',#7768,1000.);
#1449=VECTOR('',#7771,1000.);
#1450=VECTOR('',#7772,1000.);
#1451=VECTOR('',#7773,1000.);
#1452=VECTOR('',#7776,1000.);
#1453=VECTOR('',#7777,1000.);
#1454=VECTOR('',#7778,1000.);
#1455=VECTOR('',#7781,1000.);
#1456=VECTOR('',#7782,1000.);
#1457=VECTOR('',#7783,1000.);
#1458=VECTOR('',#7786,1000.);
#1459=VECTOR('',#7787,1000.);
#1460=VECTOR('',#7788,1000.);
#1461=VECTOR('',#7791,1000.);
#1462=VECTOR('',#7792,1000.);
#1463=VECTOR('',#7793,1000.);
#1464=VECTOR('',#7796,1000.);
#1465=VECTOR('',#7797,1000.);
#1466=VECTOR('',#7798,1000.);
#1467=VECTOR('',#7801,1000.);
#1468=VECTOR('',#7802,1000.);
#1469=VECTOR('',#7803,1000.);
#1470=VECTOR('',#7806,1000.);
#1471=VECTOR('',#7807,1000.);
#1472=VECTOR('',#7808,1000.);
#1473=VECTOR('',#7811,1000.);
#1474=VECTOR('',#7812,1000.);
#1475=VECTOR('',#7813,1000.);
#1476=VECTOR('',#7816,1000.);
#1477=VECTOR('',#7819,1000.);
#1478=VECTOR('',#7820,1000.);
#1479=VECTOR('',#7823,1000.);
#1480=VECTOR('',#7824,1000.);
#1481=VECTOR('',#7825,1000.);
#1482=VECTOR('',#7828,1000.);
#1483=VECTOR('',#7829,1000.);
#1484=VECTOR('',#7830,1000.);
#1485=VECTOR('',#7833,1000.);
#1486=VECTOR('',#7834,1000.);
#1487=VECTOR('',#7835,1000.);
#1488=VECTOR('',#7838,1000.);
#1489=VECTOR('',#7841,1000.);
#1490=VECTOR('',#7844,1000.);
#1491=VECTOR('',#7845,1000.);
#1492=VECTOR('',#7848,1000.);
#1493=VECTOR('',#7849,1000.);
#1494=VECTOR('',#7850,1000.);
#1495=VECTOR('',#7853,1000.);
#1496=VECTOR('',#7856,1000.);
#1497=VECTOR('',#7859,1000.);
#1498=VECTOR('',#7860,1000.);
#1499=VECTOR('',#7863,1000.);
#1500=VECTOR('',#7864,1000.);
#1501=VECTOR('',#7865,1000.);
#1502=VECTOR('',#7868,1000.);
#1503=VECTOR('',#7869,1000.);
#1504=VECTOR('',#7870,1000.);
#1505=VECTOR('',#7873,1000.);
#1506=VECTOR('',#7874,1000.);
#1507=VECTOR('',#7875,1000.);
#1508=VECTOR('',#7878,1000.);
#1509=VECTOR('',#7881,1000.);
#1510=VECTOR('',#7884,1000.);
#1511=VECTOR('',#7885,1000.);
#1512=VECTOR('',#7888,1000.);
#1513=VECTOR('',#7889,1000.);
#1514=VECTOR('',#7890,1000.);
#1515=VECTOR('',#7893,1000.);
#1516=VECTOR('',#7900,1000.);
#1517=VECTOR('',#7901,1000.);
#1518=VECTOR('',#7902,1000.);
#1519=VECTOR('',#7905,1000.);
#1520=VECTOR('',#7906,1000.);
#1521=VECTOR('',#7907,1000.);
#1522=VECTOR('',#7910,1000.);
#1523=VECTOR('',#7911,1000.);
#1524=VECTOR('',#7912,1000.);
#1525=VECTOR('',#7915,1000.);
#1526=VECTOR('',#7916,1000.);
#1527=VECTOR('',#7917,1000.);
#1528=VECTOR('',#7920,1000.);
#1529=VECTOR('',#7921,1000.);
#1530=VECTOR('',#7922,1000.);
#1531=VECTOR('',#7925,1000.);
#1532=VECTOR('',#7926,1000.);
#1533=VECTOR('',#7927,1000.);
#1534=VECTOR('',#7930,1000.);
#1535=VECTOR('',#7931,1000.);
#1536=VECTOR('',#7932,1000.);
#1537=VECTOR('',#7935,1000.);
#1538=VECTOR('',#7936,1000.);
#1539=VECTOR('',#7937,1000.);
#1540=VECTOR('',#7940,1000.);
#1541=VECTOR('',#7941,1000.);
#1542=VECTOR('',#7942,1000.);
#1543=VECTOR('',#7945,1000.);
#1544=VECTOR('',#7946,1000.);
#1545=VECTOR('',#7947,1000.);
#1546=VECTOR('',#7950,1000.);
#1547=VECTOR('',#7951,1000.);
#1548=VECTOR('',#7952,1000.);
#1549=VECTOR('',#7955,1000.);
#1550=VECTOR('',#7956,1000.);
#1551=VECTOR('',#7957,1000.);
#1552=VECTOR('',#7960,1000.);
#1553=VECTOR('',#7963,1000.);
#1554=VECTOR('',#7964,1000.);
#1555=VECTOR('',#7967,1000.);
#1556=VECTOR('',#7968,1000.);
#1557=VECTOR('',#7969,1000.);
#1558=VECTOR('',#7972,1000.);
#1559=VECTOR('',#7973,1000.);
#1560=VECTOR('',#7974,1000.);
#1561=VECTOR('',#7977,1000.);
#1562=VECTOR('',#7978,1000.);
#1563=VECTOR('',#7979,1000.);
#1564=VECTOR('',#7982,1000.);
#1565=VECTOR('',#7985,1000.);
#1566=VECTOR('',#7988,1000.);
#1567=VECTOR('',#7989,1000.);
#1568=VECTOR('',#7992,1000.);
#1569=VECTOR('',#7993,1000.);
#1570=VECTOR('',#7994,1000.);
#1571=VECTOR('',#7997,1000.);
#1572=VECTOR('',#8000,1000.);
#1573=VECTOR('',#8003,1000.);
#1574=VECTOR('',#8004,1000.);
#1575=VECTOR('',#8007,1000.);
#1576=VECTOR('',#8008,1000.);
#1577=VECTOR('',#8009,1000.);
#1578=VECTOR('',#8012,1000.);
#1579=VECTOR('',#8013,1000.);
#1580=VECTOR('',#8014,1000.);
#1581=VECTOR('',#8017,1000.);
#1582=VECTOR('',#8018,1000.);
#1583=VECTOR('',#8019,1000.);
#1584=VECTOR('',#8022,1000.);
#1585=VECTOR('',#8025,1000.);
#1586=VECTOR('',#8028,1000.);
#1587=VECTOR('',#8029,1000.);
#1588=VECTOR('',#8032,1000.);
#1589=VECTOR('',#8033,1000.);
#1590=VECTOR('',#8034,1000.);
#1591=VECTOR('',#8037,1000.);
#1592=VECTOR('',#8044,1000.);
#1593=VECTOR('',#8045,1000.);
#1594=VECTOR('',#8046,1000.);
#1595=VECTOR('',#8049,1000.);
#1596=VECTOR('',#8050,1000.);
#1597=VECTOR('',#8051,1000.);
#1598=VECTOR('',#8054,1000.);
#1599=VECTOR('',#8055,1000.);
#1600=VECTOR('',#8056,1000.);
#1601=VECTOR('',#8059,1000.);
#1602=VECTOR('',#8060,1000.);
#1603=VECTOR('',#8061,1000.);
#1604=VECTOR('',#8064,1000.);
#1605=VECTOR('',#8065,1000.);
#1606=VECTOR('',#8066,1000.);
#1607=VECTOR('',#8069,1000.);
#1608=VECTOR('',#8070,1000.);
#1609=VECTOR('',#8071,1000.);
#1610=VECTOR('',#8074,1000.);
#1611=VECTOR('',#8075,1000.);
#1612=VECTOR('',#8076,1000.);
#1613=VECTOR('',#8079,1000.);
#1614=VECTOR('',#8080,1000.);
#1615=VECTOR('',#8081,1000.);
#1616=VECTOR('',#8084,1000.);
#1617=VECTOR('',#8085,1000.);
#1618=VECTOR('',#8086,1000.);
#1619=VECTOR('',#8089,1000.);
#1620=VECTOR('',#8090,1000.);
#1621=VECTOR('',#8091,1000.);
#1622=VECTOR('',#8094,1000.);
#1623=VECTOR('',#8095,1000.);
#1624=VECTOR('',#8096,1000.);
#1625=VECTOR('',#8099,1000.);
#1626=VECTOR('',#8100,1000.);
#1627=VECTOR('',#8101,1000.);
#1628=VECTOR('',#8104,1000.);
#1629=VECTOR('',#8107,1000.);
#1630=VECTOR('',#8108,1000.);
#1631=VECTOR('',#8111,1000.);
#1632=VECTOR('',#8112,1000.);
#1633=VECTOR('',#8113,1000.);
#1634=VECTOR('',#8116,1000.);
#1635=VECTOR('',#8117,1000.);
#1636=VECTOR('',#8118,1000.);
#1637=VECTOR('',#8121,1000.);
#1638=VECTOR('',#8122,1000.);
#1639=VECTOR('',#8123,1000.);
#1640=VECTOR('',#8126,1000.);
#1641=VECTOR('',#8129,1000.);
#1642=VECTOR('',#8132,1000.);
#1643=VECTOR('',#8133,1000.);
#1644=VECTOR('',#8136,1000.);
#1645=VECTOR('',#8137,1000.);
#1646=VECTOR('',#8138,1000.);
#1647=VECTOR('',#8141,1000.);
#1648=VECTOR('',#8144,1000.);
#1649=VECTOR('',#8147,1000.);
#1650=VECTOR('',#8148,1000.);
#1651=VECTOR('',#8151,1000.);
#1652=VECTOR('',#8152,1000.);
#1653=VECTOR('',#8153,1000.);
#1654=VECTOR('',#8156,1000.);
#1655=VECTOR('',#8157,1000.);
#1656=VECTOR('',#8158,1000.);
#1657=VECTOR('',#8161,1000.);
#1658=VECTOR('',#8162,1000.);
#1659=VECTOR('',#8163,1000.);
#1660=VECTOR('',#8166,1000.);
#1661=VECTOR('',#8169,1000.);
#1662=VECTOR('',#8172,1000.);
#1663=VECTOR('',#8173,1000.);
#1664=VECTOR('',#8176,1000.);
#1665=VECTOR('',#8177,1000.);
#1666=VECTOR('',#8178,1000.);
#1667=VECTOR('',#8181,1000.);
#1668=VECTOR('',#8300,1000.);
#1669=VECTOR('',#8301,1000.);
#1670=VECTOR('',#8302,1000.);
#1671=VECTOR('',#8303,1000.);
#1672=VECTOR('',#8312,1000.);
#1673=VECTOR('',#8313,1000.);
#1674=VECTOR('',#8314,1000.);
#1675=VECTOR('',#8315,1000.);
#1676=VECTOR('',#8322,1000.);
#1677=VECTOR('',#8323,1000.);
#1678=VECTOR('',#8324,1000.);
#1679=VECTOR('',#8327,1000.);
#1680=VECTOR('',#8330,1000.);
#1681=VECTOR('',#8333,1000.);
#1682=VECTOR('',#8334,1000.);
#1683=VECTOR('',#8335,1000.);
#1684=VECTOR('',#8338,1000.);
#1685=VECTOR('',#8341,1000.);
#1686=VECTOR('',#8342,1000.);
#1687=VECTOR('',#8343,1000.);
#1688=VECTOR('',#8346,1000.);
#1689=VECTOR('',#8349,1000.);
#1690=VECTOR('',#8352,1000.);
#1691=VECTOR('',#8355,1000.);
#1692=VECTOR('',#8358,1000.);
#1693=VECTOR('',#8361,1000.);
#1694=VECTOR('',#8366,1000.);
#1695=VECTOR('',#8367,1000.);
#1696=VECTOR('',#8368,1000.);
#1697=VECTOR('',#8371,1000.);
#1698=VECTOR('',#8372,1000.);
#1699=VECTOR('',#8373,1000.);
#1700=VECTOR('',#8376,1000.);
#1701=VECTOR('',#8379,1000.);
#1702=VECTOR('',#8382,1000.);
#1703=VECTOR('',#8383,1000.);
#1704=VECTOR('',#8384,1000.);
#1705=VECTOR('',#8387,1000.);
#1706=VECTOR('',#8390,1000.);
#1707=VECTOR('',#8391,1000.);
#1708=VECTOR('',#8392,1000.);
#1709=VECTOR('',#8395,1000.);
#1710=VECTOR('',#8396,1000.);
#1711=VECTOR('',#8397,1000.);
#1712=VECTOR('',#8448,1000.);
#1713=VECTOR('',#8449,1000.);
#1714=VECTOR('',#8452,1000.);
#1715=VECTOR('',#8455,1000.);
#1716=VECTOR('',#8458,1000.);
#1717=VECTOR('',#8461,1000.);
#1718=VECTOR('',#8464,1000.);
#1719=VECTOR('',#8467,1000.);
#1720=VECTOR('',#8470,1000.);
#1721=VECTOR('',#8473,1000.);
#1722=ORIENTED_EDGE('',*,*,#3526,.F.);
#1723=ORIENTED_EDGE('',*,*,#3527,.F.);
#1724=ORIENTED_EDGE('',*,*,#3528,.T.);
#1725=ORIENTED_EDGE('',*,*,#3529,.T.);
#1726=ORIENTED_EDGE('',*,*,#3530,.F.);
#1727=ORIENTED_EDGE('',*,*,#3531,.T.);
#1728=ORIENTED_EDGE('',*,*,#3532,.F.);
#1729=ORIENTED_EDGE('',*,*,#3533,.T.);
#1730=ORIENTED_EDGE('',*,*,#3534,.T.);
#1731=ORIENTED_EDGE('',*,*,#3535,.T.);
#1732=ORIENTED_EDGE('',*,*,#3536,.F.);
#1733=ORIENTED_EDGE('',*,*,#3537,.F.);
#1734=ORIENTED_EDGE('',*,*,#3538,.T.);
#1735=ORIENTED_EDGE('',*,*,#3539,.F.);
#1736=ORIENTED_EDGE('',*,*,#3540,.F.);
#1737=ORIENTED_EDGE('',*,*,#3541,.F.);
#1738=ORIENTED_EDGE('',*,*,#3542,.T.);
#1739=ORIENTED_EDGE('',*,*,#3543,.F.);
#1740=ORIENTED_EDGE('',*,*,#3544,.T.);
#1741=ORIENTED_EDGE('',*,*,#3545,.F.);
#1742=ORIENTED_EDGE('',*,*,#3546,.F.);
#1743=ORIENTED_EDGE('',*,*,#3547,.F.);
#1744=ORIENTED_EDGE('',*,*,#3548,.T.);
#1745=ORIENTED_EDGE('',*,*,#3549,.F.);
#1746=ORIENTED_EDGE('',*,*,#3550,.T.);
#1747=ORIENTED_EDGE('',*,*,#3551,.F.);
#1748=ORIENTED_EDGE('',*,*,#3552,.F.);
#1749=ORIENTED_EDGE('',*,*,#3553,.F.);
#1750=ORIENTED_EDGE('',*,*,#3554,.F.);
#1751=ORIENTED_EDGE('',*,*,#3555,.F.);
#1752=ORIENTED_EDGE('',*,*,#3556,.T.);
#1753=ORIENTED_EDGE('',*,*,#3557,.F.);
#1754=ORIENTED_EDGE('',*,*,#3558,.F.);
#1755=ORIENTED_EDGE('',*,*,#3559,.F.);
#1756=ORIENTED_EDGE('',*,*,#3560,.F.);
#1757=ORIENTED_EDGE('',*,*,#3561,.F.);
#1758=ORIENTED_EDGE('',*,*,#3562,.T.);
#1759=ORIENTED_EDGE('',*,*,#3563,.F.);
#1760=ORIENTED_EDGE('',*,*,#3564,.F.);
#1761=ORIENTED_EDGE('',*,*,#3565,.F.);
#1762=ORIENTED_EDGE('',*,*,#3566,.T.);
#1763=ORIENTED_EDGE('',*,*,#3567,.F.);
#1764=ORIENTED_EDGE('',*,*,#3568,.F.);
#1765=ORIENTED_EDGE('',*,*,#3569,.F.);
#1766=ORIENTED_EDGE('',*,*,#3570,.T.);
#1767=ORIENTED_EDGE('',*,*,#3571,.F.);
#1768=ORIENTED_EDGE('',*,*,#3572,.T.);
#1769=ORIENTED_EDGE('',*,*,#3573,.F.);
#1770=ORIENTED_EDGE('',*,*,#3574,.F.);
#1771=ORIENTED_EDGE('',*,*,#3575,.F.);
#1772=ORIENTED_EDGE('',*,*,#3576,.T.);
#1773=ORIENTED_EDGE('',*,*,#3577,.F.);
#1774=ORIENTED_EDGE('',*,*,#3578,.T.);
#1775=ORIENTED_EDGE('',*,*,#3579,.F.);
#1776=ORIENTED_EDGE('',*,*,#3580,.F.);
#1777=ORIENTED_EDGE('',*,*,#3581,.F.);
#1778=ORIENTED_EDGE('',*,*,#3582,.F.);
#1779=ORIENTED_EDGE('',*,*,#3583,.F.);
#1780=ORIENTED_EDGE('',*,*,#3584,.T.);
#1781=ORIENTED_EDGE('',*,*,#3585,.F.);
#1782=ORIENTED_EDGE('',*,*,#3586,.F.);
#1783=ORIENTED_EDGE('',*,*,#3587,.F.);
#1784=ORIENTED_EDGE('',*,*,#3588,.F.);
#1785=ORIENTED_EDGE('',*,*,#3589,.F.);
#1786=ORIENTED_EDGE('',*,*,#3590,.T.);
#1787=ORIENTED_EDGE('',*,*,#3591,.F.);
#1788=ORIENTED_EDGE('',*,*,#3592,.F.);
#1789=ORIENTED_EDGE('',*,*,#3593,.F.);
#1790=ORIENTED_EDGE('',*,*,#3594,.T.);
#1791=ORIENTED_EDGE('',*,*,#3595,.F.);
#1792=ORIENTED_EDGE('',*,*,#3596,.F.);
#1793=ORIENTED_EDGE('',*,*,#3597,.F.);
#1794=ORIENTED_EDGE('',*,*,#3598,.T.);
#1795=ORIENTED_EDGE('',*,*,#3599,.F.);
#1796=ORIENTED_EDGE('',*,*,#3600,.T.);
#1797=ORIENTED_EDGE('',*,*,#3601,.F.);
#1798=ORIENTED_EDGE('',*,*,#3602,.F.);
#1799=ORIENTED_EDGE('',*,*,#3603,.F.);
#1800=ORIENTED_EDGE('',*,*,#3604,.T.);
#1801=ORIENTED_EDGE('',*,*,#3605,.F.);
#1802=ORIENTED_EDGE('',*,*,#3606,.T.);
#1803=ORIENTED_EDGE('',*,*,#3607,.F.);
#1804=ORIENTED_EDGE('',*,*,#3608,.F.);
#1805=ORIENTED_EDGE('',*,*,#3609,.F.);
#1806=ORIENTED_EDGE('',*,*,#3610,.F.);
#1807=ORIENTED_EDGE('',*,*,#3611,.F.);
#1808=ORIENTED_EDGE('',*,*,#3612,.T.);
#1809=ORIENTED_EDGE('',*,*,#3613,.F.);
#1810=ORIENTED_EDGE('',*,*,#3614,.F.);
#1811=ORIENTED_EDGE('',*,*,#3615,.F.);
#1812=ORIENTED_EDGE('',*,*,#3616,.F.);
#1813=ORIENTED_EDGE('',*,*,#3617,.F.);
#1814=ORIENTED_EDGE('',*,*,#3618,.T.);
#1815=ORIENTED_EDGE('',*,*,#3619,.F.);
#1816=ORIENTED_EDGE('',*,*,#3620,.F.);
#1817=ORIENTED_EDGE('',*,*,#3621,.F.);
#1818=ORIENTED_EDGE('',*,*,#3622,.T.);
#1819=ORIENTED_EDGE('',*,*,#3623,.F.);
#1820=ORIENTED_EDGE('',*,*,#3624,.F.);
#1821=ORIENTED_EDGE('',*,*,#3625,.F.);
#1822=ORIENTED_EDGE('',*,*,#3626,.T.);
#1823=ORIENTED_EDGE('',*,*,#3627,.F.);
#1824=ORIENTED_EDGE('',*,*,#3628,.T.);
#1825=ORIENTED_EDGE('',*,*,#3629,.F.);
#1826=ORIENTED_EDGE('',*,*,#3630,.F.);
#1827=ORIENTED_EDGE('',*,*,#3631,.F.);
#1828=ORIENTED_EDGE('',*,*,#3632,.T.);
#1829=ORIENTED_EDGE('',*,*,#3633,.F.);
#1830=ORIENTED_EDGE('',*,*,#3634,.T.);
#1831=ORIENTED_EDGE('',*,*,#3635,.F.);
#1832=ORIENTED_EDGE('',*,*,#3636,.F.);
#1833=ORIENTED_EDGE('',*,*,#3637,.F.);
#1834=ORIENTED_EDGE('',*,*,#3638,.F.);
#1835=ORIENTED_EDGE('',*,*,#3639,.F.);
#1836=ORIENTED_EDGE('',*,*,#3640,.T.);
#1837=ORIENTED_EDGE('',*,*,#3641,.F.);
#1838=ORIENTED_EDGE('',*,*,#3642,.F.);
#1839=ORIENTED_EDGE('',*,*,#3643,.F.);
#1840=ORIENTED_EDGE('',*,*,#3644,.F.);
#1841=ORIENTED_EDGE('',*,*,#3645,.F.);
#1842=ORIENTED_EDGE('',*,*,#3646,.T.);
#1843=ORIENTED_EDGE('',*,*,#3647,.F.);
#1844=ORIENTED_EDGE('',*,*,#3648,.F.);
#1845=ORIENTED_EDGE('',*,*,#3649,.F.);
#1846=ORIENTED_EDGE('',*,*,#3650,.T.);
#1847=ORIENTED_EDGE('',*,*,#3651,.F.);
#1848=ORIENTED_EDGE('',*,*,#3652,.F.);
#1849=ORIENTED_EDGE('',*,*,#3653,.F.);
#1850=ORIENTED_EDGE('',*,*,#3654,.T.);
#1851=ORIENTED_EDGE('',*,*,#3655,.F.);
#1852=ORIENTED_EDGE('',*,*,#3656,.T.);
#1853=ORIENTED_EDGE('',*,*,#3657,.F.);
#1854=ORIENTED_EDGE('',*,*,#3658,.F.);
#1855=ORIENTED_EDGE('',*,*,#3659,.F.);
#1856=ORIENTED_EDGE('',*,*,#3660,.T.);
#1857=ORIENTED_EDGE('',*,*,#3661,.F.);
#1858=ORIENTED_EDGE('',*,*,#3662,.T.);
#1859=ORIENTED_EDGE('',*,*,#3663,.F.);
#1860=ORIENTED_EDGE('',*,*,#3664,.F.);
#1861=ORIENTED_EDGE('',*,*,#3665,.F.);
#1862=ORIENTED_EDGE('',*,*,#3666,.F.);
#1863=ORIENTED_EDGE('',*,*,#3667,.F.);
#1864=ORIENTED_EDGE('',*,*,#3668,.T.);
#1865=ORIENTED_EDGE('',*,*,#3669,.F.);
#1866=ORIENTED_EDGE('',*,*,#3670,.F.);
#1867=ORIENTED_EDGE('',*,*,#3671,.F.);
#1868=ORIENTED_EDGE('',*,*,#3672,.F.);
#1869=ORIENTED_EDGE('',*,*,#3673,.F.);
#1870=ORIENTED_EDGE('',*,*,#3674,.T.);
#1871=ORIENTED_EDGE('',*,*,#3675,.F.);
#1872=ORIENTED_EDGE('',*,*,#3676,.F.);
#1873=ORIENTED_EDGE('',*,*,#3677,.F.);
#1874=ORIENTED_EDGE('',*,*,#3678,.T.);
#1875=ORIENTED_EDGE('',*,*,#3679,.T.);
#1876=ORIENTED_EDGE('',*,*,#3680,.F.);
#1877=ORIENTED_EDGE('',*,*,#3681,.F.);
#1878=ORIENTED_EDGE('',*,*,#3682,.T.);
#1879=ORIENTED_EDGE('',*,*,#3683,.T.);
#1880=ORIENTED_EDGE('',*,*,#3684,.T.);
#1881=ORIENTED_EDGE('',*,*,#3685,.T.);
#1882=ORIENTED_EDGE('',*,*,#3686,.T.);
#1883=ORIENTED_EDGE('',*,*,#3687,.T.);
#1884=ORIENTED_EDGE('',*,*,#3688,.T.);
#1885=ORIENTED_EDGE('',*,*,#3689,.T.);
#1886=ORIENTED_EDGE('',*,*,#3690,.T.);
#1887=ORIENTED_EDGE('',*,*,#3691,.T.);
#1888=ORIENTED_EDGE('',*,*,#3692,.F.);
#1889=ORIENTED_EDGE('',*,*,#3693,.T.);
#1890=ORIENTED_EDGE('',*,*,#3694,.F.);
#1891=ORIENTED_EDGE('',*,*,#3695,.F.);
#1892=ORIENTED_EDGE('',*,*,#3696,.F.);
#1893=ORIENTED_EDGE('',*,*,#3697,.F.);
#1894=ORIENTED_EDGE('',*,*,#3698,.F.);
#1895=ORIENTED_EDGE('',*,*,#3699,.F.);
#1896=ORIENTED_EDGE('',*,*,#3700,.F.);
#1897=ORIENTED_EDGE('',*,*,#3701,.F.);
#1898=ORIENTED_EDGE('',*,*,#3702,.F.);
#1899=ORIENTED_EDGE('',*,*,#3703,.F.);
#1900=ORIENTED_EDGE('',*,*,#3704,.F.);
#1901=ORIENTED_EDGE('',*,*,#3705,.F.);
#1902=ORIENTED_EDGE('',*,*,#3706,.F.);
#1903=ORIENTED_EDGE('',*,*,#3707,.F.);
#1904=ORIENTED_EDGE('',*,*,#3708,.F.);
#1905=ORIENTED_EDGE('',*,*,#3709,.T.);
#1906=ORIENTED_EDGE('',*,*,#3710,.F.);
#1907=ORIENTED_EDGE('',*,*,#3711,.F.);
#1908=ORIENTED_EDGE('',*,*,#3712,.F.);
#1909=ORIENTED_EDGE('',*,*,#3713,.F.);
#1910=ORIENTED_EDGE('',*,*,#3714,.F.);
#1911=ORIENTED_EDGE('',*,*,#3715,.T.);
#1912=ORIENTED_EDGE('',*,*,#3716,.F.);
#1913=ORIENTED_EDGE('',*,*,#3717,.F.);
#1914=ORIENTED_EDGE('',*,*,#3718,.F.);
#1915=ORIENTED_EDGE('',*,*,#3719,.F.);
#1916=ORIENTED_EDGE('',*,*,#3720,.F.);
#1917=ORIENTED_EDGE('',*,*,#3721,.T.);
#1918=ORIENTED_EDGE('',*,*,#3722,.F.);
#1919=ORIENTED_EDGE('',*,*,#3723,.F.);
#1920=ORIENTED_EDGE('',*,*,#3724,.F.);
#1921=ORIENTED_EDGE('',*,*,#3725,.F.);
#1922=ORIENTED_EDGE('',*,*,#3726,.F.);
#1923=ORIENTED_EDGE('',*,*,#3727,.F.);
#1924=ORIENTED_EDGE('',*,*,#3728,.F.);
#1925=ORIENTED_EDGE('',*,*,#3729,.F.);
#1926=ORIENTED_EDGE('',*,*,#3730,.F.);
#1927=ORIENTED_EDGE('',*,*,#3731,.F.);
#1928=ORIENTED_EDGE('',*,*,#3732,.F.);
#1929=ORIENTED_EDGE('',*,*,#3733,.F.);
#1930=ORIENTED_EDGE('',*,*,#3734,.F.);
#1931=ORIENTED_EDGE('',*,*,#3735,.F.);
#1932=ORIENTED_EDGE('',*,*,#3736,.F.);
#1933=ORIENTED_EDGE('',*,*,#3737,.T.);
#1934=ORIENTED_EDGE('',*,*,#3738,.F.);
#1935=ORIENTED_EDGE('',*,*,#3739,.F.);
#1936=ORIENTED_EDGE('',*,*,#3740,.F.);
#1937=ORIENTED_EDGE('',*,*,#3741,.F.);
#1938=ORIENTED_EDGE('',*,*,#3742,.F.);
#1939=ORIENTED_EDGE('',*,*,#3743,.T.);
#1940=ORIENTED_EDGE('',*,*,#3744,.F.);
#1941=ORIENTED_EDGE('',*,*,#3745,.F.);
#1942=ORIENTED_EDGE('',*,*,#3746,.F.);
#1943=ORIENTED_EDGE('',*,*,#3747,.F.);
#1944=ORIENTED_EDGE('',*,*,#3748,.F.);
#1945=ORIENTED_EDGE('',*,*,#3749,.T.);
#1946=ORIENTED_EDGE('',*,*,#3750,.F.);
#1947=ORIENTED_EDGE('',*,*,#3751,.F.);
#1948=ORIENTED_EDGE('',*,*,#3752,.F.);
#1949=ORIENTED_EDGE('',*,*,#3753,.F.);
#1950=ORIENTED_EDGE('',*,*,#3754,.F.);
#1951=ORIENTED_EDGE('',*,*,#3755,.F.);
#1952=ORIENTED_EDGE('',*,*,#3756,.F.);
#1953=ORIENTED_EDGE('',*,*,#3757,.F.);
#1954=ORIENTED_EDGE('',*,*,#3758,.F.);
#1955=ORIENTED_EDGE('',*,*,#3759,.F.);
#1956=ORIENTED_EDGE('',*,*,#3760,.F.);
#1957=ORIENTED_EDGE('',*,*,#3761,.F.);
#1958=ORIENTED_EDGE('',*,*,#3762,.F.);
#1959=ORIENTED_EDGE('',*,*,#3763,.F.);
#1960=ORIENTED_EDGE('',*,*,#3764,.F.);
#1961=ORIENTED_EDGE('',*,*,#3765,.T.);
#1962=ORIENTED_EDGE('',*,*,#3766,.F.);
#1963=ORIENTED_EDGE('',*,*,#3767,.F.);
#1964=ORIENTED_EDGE('',*,*,#3768,.F.);
#1965=ORIENTED_EDGE('',*,*,#3769,.F.);
#1966=ORIENTED_EDGE('',*,*,#3770,.F.);
#1967=ORIENTED_EDGE('',*,*,#3771,.T.);
#1968=ORIENTED_EDGE('',*,*,#3772,.F.);
#1969=ORIENTED_EDGE('',*,*,#3773,.F.);
#1970=ORIENTED_EDGE('',*,*,#3774,.F.);
#1971=ORIENTED_EDGE('',*,*,#3775,.F.);
#1972=ORIENTED_EDGE('',*,*,#3776,.F.);
#1973=ORIENTED_EDGE('',*,*,#3777,.T.);
#1974=ORIENTED_EDGE('',*,*,#3778,.F.);
#1975=ORIENTED_EDGE('',*,*,#3779,.F.);
#1976=ORIENTED_EDGE('',*,*,#3780,.F.);
#1977=ORIENTED_EDGE('',*,*,#3781,.F.);
#1978=ORIENTED_EDGE('',*,*,#3782,.F.);
#1979=ORIENTED_EDGE('',*,*,#3783,.F.);
#1980=ORIENTED_EDGE('',*,*,#3784,.F.);
#1981=ORIENTED_EDGE('',*,*,#3785,.F.);
#1982=ORIENTED_EDGE('',*,*,#3786,.F.);
#1983=ORIENTED_EDGE('',*,*,#3787,.F.);
#1984=ORIENTED_EDGE('',*,*,#3788,.F.);
#1985=ORIENTED_EDGE('',*,*,#3789,.F.);
#1986=ORIENTED_EDGE('',*,*,#3790,.F.);
#1987=ORIENTED_EDGE('',*,*,#3791,.F.);
#1988=ORIENTED_EDGE('',*,*,#3792,.F.);
#1989=ORIENTED_EDGE('',*,*,#3793,.T.);
#1990=ORIENTED_EDGE('',*,*,#3794,.F.);
#1991=ORIENTED_EDGE('',*,*,#3795,.F.);
#1992=ORIENTED_EDGE('',*,*,#3796,.F.);
#1993=ORIENTED_EDGE('',*,*,#3797,.F.);
#1994=ORIENTED_EDGE('',*,*,#3798,.F.);
#1995=ORIENTED_EDGE('',*,*,#3799,.T.);
#1996=ORIENTED_EDGE('',*,*,#3800,.F.);
#1997=ORIENTED_EDGE('',*,*,#3801,.F.);
#1998=ORIENTED_EDGE('',*,*,#3802,.F.);
#1999=ORIENTED_EDGE('',*,*,#3803,.F.);
#2000=ORIENTED_EDGE('',*,*,#3804,.F.);
#2001=ORIENTED_EDGE('',*,*,#3805,.T.);
#2002=ORIENTED_EDGE('',*,*,#3806,.F.);
#2003=ORIENTED_EDGE('',*,*,#3807,.F.);
#2004=ORIENTED_EDGE('',*,*,#3808,.F.);
#2005=ORIENTED_EDGE('',*,*,#3809,.F.);
#2006=ORIENTED_EDGE('',*,*,#3810,.F.);
#2007=ORIENTED_EDGE('',*,*,#3811,.F.);
#2008=ORIENTED_EDGE('',*,*,#3812,.F.);
#2009=ORIENTED_EDGE('',*,*,#3813,.F.);
#2010=ORIENTED_EDGE('',*,*,#3814,.F.);
#2011=ORIENTED_EDGE('',*,*,#3815,.F.);
#2012=ORIENTED_EDGE('',*,*,#3816,.F.);
#2013=ORIENTED_EDGE('',*,*,#3817,.F.);
#2014=ORIENTED_EDGE('',*,*,#3818,.F.);
#2015=ORIENTED_EDGE('',*,*,#3819,.F.);
#2016=ORIENTED_EDGE('',*,*,#3820,.F.);
#2017=ORIENTED_EDGE('',*,*,#3821,.T.);
#2018=ORIENTED_EDGE('',*,*,#3822,.F.);
#2019=ORIENTED_EDGE('',*,*,#3823,.F.);
#2020=ORIENTED_EDGE('',*,*,#3824,.F.);
#2021=ORIENTED_EDGE('',*,*,#3825,.F.);
#2022=ORIENTED_EDGE('',*,*,#3826,.F.);
#2023=ORIENTED_EDGE('',*,*,#3827,.T.);
#2024=ORIENTED_EDGE('',*,*,#3828,.F.);
#2025=ORIENTED_EDGE('',*,*,#3829,.F.);
#2026=ORIENTED_EDGE('',*,*,#3830,.F.);
#2027=ORIENTED_EDGE('',*,*,#3831,.F.);
#2028=ORIENTED_EDGE('',*,*,#3832,.F.);
#2029=ORIENTED_EDGE('',*,*,#3808,.T.);
#2030=ORIENTED_EDGE('',*,*,#3833,.T.);
#2031=ORIENTED_EDGE('',*,*,#3563,.T.);
#2032=ORIENTED_EDGE('',*,*,#3834,.F.);
#2033=ORIENTED_EDGE('',*,*,#3814,.T.);
#2034=ORIENTED_EDGE('',*,*,#3835,.T.);
#2035=ORIENTED_EDGE('',*,*,#3557,.T.);
#2036=ORIENTED_EDGE('',*,*,#3836,.F.);
#2037=ORIENTED_EDGE('',*,*,#3822,.T.);
#2038=ORIENTED_EDGE('',*,*,#3837,.T.);
#2039=ORIENTED_EDGE('',*,*,#3549,.T.);
#2040=ORIENTED_EDGE('',*,*,#3838,.F.);
#2041=ORIENTED_EDGE('',*,*,#3828,.T.);
#2042=ORIENTED_EDGE('',*,*,#3839,.T.);
#2043=ORIENTED_EDGE('',*,*,#3543,.T.);
#2044=ORIENTED_EDGE('',*,*,#3840,.F.);
#2045=ORIENTED_EDGE('',*,*,#3780,.T.);
#2046=ORIENTED_EDGE('',*,*,#3841,.T.);
#2047=ORIENTED_EDGE('',*,*,#3591,.T.);
#2048=ORIENTED_EDGE('',*,*,#3842,.F.);
#2049=ORIENTED_EDGE('',*,*,#3786,.T.);
#2050=ORIENTED_EDGE('',*,*,#3843,.T.);
#2051=ORIENTED_EDGE('',*,*,#3585,.T.);
#2052=ORIENTED_EDGE('',*,*,#3844,.F.);
#2053=ORIENTED_EDGE('',*,*,#3794,.T.);
#2054=ORIENTED_EDGE('',*,*,#3845,.T.);
#2055=ORIENTED_EDGE('',*,*,#3577,.T.);
#2056=ORIENTED_EDGE('',*,*,#3846,.F.);
#2057=ORIENTED_EDGE('',*,*,#3800,.T.);
#2058=ORIENTED_EDGE('',*,*,#3847,.T.);
#2059=ORIENTED_EDGE('',*,*,#3571,.T.);
#2060=ORIENTED_EDGE('',*,*,#3848,.F.);
#2061=ORIENTED_EDGE('',*,*,#3752,.T.);
#2062=ORIENTED_EDGE('',*,*,#3849,.T.);
#2063=ORIENTED_EDGE('',*,*,#3619,.T.);
#2064=ORIENTED_EDGE('',*,*,#3850,.F.);
#2065=ORIENTED_EDGE('',*,*,#3758,.T.);
#2066=ORIENTED_EDGE('',*,*,#3851,.T.);
#2067=ORIENTED_EDGE('',*,*,#3613,.T.);
#2068=ORIENTED_EDGE('',*,*,#3852,.F.);
#2069=ORIENTED_EDGE('',*,*,#3766,.T.);
#2070=ORIENTED_EDGE('',*,*,#3853,.T.);
#2071=ORIENTED_EDGE('',*,*,#3605,.T.);
#2072=ORIENTED_EDGE('',*,*,#3854,.F.);
#2073=ORIENTED_EDGE('',*,*,#3772,.T.);
#2074=ORIENTED_EDGE('',*,*,#3855,.T.);
#2075=ORIENTED_EDGE('',*,*,#3599,.T.);
#2076=ORIENTED_EDGE('',*,*,#3856,.F.);
#2077=ORIENTED_EDGE('',*,*,#3724,.T.);
#2078=ORIENTED_EDGE('',*,*,#3857,.T.);
#2079=ORIENTED_EDGE('',*,*,#3647,.T.);
#2080=ORIENTED_EDGE('',*,*,#3858,.F.);
#2081=ORIENTED_EDGE('',*,*,#3730,.T.);
#2082=ORIENTED_EDGE('',*,*,#3859,.T.);
#2083=ORIENTED_EDGE('',*,*,#3641,.T.);
#2084=ORIENTED_EDGE('',*,*,#3860,.F.);
#2085=ORIENTED_EDGE('',*,*,#3738,.T.);
#2086=ORIENTED_EDGE('',*,*,#3861,.T.);
#2087=ORIENTED_EDGE('',*,*,#3633,.T.);
#2088=ORIENTED_EDGE('',*,*,#3862,.F.);
#2089=ORIENTED_EDGE('',*,*,#3744,.T.);
#2090=ORIENTED_EDGE('',*,*,#3863,.T.);
#2091=ORIENTED_EDGE('',*,*,#3627,.T.);
#2092=ORIENTED_EDGE('',*,*,#3864,.F.);
#2093=ORIENTED_EDGE('',*,*,#3696,.T.);
#2094=ORIENTED_EDGE('',*,*,#3865,.T.);
#2095=ORIENTED_EDGE('',*,*,#3675,.T.);
#2096=ORIENTED_EDGE('',*,*,#3866,.F.);
#2097=ORIENTED_EDGE('',*,*,#3702,.T.);
#2098=ORIENTED_EDGE('',*,*,#3867,.T.);
#2099=ORIENTED_EDGE('',*,*,#3669,.T.);
#2100=ORIENTED_EDGE('',*,*,#3868,.F.);
#2101=ORIENTED_EDGE('',*,*,#3710,.T.);
#2102=ORIENTED_EDGE('',*,*,#3869,.T.);
#2103=ORIENTED_EDGE('',*,*,#3661,.T.);
#2104=ORIENTED_EDGE('',*,*,#3870,.F.);
#2105=ORIENTED_EDGE('',*,*,#3716,.T.);
#2106=ORIENTED_EDGE('',*,*,#3871,.T.);
#2107=ORIENTED_EDGE('',*,*,#3655,.T.);
#2108=ORIENTED_EDGE('',*,*,#3872,.T.);
#2109=ORIENTED_EDGE('',*,*,#3873,.F.);
#2110=ORIENTED_EDGE('',*,*,#3874,.F.);
#2111=ORIENTED_EDGE('',*,*,#3536,.T.);
#2112=ORIENTED_EDGE('',*,*,#3872,.F.);
#2113=ORIENTED_EDGE('',*,*,#3874,.T.);
#2114=ORIENTED_EDGE('',*,*,#3875,.T.);
#2115=ORIENTED_EDGE('',*,*,#3876,.F.);
#2116=ORIENTED_EDGE('',*,*,#3877,.F.);
#2117=ORIENTED_EDGE('',*,*,#3537,.T.);
#2118=ORIENTED_EDGE('',*,*,#3875,.F.);
#2119=ORIENTED_EDGE('',*,*,#3877,.T.);
#2120=ORIENTED_EDGE('',*,*,#3876,.T.);
#2121=ORIENTED_EDGE('',*,*,#3873,.T.);
#2122=ORIENTED_EDGE('',*,*,#3804,.T.);
#2123=ORIENTED_EDGE('',*,*,#3878,.T.);
#2124=ORIENTED_EDGE('',*,*,#3539,.T.);
#2125=ORIENTED_EDGE('',*,*,#3879,.F.);
#2126=ORIENTED_EDGE('',*,*,#3879,.T.);
#2127=ORIENTED_EDGE('',*,*,#3538,.F.);
#2128=ORIENTED_EDGE('',*,*,#3880,.F.);
#2129=ORIENTED_EDGE('',*,*,#3805,.F.);
#2130=ORIENTED_EDGE('',*,*,#3806,.T.);
#2131=ORIENTED_EDGE('',*,*,#3880,.T.);
#2132=ORIENTED_EDGE('',*,*,#3565,.T.);
#2133=ORIENTED_EDGE('',*,*,#3881,.F.);
#2134=ORIENTED_EDGE('',*,*,#3807,.T.);
#2135=ORIENTED_EDGE('',*,*,#3881,.T.);
#2136=ORIENTED_EDGE('',*,*,#3564,.T.);
#2137=ORIENTED_EDGE('',*,*,#3833,.F.);
#2138=ORIENTED_EDGE('',*,*,#3812,.T.);
#2139=ORIENTED_EDGE('',*,*,#3882,.T.);
#2140=ORIENTED_EDGE('',*,*,#3559,.T.);
#2141=ORIENTED_EDGE('',*,*,#3883,.F.);
#2142=ORIENTED_EDGE('',*,*,#3813,.T.);
#2143=ORIENTED_EDGE('',*,*,#3883,.T.);
#2144=ORIENTED_EDGE('',*,*,#3558,.T.);
#2145=ORIENTED_EDGE('',*,*,#3835,.F.);
#2146=ORIENTED_EDGE('',*,*,#3818,.T.);
#2147=ORIENTED_EDGE('',*,*,#3884,.T.);
#2148=ORIENTED_EDGE('',*,*,#3553,.T.);
#2149=ORIENTED_EDGE('',*,*,#3885,.F.);
#2150=ORIENTED_EDGE('',*,*,#3819,.T.);
#2151=ORIENTED_EDGE('',*,*,#3885,.T.);
#2152=ORIENTED_EDGE('',*,*,#3552,.T.);
#2153=ORIENTED_EDGE('',*,*,#3886,.F.);
#2154=ORIENTED_EDGE('',*,*,#3820,.T.);
#2155=ORIENTED_EDGE('',*,*,#3886,.T.);
#2156=ORIENTED_EDGE('',*,*,#3551,.T.);
#2157=ORIENTED_EDGE('',*,*,#3887,.F.);
#2158=ORIENTED_EDGE('',*,*,#3887,.T.);
#2159=ORIENTED_EDGE('',*,*,#3550,.F.);
#2160=ORIENTED_EDGE('',*,*,#3837,.F.);
#2161=ORIENTED_EDGE('',*,*,#3821,.F.);
#2162=ORIENTED_EDGE('',*,*,#3826,.T.);
#2163=ORIENTED_EDGE('',*,*,#3888,.T.);
#2164=ORIENTED_EDGE('',*,*,#3545,.T.);
#2165=ORIENTED_EDGE('',*,*,#3889,.F.);
#2166=ORIENTED_EDGE('',*,*,#3889,.T.);
#2167=ORIENTED_EDGE('',*,*,#3544,.F.);
#2168=ORIENTED_EDGE('',*,*,#3839,.F.);
#2169=ORIENTED_EDGE('',*,*,#3827,.F.);
#2170=ORIENTED_EDGE('',*,*,#3776,.T.);
#2171=ORIENTED_EDGE('',*,*,#3890,.T.);
#2172=ORIENTED_EDGE('',*,*,#3567,.T.);
#2173=ORIENTED_EDGE('',*,*,#3891,.F.);
#2174=ORIENTED_EDGE('',*,*,#3891,.T.);
#2175=ORIENTED_EDGE('',*,*,#3566,.F.);
#2176=ORIENTED_EDGE('',*,*,#3892,.F.);
#2177=ORIENTED_EDGE('',*,*,#3777,.F.);
#2178=ORIENTED_EDGE('',*,*,#3778,.T.);
#2179=ORIENTED_EDGE('',*,*,#3892,.T.);
#2180=ORIENTED_EDGE('',*,*,#3593,.T.);
#2181=ORIENTED_EDGE('',*,*,#3893,.F.);
#2182=ORIENTED_EDGE('',*,*,#3779,.T.);
#2183=ORIENTED_EDGE('',*,*,#3893,.T.);
#2184=ORIENTED_EDGE('',*,*,#3592,.T.);
#2185=ORIENTED_EDGE('',*,*,#3841,.F.);
#2186=ORIENTED_EDGE('',*,*,#3784,.T.);
#2187=ORIENTED_EDGE('',*,*,#3894,.T.);
#2188=ORIENTED_EDGE('',*,*,#3587,.T.);
#2189=ORIENTED_EDGE('',*,*,#3895,.F.);
#2190=ORIENTED_EDGE('',*,*,#3785,.T.);
#2191=ORIENTED_EDGE('',*,*,#3895,.T.);
#2192=ORIENTED_EDGE('',*,*,#3586,.T.);
#2193=ORIENTED_EDGE('',*,*,#3843,.F.);
#2194=ORIENTED_EDGE('',*,*,#3790,.T.);
#2195=ORIENTED_EDGE('',*,*,#3896,.T.);
#2196=ORIENTED_EDGE('',*,*,#3581,.T.);
#2197=ORIENTED_EDGE('',*,*,#3897,.F.);
#2198=ORIENTED_EDGE('',*,*,#3791,.T.);
#2199=ORIENTED_EDGE('',*,*,#3897,.T.);
#2200=ORIENTED_EDGE('',*,*,#3580,.T.);
#2201=ORIENTED_EDGE('',*,*,#3898,.F.);
#2202=ORIENTED_EDGE('',*,*,#3792,.T.);
#2203=ORIENTED_EDGE('',*,*,#3898,.T.);
#2204=ORIENTED_EDGE('',*,*,#3579,.T.);
#2205=ORIENTED_EDGE('',*,*,#3899,.F.);
#2206=ORIENTED_EDGE('',*,*,#3899,.T.);
#2207=ORIENTED_EDGE('',*,*,#3578,.F.);
#2208=ORIENTED_EDGE('',*,*,#3845,.F.);
#2209=ORIENTED_EDGE('',*,*,#3793,.F.);
#2210=ORIENTED_EDGE('',*,*,#3798,.T.);
#2211=ORIENTED_EDGE('',*,*,#3900,.T.);
#2212=ORIENTED_EDGE('',*,*,#3573,.T.);
#2213=ORIENTED_EDGE('',*,*,#3901,.F.);
#2214=ORIENTED_EDGE('',*,*,#3901,.T.);
#2215=ORIENTED_EDGE('',*,*,#3572,.F.);
#2216=ORIENTED_EDGE('',*,*,#3847,.F.);
#2217=ORIENTED_EDGE('',*,*,#3799,.F.);
#2218=ORIENTED_EDGE('',*,*,#3748,.T.);
#2219=ORIENTED_EDGE('',*,*,#3902,.T.);
#2220=ORIENTED_EDGE('',*,*,#3595,.T.);
#2221=ORIENTED_EDGE('',*,*,#3903,.F.);
#2222=ORIENTED_EDGE('',*,*,#3903,.T.);
#2223=ORIENTED_EDGE('',*,*,#3594,.F.);
#2224=ORIENTED_EDGE('',*,*,#3904,.F.);
#2225=ORIENTED_EDGE('',*,*,#3749,.F.);
#2226=ORIENTED_EDGE('',*,*,#3750,.T.);
#2227=ORIENTED_EDGE('',*,*,#3904,.T.);
#2228=ORIENTED_EDGE('',*,*,#3621,.T.);
#2229=ORIENTED_EDGE('',*,*,#3905,.F.);
#2230=ORIENTED_EDGE('',*,*,#3751,.T.);
#2231=ORIENTED_EDGE('',*,*,#3905,.T.);
#2232=ORIENTED_EDGE('',*,*,#3620,.T.);
#2233=ORIENTED_EDGE('',*,*,#3849,.F.);
#2234=ORIENTED_EDGE('',*,*,#3756,.T.);
#2235=ORIENTED_EDGE('',*,*,#3906,.T.);
#2236=ORIENTED_EDGE('',*,*,#3615,.T.);
#2237=ORIENTED_EDGE('',*,*,#3907,.F.);
#2238=ORIENTED_EDGE('',*,*,#3757,.T.);
#2239=ORIENTED_EDGE('',*,*,#3907,.T.);
#2240=ORIENTED_EDGE('',*,*,#3614,.T.);
#2241=ORIENTED_EDGE('',*,*,#3851,.F.);
#2242=ORIENTED_EDGE('',*,*,#3762,.T.);
#2243=ORIENTED_EDGE('',*,*,#3908,.T.);
#2244=ORIENTED_EDGE('',*,*,#3609,.T.);
#2245=ORIENTED_EDGE('',*,*,#3909,.F.);
#2246=ORIENTED_EDGE('',*,*,#3763,.T.);
#2247=ORIENTED_EDGE('',*,*,#3909,.T.);
#2248=ORIENTED_EDGE('',*,*,#3608,.T.);
#2249=ORIENTED_EDGE('',*,*,#3910,.F.);
#2250=ORIENTED_EDGE('',*,*,#3764,.T.);
#2251=ORIENTED_EDGE('',*,*,#3910,.T.);
#2252=ORIENTED_EDGE('',*,*,#3607,.T.);
#2253=ORIENTED_EDGE('',*,*,#3911,.F.);
#2254=ORIENTED_EDGE('',*,*,#3911,.T.);
#2255=ORIENTED_EDGE('',*,*,#3606,.F.);
#2256=ORIENTED_EDGE('',*,*,#3853,.F.);
#2257=ORIENTED_EDGE('',*,*,#3765,.F.);
#2258=ORIENTED_EDGE('',*,*,#3770,.T.);
#2259=ORIENTED_EDGE('',*,*,#3912,.T.);
#2260=ORIENTED_EDGE('',*,*,#3601,.T.);
#2261=ORIENTED_EDGE('',*,*,#3913,.F.);
#2262=ORIENTED_EDGE('',*,*,#3913,.T.);
#2263=ORIENTED_EDGE('',*,*,#3600,.F.);
#2264=ORIENTED_EDGE('',*,*,#3855,.F.);
#2265=ORIENTED_EDGE('',*,*,#3771,.F.);
#2266=ORIENTED_EDGE('',*,*,#3720,.T.);
#2267=ORIENTED_EDGE('',*,*,#3914,.T.);
#2268=ORIENTED_EDGE('',*,*,#3623,.T.);
#2269=ORIENTED_EDGE('',*,*,#3915,.F.);
#2270=ORIENTED_EDGE('',*,*,#3915,.T.);
#2271=ORIENTED_EDGE('',*,*,#3622,.F.);
#2272=ORIENTED_EDGE('',*,*,#3916,.F.);
#2273=ORIENTED_EDGE('',*,*,#3721,.F.);
#2274=ORIENTED_EDGE('',*,*,#3722,.T.);
#2275=ORIENTED_EDGE('',*,*,#3916,.T.);
#2276=ORIENTED_EDGE('',*,*,#3649,.T.);
#2277=ORIENTED_EDGE('',*,*,#3917,.F.);
#2278=ORIENTED_EDGE('',*,*,#3723,.T.);
#2279=ORIENTED_EDGE('',*,*,#3917,.T.);
#2280=ORIENTED_EDGE('',*,*,#3648,.T.);
#2281=ORIENTED_EDGE('',*,*,#3857,.F.);
#2282=ORIENTED_EDGE('',*,*,#3728,.T.);
#2283=ORIENTED_EDGE('',*,*,#3918,.T.);
#2284=ORIENTED_EDGE('',*,*,#3643,.T.);
#2285=ORIENTED_EDGE('',*,*,#3919,.F.);
#2286=ORIENTED_EDGE('',*,*,#3729,.T.);
#2287=ORIENTED_EDGE('',*,*,#3919,.T.);
#2288=ORIENTED_EDGE('',*,*,#3642,.T.);
#2289=ORIENTED_EDGE('',*,*,#3859,.F.);
#2290=ORIENTED_EDGE('',*,*,#3734,.T.);
#2291=ORIENTED_EDGE('',*,*,#3920,.T.);
#2292=ORIENTED_EDGE('',*,*,#3637,.T.);
#2293=ORIENTED_EDGE('',*,*,#3921,.F.);
#2294=ORIENTED_EDGE('',*,*,#3735,.T.);
#2295=ORIENTED_EDGE('',*,*,#3921,.T.);
#2296=ORIENTED_EDGE('',*,*,#3636,.T.);
#2297=ORIENTED_EDGE('',*,*,#3922,.F.);
#2298=ORIENTED_EDGE('',*,*,#3736,.T.);
#2299=ORIENTED_EDGE('',*,*,#3922,.T.);
#2300=ORIENTED_EDGE('',*,*,#3635,.T.);
#2301=ORIENTED_EDGE('',*,*,#3923,.F.);
#2302=ORIENTED_EDGE('',*,*,#3923,.T.);
#2303=ORIENTED_EDGE('',*,*,#3634,.F.);
#2304=ORIENTED_EDGE('',*,*,#3861,.F.);
#2305=ORIENTED_EDGE('',*,*,#3737,.F.);
#2306=ORIENTED_EDGE('',*,*,#3742,.T.);
#2307=ORIENTED_EDGE('',*,*,#3924,.T.);
#2308=ORIENTED_EDGE('',*,*,#3629,.T.);
#2309=ORIENTED_EDGE('',*,*,#3925,.F.);
#2310=ORIENTED_EDGE('',*,*,#3925,.T.);
#2311=ORIENTED_EDGE('',*,*,#3628,.F.);
#2312=ORIENTED_EDGE('',*,*,#3863,.F.);
#2313=ORIENTED_EDGE('',*,*,#3743,.F.);
#2314=ORIENTED_EDGE('',*,*,#3692,.T.);
#2315=ORIENTED_EDGE('',*,*,#3926,.T.);
#2316=ORIENTED_EDGE('',*,*,#3651,.T.);
#2317=ORIENTED_EDGE('',*,*,#3927,.F.);
#2318=ORIENTED_EDGE('',*,*,#3927,.T.);
#2319=ORIENTED_EDGE('',*,*,#3650,.F.);
#2320=ORIENTED_EDGE('',*,*,#3928,.F.);
#2321=ORIENTED_EDGE('',*,*,#3693,.F.);
#2322=ORIENTED_EDGE('',*,*,#3694,.T.);
#2323=ORIENTED_EDGE('',*,*,#3928,.T.);
#2324=ORIENTED_EDGE('',*,*,#3677,.T.);
#2325=ORIENTED_EDGE('',*,*,#3929,.F.);
#2326=ORIENTED_EDGE('',*,*,#3695,.T.);
#2327=ORIENTED_EDGE('',*,*,#3929,.T.);
#2328=ORIENTED_EDGE('',*,*,#3676,.T.);
#2329=ORIENTED_EDGE('',*,*,#3865,.F.);
#2330=ORIENTED_EDGE('',*,*,#3700,.T.);
#2331=ORIENTED_EDGE('',*,*,#3930,.T.);
#2332=ORIENTED_EDGE('',*,*,#3671,.T.);
#2333=ORIENTED_EDGE('',*,*,#3931,.F.);
#2334=ORIENTED_EDGE('',*,*,#3701,.T.);
#2335=ORIENTED_EDGE('',*,*,#3931,.T.);
#2336=ORIENTED_EDGE('',*,*,#3670,.T.);
#2337=ORIENTED_EDGE('',*,*,#3867,.F.);
#2338=ORIENTED_EDGE('',*,*,#3706,.T.);
#2339=ORIENTED_EDGE('',*,*,#3932,.T.);
#2340=ORIENTED_EDGE('',*,*,#3665,.T.);
#2341=ORIENTED_EDGE('',*,*,#3933,.F.);
#2342=ORIENTED_EDGE('',*,*,#3707,.T.);
#2343=ORIENTED_EDGE('',*,*,#3933,.T.);
#2344=ORIENTED_EDGE('',*,*,#3664,.T.);
#2345=ORIENTED_EDGE('',*,*,#3934,.F.);
#2346=ORIENTED_EDGE('',*,*,#3708,.T.);
#2347=ORIENTED_EDGE('',*,*,#3934,.T.);
#2348=ORIENTED_EDGE('',*,*,#3663,.T.);
#2349=ORIENTED_EDGE('',*,*,#3935,.F.);
#2350=ORIENTED_EDGE('',*,*,#3935,.T.);
#2351=ORIENTED_EDGE('',*,*,#3662,.F.);
#2352=ORIENTED_EDGE('',*,*,#3869,.F.);
#2353=ORIENTED_EDGE('',*,*,#3709,.F.);
#2354=ORIENTED_EDGE('',*,*,#3714,.T.);
#2355=ORIENTED_EDGE('',*,*,#3936,.T.);
#2356=ORIENTED_EDGE('',*,*,#3657,.T.);
#2357=ORIENTED_EDGE('',*,*,#3937,.F.);
#2358=ORIENTED_EDGE('',*,*,#3937,.T.);
#2359=ORIENTED_EDGE('',*,*,#3656,.F.);
#2360=ORIENTED_EDGE('',*,*,#3871,.F.);
#2361=ORIENTED_EDGE('',*,*,#3715,.F.);
#2362=ORIENTED_EDGE('',*,*,#3938,.T.);
#2363=ORIENTED_EDGE('',*,*,#3810,.T.);
#2364=ORIENTED_EDGE('',*,*,#3939,.F.);
#2365=ORIENTED_EDGE('',*,*,#3940,.T.);
#2366=ORIENTED_EDGE('',*,*,#3941,.T.);
#2367=ORIENTED_EDGE('',*,*,#3816,.T.);
#2368=ORIENTED_EDGE('',*,*,#3942,.F.);
#2369=ORIENTED_EDGE('',*,*,#3943,.T.);
#2370=ORIENTED_EDGE('',*,*,#3944,.T.);
#2371=ORIENTED_EDGE('',*,*,#3824,.T.);
#2372=ORIENTED_EDGE('',*,*,#3945,.F.);
#2373=ORIENTED_EDGE('',*,*,#3946,.T.);
#2374=ORIENTED_EDGE('',*,*,#3947,.T.);
#2375=ORIENTED_EDGE('',*,*,#3830,.T.);
#2376=ORIENTED_EDGE('',*,*,#3948,.F.);
#2377=ORIENTED_EDGE('',*,*,#3949,.T.);
#2378=ORIENTED_EDGE('',*,*,#3540,.T.);
#2379=ORIENTED_EDGE('',*,*,#3950,.T.);
#2380=ORIENTED_EDGE('',*,*,#3951,.F.);
#2381=ORIENTED_EDGE('',*,*,#3952,.F.);
#2382=ORIENTED_EDGE('',*,*,#3562,.F.);
#2383=ORIENTED_EDGE('',*,*,#3953,.T.);
#2384=ORIENTED_EDGE('',*,*,#3954,.F.);
#2385=ORIENTED_EDGE('',*,*,#3955,.F.);
#2386=ORIENTED_EDGE('',*,*,#3560,.T.);
#2387=ORIENTED_EDGE('',*,*,#3956,.T.);
#2388=ORIENTED_EDGE('',*,*,#3957,.F.);
#2389=ORIENTED_EDGE('',*,*,#3958,.F.);
#2390=ORIENTED_EDGE('',*,*,#3556,.F.);
#2391=ORIENTED_EDGE('',*,*,#3959,.T.);
#2392=ORIENTED_EDGE('',*,*,#3960,.F.);
#2393=ORIENTED_EDGE('',*,*,#3961,.F.);
#2394=ORIENTED_EDGE('',*,*,#3554,.T.);
#2395=ORIENTED_EDGE('',*,*,#3962,.T.);
#2396=ORIENTED_EDGE('',*,*,#3963,.F.);
#2397=ORIENTED_EDGE('',*,*,#3964,.F.);
#2398=ORIENTED_EDGE('',*,*,#3548,.F.);
#2399=ORIENTED_EDGE('',*,*,#3965,.T.);
#2400=ORIENTED_EDGE('',*,*,#3966,.F.);
#2401=ORIENTED_EDGE('',*,*,#3967,.F.);
#2402=ORIENTED_EDGE('',*,*,#3546,.T.);
#2403=ORIENTED_EDGE('',*,*,#3968,.T.);
#2404=ORIENTED_EDGE('',*,*,#3969,.F.);
#2405=ORIENTED_EDGE('',*,*,#3970,.F.);
#2406=ORIENTED_EDGE('',*,*,#3542,.F.);
#2407=ORIENTED_EDGE('',*,*,#3971,.T.);
#2408=ORIENTED_EDGE('',*,*,#3972,.F.);
#2409=ORIENTED_EDGE('',*,*,#3973,.F.);
#2410=ORIENTED_EDGE('',*,*,#3971,.F.);
#2411=ORIENTED_EDGE('',*,*,#3541,.T.);
#2412=ORIENTED_EDGE('',*,*,#3952,.T.);
#2413=ORIENTED_EDGE('',*,*,#3974,.F.);
#2414=ORIENTED_EDGE('',*,*,#3975,.T.);
#2415=ORIENTED_EDGE('',*,*,#3831,.T.);
#2416=ORIENTED_EDGE('',*,*,#3947,.F.);
#2417=ORIENTED_EDGE('',*,*,#3976,.T.);
#2418=ORIENTED_EDGE('',*,*,#3977,.T.);
#2419=ORIENTED_EDGE('',*,*,#3950,.F.);
#2420=ORIENTED_EDGE('',*,*,#3878,.F.);
#2421=ORIENTED_EDGE('',*,*,#3975,.F.);
#2422=ORIENTED_EDGE('',*,*,#3978,.F.);
#2423=ORIENTED_EDGE('',*,*,#3979,.T.);
#2424=ORIENTED_EDGE('',*,*,#3980,.F.);
#2425=ORIENTED_EDGE('',*,*,#3979,.F.);
#2426=ORIENTED_EDGE('',*,*,#3981,.T.);
#2427=ORIENTED_EDGE('',*,*,#3982,.T.);
#2428=ORIENTED_EDGE('',*,*,#3983,.F.);
#2429=ORIENTED_EDGE('',*,*,#3982,.F.);
#2430=ORIENTED_EDGE('',*,*,#3984,.T.);
#2431=ORIENTED_EDGE('',*,*,#3985,.T.);
#2432=ORIENTED_EDGE('',*,*,#3832,.T.);
#2433=ORIENTED_EDGE('',*,*,#3955,.T.);
#2434=ORIENTED_EDGE('',*,*,#3939,.T.);
#2435=ORIENTED_EDGE('',*,*,#3809,.T.);
#2436=ORIENTED_EDGE('',*,*,#3985,.F.);
#2437=ORIENTED_EDGE('',*,*,#3986,.T.);
#2438=ORIENTED_EDGE('',*,*,#3953,.F.);
#2439=ORIENTED_EDGE('',*,*,#3561,.T.);
#2440=ORIENTED_EDGE('',*,*,#3958,.T.);
#2441=ORIENTED_EDGE('',*,*,#3987,.F.);
#2442=ORIENTED_EDGE('',*,*,#3988,.T.);
#2443=ORIENTED_EDGE('',*,*,#3811,.T.);
#2444=ORIENTED_EDGE('',*,*,#3938,.F.);
#2445=ORIENTED_EDGE('',*,*,#3989,.T.);
#2446=ORIENTED_EDGE('',*,*,#3990,.F.);
#2447=ORIENTED_EDGE('',*,*,#3956,.F.);
#2448=ORIENTED_EDGE('',*,*,#3882,.F.);
#2449=ORIENTED_EDGE('',*,*,#3988,.F.);
#2450=ORIENTED_EDGE('',*,*,#3991,.T.);
#2451=ORIENTED_EDGE('',*,*,#3992,.T.);
#2452=ORIENTED_EDGE('',*,*,#3834,.T.);
#2453=ORIENTED_EDGE('',*,*,#3961,.T.);
#2454=ORIENTED_EDGE('',*,*,#3942,.T.);
#2455=ORIENTED_EDGE('',*,*,#3815,.T.);
#2456=ORIENTED_EDGE('',*,*,#3992,.F.);
#2457=ORIENTED_EDGE('',*,*,#3993,.T.);
#2458=ORIENTED_EDGE('',*,*,#3959,.F.);
#2459=ORIENTED_EDGE('',*,*,#3555,.T.);
#2460=ORIENTED_EDGE('',*,*,#3964,.T.);
#2461=ORIENTED_EDGE('',*,*,#3994,.F.);
#2462=ORIENTED_EDGE('',*,*,#3995,.T.);
#2463=ORIENTED_EDGE('',*,*,#3817,.T.);
#2464=ORIENTED_EDGE('',*,*,#3941,.F.);
#2465=ORIENTED_EDGE('',*,*,#3996,.T.);
#2466=ORIENTED_EDGE('',*,*,#3997,.F.);
#2467=ORIENTED_EDGE('',*,*,#3962,.F.);
#2468=ORIENTED_EDGE('',*,*,#3884,.F.);
#2469=ORIENTED_EDGE('',*,*,#3995,.F.);
#2470=ORIENTED_EDGE('',*,*,#3998,.T.);
#2471=ORIENTED_EDGE('',*,*,#3999,.T.);
#2472=ORIENTED_EDGE('',*,*,#4000,.F.);
#2473=ORIENTED_EDGE('',*,*,#3999,.F.);
#2474=ORIENTED_EDGE('',*,*,#4001,.T.);
#2475=ORIENTED_EDGE('',*,*,#4002,.T.);
#2476=ORIENTED_EDGE('',*,*,#4003,.T.);
#2477=ORIENTED_EDGE('',*,*,#4002,.F.);
#2478=ORIENTED_EDGE('',*,*,#4004,.F.);
#2479=ORIENTED_EDGE('',*,*,#4005,.T.);
#2480=ORIENTED_EDGE('',*,*,#3836,.T.);
#2481=ORIENTED_EDGE('',*,*,#3967,.T.);
#2482=ORIENTED_EDGE('',*,*,#3945,.T.);
#2483=ORIENTED_EDGE('',*,*,#3823,.T.);
#2484=ORIENTED_EDGE('',*,*,#4005,.F.);
#2485=ORIENTED_EDGE('',*,*,#4006,.T.);
#2486=ORIENTED_EDGE('',*,*,#3965,.F.);
#2487=ORIENTED_EDGE('',*,*,#3547,.T.);
#2488=ORIENTED_EDGE('',*,*,#3970,.T.);
#2489=ORIENTED_EDGE('',*,*,#4007,.F.);
#2490=ORIENTED_EDGE('',*,*,#4008,.T.);
#2491=ORIENTED_EDGE('',*,*,#3825,.T.);
#2492=ORIENTED_EDGE('',*,*,#3944,.F.);
#2493=ORIENTED_EDGE('',*,*,#4009,.T.);
#2494=ORIENTED_EDGE('',*,*,#4010,.T.);
#2495=ORIENTED_EDGE('',*,*,#3968,.F.);
#2496=ORIENTED_EDGE('',*,*,#3888,.F.);
#2497=ORIENTED_EDGE('',*,*,#4008,.F.);
#2498=ORIENTED_EDGE('',*,*,#4011,.F.);
#2499=ORIENTED_EDGE('',*,*,#4012,.T.);
#2500=ORIENTED_EDGE('',*,*,#3838,.T.);
#2501=ORIENTED_EDGE('',*,*,#3973,.T.);
#2502=ORIENTED_EDGE('',*,*,#3948,.T.);
#2503=ORIENTED_EDGE('',*,*,#3829,.T.);
#2504=ORIENTED_EDGE('',*,*,#4012,.F.);
#2505=ORIENTED_EDGE('',*,*,#4013,.T.);
#2506=ORIENTED_EDGE('',*,*,#3949,.F.);
#2507=ORIENTED_EDGE('',*,*,#4013,.F.);
#2508=ORIENTED_EDGE('',*,*,#4011,.T.);
#2509=ORIENTED_EDGE('',*,*,#4009,.F.);
#2510=ORIENTED_EDGE('',*,*,#3946,.F.);
#2511=ORIENTED_EDGE('',*,*,#4006,.F.);
#2512=ORIENTED_EDGE('',*,*,#4004,.T.);
#2513=ORIENTED_EDGE('',*,*,#4001,.F.);
#2514=ORIENTED_EDGE('',*,*,#3998,.F.);
#2515=ORIENTED_EDGE('',*,*,#3996,.F.);
#2516=ORIENTED_EDGE('',*,*,#3943,.F.);
#2517=ORIENTED_EDGE('',*,*,#3993,.F.);
#2518=ORIENTED_EDGE('',*,*,#3991,.F.);
#2519=ORIENTED_EDGE('',*,*,#3989,.F.);
#2520=ORIENTED_EDGE('',*,*,#3940,.F.);
#2521=ORIENTED_EDGE('',*,*,#3986,.F.);
#2522=ORIENTED_EDGE('',*,*,#3984,.F.);
#2523=ORIENTED_EDGE('',*,*,#3981,.F.);
#2524=ORIENTED_EDGE('',*,*,#3978,.T.);
#2525=ORIENTED_EDGE('',*,*,#3976,.F.);
#2526=ORIENTED_EDGE('',*,*,#3974,.T.);
#2527=ORIENTED_EDGE('',*,*,#3951,.T.);
#2528=ORIENTED_EDGE('',*,*,#3977,.F.);
#2529=ORIENTED_EDGE('',*,*,#3980,.T.);
#2530=ORIENTED_EDGE('',*,*,#3983,.T.);
#2531=ORIENTED_EDGE('',*,*,#3954,.T.);
#2532=ORIENTED_EDGE('',*,*,#3987,.T.);
#2533=ORIENTED_EDGE('',*,*,#3957,.T.);
#2534=ORIENTED_EDGE('',*,*,#3990,.T.);
#2535=ORIENTED_EDGE('',*,*,#3960,.T.);
#2536=ORIENTED_EDGE('',*,*,#3994,.T.);
#2537=ORIENTED_EDGE('',*,*,#3963,.T.);
#2538=ORIENTED_EDGE('',*,*,#3997,.T.);
#2539=ORIENTED_EDGE('',*,*,#4000,.T.);
#2540=ORIENTED_EDGE('',*,*,#4003,.F.);
#2541=ORIENTED_EDGE('',*,*,#3966,.T.);
#2542=ORIENTED_EDGE('',*,*,#4007,.T.);
#2543=ORIENTED_EDGE('',*,*,#3969,.T.);
#2544=ORIENTED_EDGE('',*,*,#4010,.F.);
#2545=ORIENTED_EDGE('',*,*,#3972,.T.);
#2546=ORIENTED_EDGE('',*,*,#4014,.T.);
#2547=ORIENTED_EDGE('',*,*,#3782,.T.);
#2548=ORIENTED_EDGE('',*,*,#4015,.F.);
#2549=ORIENTED_EDGE('',*,*,#4016,.T.);
#2550=ORIENTED_EDGE('',*,*,#4017,.T.);
#2551=ORIENTED_EDGE('',*,*,#3788,.T.);
#2552=ORIENTED_EDGE('',*,*,#4018,.F.);
#2553=ORIENTED_EDGE('',*,*,#4019,.T.);
#2554=ORIENTED_EDGE('',*,*,#4020,.T.);
#2555=ORIENTED_EDGE('',*,*,#3796,.T.);
#2556=ORIENTED_EDGE('',*,*,#4021,.F.);
#2557=ORIENTED_EDGE('',*,*,#4022,.T.);
#2558=ORIENTED_EDGE('',*,*,#4023,.T.);
#2559=ORIENTED_EDGE('',*,*,#3802,.T.);
#2560=ORIENTED_EDGE('',*,*,#4024,.F.);
#2561=ORIENTED_EDGE('',*,*,#4025,.T.);
#2562=ORIENTED_EDGE('',*,*,#3568,.T.);
#2563=ORIENTED_EDGE('',*,*,#4026,.T.);
#2564=ORIENTED_EDGE('',*,*,#4027,.F.);
#2565=ORIENTED_EDGE('',*,*,#4028,.F.);
#2566=ORIENTED_EDGE('',*,*,#3590,.F.);
#2567=ORIENTED_EDGE('',*,*,#4029,.T.);
#2568=ORIENTED_EDGE('',*,*,#4030,.F.);
#2569=ORIENTED_EDGE('',*,*,#4031,.F.);
#2570=ORIENTED_EDGE('',*,*,#3588,.T.);
#2571=ORIENTED_EDGE('',*,*,#4032,.T.);
#2572=ORIENTED_EDGE('',*,*,#4033,.F.);
#2573=ORIENTED_EDGE('',*,*,#4034,.F.);
#2574=ORIENTED_EDGE('',*,*,#3584,.F.);
#2575=ORIENTED_EDGE('',*,*,#4035,.T.);
#2576=ORIENTED_EDGE('',*,*,#4036,.F.);
#2577=ORIENTED_EDGE('',*,*,#4037,.F.);
#2578=ORIENTED_EDGE('',*,*,#3582,.T.);
#2579=ORIENTED_EDGE('',*,*,#4038,.T.);
#2580=ORIENTED_EDGE('',*,*,#4039,.F.);
#2581=ORIENTED_EDGE('',*,*,#4040,.F.);
#2582=ORIENTED_EDGE('',*,*,#3576,.F.);
#2583=ORIENTED_EDGE('',*,*,#4041,.T.);
#2584=ORIENTED_EDGE('',*,*,#4042,.F.);
#2585=ORIENTED_EDGE('',*,*,#4043,.F.);
#2586=ORIENTED_EDGE('',*,*,#3574,.T.);
#2587=ORIENTED_EDGE('',*,*,#4044,.T.);
#2588=ORIENTED_EDGE('',*,*,#4045,.F.);
#2589=ORIENTED_EDGE('',*,*,#4046,.F.);
#2590=ORIENTED_EDGE('',*,*,#3570,.F.);
#2591=ORIENTED_EDGE('',*,*,#4047,.T.);
#2592=ORIENTED_EDGE('',*,*,#4048,.F.);
#2593=ORIENTED_EDGE('',*,*,#4049,.F.);
#2594=ORIENTED_EDGE('',*,*,#4047,.F.);
#2595=ORIENTED_EDGE('',*,*,#3569,.T.);
#2596=ORIENTED_EDGE('',*,*,#4028,.T.);
#2597=ORIENTED_EDGE('',*,*,#4050,.F.);
#2598=ORIENTED_EDGE('',*,*,#4051,.T.);
#2599=ORIENTED_EDGE('',*,*,#3803,.T.);
#2600=ORIENTED_EDGE('',*,*,#4023,.F.);
#2601=ORIENTED_EDGE('',*,*,#4052,.T.);
#2602=ORIENTED_EDGE('',*,*,#4053,.T.);
#2603=ORIENTED_EDGE('',*,*,#4026,.F.);
#2604=ORIENTED_EDGE('',*,*,#3890,.F.);
#2605=ORIENTED_EDGE('',*,*,#4051,.F.);
#2606=ORIENTED_EDGE('',*,*,#4054,.F.);
#2607=ORIENTED_EDGE('',*,*,#4055,.T.);
#2608=ORIENTED_EDGE('',*,*,#4056,.F.);
#2609=ORIENTED_EDGE('',*,*,#4055,.F.);
#2610=ORIENTED_EDGE('',*,*,#4057,.T.);
#2611=ORIENTED_EDGE('',*,*,#4058,.T.);
#2612=ORIENTED_EDGE('',*,*,#4059,.F.);
#2613=ORIENTED_EDGE('',*,*,#4058,.F.);
#2614=ORIENTED_EDGE('',*,*,#4060,.T.);
#2615=ORIENTED_EDGE('',*,*,#4061,.T.);
#2616=ORIENTED_EDGE('',*,*,#3840,.T.);
#2617=ORIENTED_EDGE('',*,*,#4031,.T.);
#2618=ORIENTED_EDGE('',*,*,#4015,.T.);
#2619=ORIENTED_EDGE('',*,*,#3781,.T.);
#2620=ORIENTED_EDGE('',*,*,#4061,.F.);
#2621=ORIENTED_EDGE('',*,*,#4062,.T.);
#2622=ORIENTED_EDGE('',*,*,#4029,.F.);
#2623=ORIENTED_EDGE('',*,*,#3589,.T.);
#2624=ORIENTED_EDGE('',*,*,#4034,.T.);
#2625=ORIENTED_EDGE('',*,*,#4063,.F.);
#2626=ORIENTED_EDGE('',*,*,#4064,.T.);
#2627=ORIENTED_EDGE('',*,*,#3783,.T.);
#2628=ORIENTED_EDGE('',*,*,#4014,.F.);
#2629=ORIENTED_EDGE('',*,*,#4065,.T.);
#2630=ORIENTED_EDGE('',*,*,#4066,.F.);
#2631=ORIENTED_EDGE('',*,*,#4032,.F.);
#2632=ORIENTED_EDGE('',*,*,#3894,.F.);
#2633=ORIENTED_EDGE('',*,*,#4064,.F.);
#2634=ORIENTED_EDGE('',*,*,#4067,.T.);
#2635=ORIENTED_EDGE('',*,*,#4068,.T.);
#2636=ORIENTED_EDGE('',*,*,#3842,.T.);
#2637=ORIENTED_EDGE('',*,*,#4037,.T.);
#2638=ORIENTED_EDGE('',*,*,#4018,.T.);
#2639=ORIENTED_EDGE('',*,*,#3787,.T.);
#2640=ORIENTED_EDGE('',*,*,#4068,.F.);
#2641=ORIENTED_EDGE('',*,*,#4069,.T.);
#2642=ORIENTED_EDGE('',*,*,#4035,.F.);
#2643=ORIENTED_EDGE('',*,*,#3583,.T.);
#2644=ORIENTED_EDGE('',*,*,#4040,.T.);
#2645=ORIENTED_EDGE('',*,*,#4070,.F.);
#2646=ORIENTED_EDGE('',*,*,#4071,.T.);
#2647=ORIENTED_EDGE('',*,*,#3789,.T.);
#2648=ORIENTED_EDGE('',*,*,#4017,.F.);
#2649=ORIENTED_EDGE('',*,*,#4072,.T.);
#2650=ORIENTED_EDGE('',*,*,#4073,.F.);
#2651=ORIENTED_EDGE('',*,*,#4038,.F.);
#2652=ORIENTED_EDGE('',*,*,#3896,.F.);
#2653=ORIENTED_EDGE('',*,*,#4071,.F.);
#2654=ORIENTED_EDGE('',*,*,#4074,.T.);
#2655=ORIENTED_EDGE('',*,*,#4075,.T.);
#2656=ORIENTED_EDGE('',*,*,#4076,.F.);
#2657=ORIENTED_EDGE('',*,*,#4075,.F.);
#2658=ORIENTED_EDGE('',*,*,#4077,.T.);
#2659=ORIENTED_EDGE('',*,*,#4078,.T.);
#2660=ORIENTED_EDGE('',*,*,#4079,.T.);
#2661=ORIENTED_EDGE('',*,*,#4078,.F.);
#2662=ORIENTED_EDGE('',*,*,#4080,.F.);
#2663=ORIENTED_EDGE('',*,*,#4081,.T.);
#2664=ORIENTED_EDGE('',*,*,#3844,.T.);
#2665=ORIENTED_EDGE('',*,*,#4043,.T.);
#2666=ORIENTED_EDGE('',*,*,#4021,.T.);
#2667=ORIENTED_EDGE('',*,*,#3795,.T.);
#2668=ORIENTED_EDGE('',*,*,#4081,.F.);
#2669=ORIENTED_EDGE('',*,*,#4082,.T.);
#2670=ORIENTED_EDGE('',*,*,#4041,.F.);
#2671=ORIENTED_EDGE('',*,*,#3575,.T.);
#2672=ORIENTED_EDGE('',*,*,#4046,.T.);
#2673=ORIENTED_EDGE('',*,*,#4083,.F.);
#2674=ORIENTED_EDGE('',*,*,#4084,.T.);
#2675=ORIENTED_EDGE('',*,*,#3797,.T.);
#2676=ORIENTED_EDGE('',*,*,#4020,.F.);
#2677=ORIENTED_EDGE('',*,*,#4085,.T.);
#2678=ORIENTED_EDGE('',*,*,#4086,.T.);
#2679=ORIENTED_EDGE('',*,*,#4044,.F.);
#2680=ORIENTED_EDGE('',*,*,#3900,.F.);
#2681=ORIENTED_EDGE('',*,*,#4084,.F.);
#2682=ORIENTED_EDGE('',*,*,#4087,.F.);
#2683=ORIENTED_EDGE('',*,*,#4088,.T.);
#2684=ORIENTED_EDGE('',*,*,#3846,.T.);
#2685=ORIENTED_EDGE('',*,*,#4049,.T.);
#2686=ORIENTED_EDGE('',*,*,#4024,.T.);
#2687=ORIENTED_EDGE('',*,*,#3801,.T.);
#2688=ORIENTED_EDGE('',*,*,#4088,.F.);
#2689=ORIENTED_EDGE('',*,*,#4089,.T.);
#2690=ORIENTED_EDGE('',*,*,#4025,.F.);
#2691=ORIENTED_EDGE('',*,*,#4089,.F.);
#2692=ORIENTED_EDGE('',*,*,#4087,.T.);
#2693=ORIENTED_EDGE('',*,*,#4085,.F.);
#2694=ORIENTED_EDGE('',*,*,#4022,.F.);
#2695=ORIENTED_EDGE('',*,*,#4082,.F.);
#2696=ORIENTED_EDGE('',*,*,#4080,.T.);
#2697=ORIENTED_EDGE('',*,*,#4077,.F.);
#2698=ORIENTED_EDGE('',*,*,#4074,.F.);
#2699=ORIENTED_EDGE('',*,*,#4072,.F.);
#2700=ORIENTED_EDGE('',*,*,#4019,.F.);
#2701=ORIENTED_EDGE('',*,*,#4069,.F.);
#2702=ORIENTED_EDGE('',*,*,#4067,.F.);
#2703=ORIENTED_EDGE('',*,*,#4065,.F.);
#2704=ORIENTED_EDGE('',*,*,#4016,.F.);
#2705=ORIENTED_EDGE('',*,*,#4062,.F.);
#2706=ORIENTED_EDGE('',*,*,#4060,.F.);
#2707=ORIENTED_EDGE('',*,*,#4057,.F.);
#2708=ORIENTED_EDGE('',*,*,#4054,.T.);
#2709=ORIENTED_EDGE('',*,*,#4052,.F.);
#2710=ORIENTED_EDGE('',*,*,#4050,.T.);
#2711=ORIENTED_EDGE('',*,*,#4027,.T.);
#2712=ORIENTED_EDGE('',*,*,#4053,.F.);
#2713=ORIENTED_EDGE('',*,*,#4056,.T.);
#2714=ORIENTED_EDGE('',*,*,#4059,.T.);
#2715=ORIENTED_EDGE('',*,*,#4030,.T.);
#2716=ORIENTED_EDGE('',*,*,#4063,.T.);
#2717=ORIENTED_EDGE('',*,*,#4033,.T.);
#2718=ORIENTED_EDGE('',*,*,#4066,.T.);
#2719=ORIENTED_EDGE('',*,*,#4036,.T.);
#2720=ORIENTED_EDGE('',*,*,#4070,.T.);
#2721=ORIENTED_EDGE('',*,*,#4039,.T.);
#2722=ORIENTED_EDGE('',*,*,#4073,.T.);
#2723=ORIENTED_EDGE('',*,*,#4076,.T.);
#2724=ORIENTED_EDGE('',*,*,#4079,.F.);
#2725=ORIENTED_EDGE('',*,*,#4042,.T.);
#2726=ORIENTED_EDGE('',*,*,#4083,.T.);
#2727=ORIENTED_EDGE('',*,*,#4045,.T.);
#2728=ORIENTED_EDGE('',*,*,#4086,.F.);
#2729=ORIENTED_EDGE('',*,*,#4048,.T.);
#2730=ORIENTED_EDGE('',*,*,#4090,.T.);
#2731=ORIENTED_EDGE('',*,*,#3754,.T.);
#2732=ORIENTED_EDGE('',*,*,#4091,.F.);
#2733=ORIENTED_EDGE('',*,*,#4092,.T.);
#2734=ORIENTED_EDGE('',*,*,#4093,.T.);
#2735=ORIENTED_EDGE('',*,*,#3760,.T.);
#2736=ORIENTED_EDGE('',*,*,#4094,.F.);
#2737=ORIENTED_EDGE('',*,*,#4095,.T.);
#2738=ORIENTED_EDGE('',*,*,#4096,.T.);
#2739=ORIENTED_EDGE('',*,*,#3768,.T.);
#2740=ORIENTED_EDGE('',*,*,#4097,.F.);
#2741=ORIENTED_EDGE('',*,*,#4098,.T.);
#2742=ORIENTED_EDGE('',*,*,#4099,.T.);
#2743=ORIENTED_EDGE('',*,*,#3774,.T.);
#2744=ORIENTED_EDGE('',*,*,#4100,.F.);
#2745=ORIENTED_EDGE('',*,*,#4101,.T.);
#2746=ORIENTED_EDGE('',*,*,#3596,.T.);
#2747=ORIENTED_EDGE('',*,*,#4102,.T.);
#2748=ORIENTED_EDGE('',*,*,#4103,.F.);
#2749=ORIENTED_EDGE('',*,*,#4104,.F.);
#2750=ORIENTED_EDGE('',*,*,#3618,.F.);
#2751=ORIENTED_EDGE('',*,*,#4105,.T.);
#2752=ORIENTED_EDGE('',*,*,#4106,.F.);
#2753=ORIENTED_EDGE('',*,*,#4107,.F.);
#2754=ORIENTED_EDGE('',*,*,#3616,.T.);
#2755=ORIENTED_EDGE('',*,*,#4108,.T.);
#2756=ORIENTED_EDGE('',*,*,#4109,.F.);
#2757=ORIENTED_EDGE('',*,*,#4110,.F.);
#2758=ORIENTED_EDGE('',*,*,#3612,.F.);
#2759=ORIENTED_EDGE('',*,*,#4111,.T.);
#2760=ORIENTED_EDGE('',*,*,#4112,.F.);
#2761=ORIENTED_EDGE('',*,*,#4113,.F.);
#2762=ORIENTED_EDGE('',*,*,#3610,.T.);
#2763=ORIENTED_EDGE('',*,*,#4114,.T.);
#2764=ORIENTED_EDGE('',*,*,#4115,.F.);
#2765=ORIENTED_EDGE('',*,*,#4116,.F.);
#2766=ORIENTED_EDGE('',*,*,#3604,.F.);
#2767=ORIENTED_EDGE('',*,*,#4117,.T.);
#2768=ORIENTED_EDGE('',*,*,#4118,.F.);
#2769=ORIENTED_EDGE('',*,*,#4119,.F.);
#2770=ORIENTED_EDGE('',*,*,#3602,.T.);
#2771=ORIENTED_EDGE('',*,*,#4120,.T.);
#2772=ORIENTED_EDGE('',*,*,#4121,.F.);
#2773=ORIENTED_EDGE('',*,*,#4122,.F.);
#2774=ORIENTED_EDGE('',*,*,#3598,.F.);
#2775=ORIENTED_EDGE('',*,*,#4123,.T.);
#2776=ORIENTED_EDGE('',*,*,#4124,.F.);
#2777=ORIENTED_EDGE('',*,*,#4125,.F.);
#2778=ORIENTED_EDGE('',*,*,#4123,.F.);
#2779=ORIENTED_EDGE('',*,*,#3597,.T.);
#2780=ORIENTED_EDGE('',*,*,#4104,.T.);
#2781=ORIENTED_EDGE('',*,*,#4126,.F.);
#2782=ORIENTED_EDGE('',*,*,#4127,.T.);
#2783=ORIENTED_EDGE('',*,*,#3775,.T.);
#2784=ORIENTED_EDGE('',*,*,#4099,.F.);
#2785=ORIENTED_EDGE('',*,*,#4128,.T.);
#2786=ORIENTED_EDGE('',*,*,#4129,.T.);
#2787=ORIENTED_EDGE('',*,*,#4102,.F.);
#2788=ORIENTED_EDGE('',*,*,#3902,.F.);
#2789=ORIENTED_EDGE('',*,*,#4127,.F.);
#2790=ORIENTED_EDGE('',*,*,#4130,.F.);
#2791=ORIENTED_EDGE('',*,*,#4131,.T.);
#2792=ORIENTED_EDGE('',*,*,#4132,.F.);
#2793=ORIENTED_EDGE('',*,*,#4131,.F.);
#2794=ORIENTED_EDGE('',*,*,#4133,.T.);
#2795=ORIENTED_EDGE('',*,*,#4134,.T.);
#2796=ORIENTED_EDGE('',*,*,#4135,.F.);
#2797=ORIENTED_EDGE('',*,*,#4134,.F.);
#2798=ORIENTED_EDGE('',*,*,#4136,.T.);
#2799=ORIENTED_EDGE('',*,*,#4137,.T.);
#2800=ORIENTED_EDGE('',*,*,#3848,.T.);
#2801=ORIENTED_EDGE('',*,*,#4107,.T.);
#2802=ORIENTED_EDGE('',*,*,#4091,.T.);
#2803=ORIENTED_EDGE('',*,*,#3753,.T.);
#2804=ORIENTED_EDGE('',*,*,#4137,.F.);
#2805=ORIENTED_EDGE('',*,*,#4138,.T.);
#2806=ORIENTED_EDGE('',*,*,#4105,.F.);
#2807=ORIENTED_EDGE('',*,*,#3617,.T.);
#2808=ORIENTED_EDGE('',*,*,#4110,.T.);
#2809=ORIENTED_EDGE('',*,*,#4139,.F.);
#2810=ORIENTED_EDGE('',*,*,#4140,.T.);
#2811=ORIENTED_EDGE('',*,*,#3755,.T.);
#2812=ORIENTED_EDGE('',*,*,#4090,.F.);
#2813=ORIENTED_EDGE('',*,*,#4141,.T.);
#2814=ORIENTED_EDGE('',*,*,#4142,.F.);
#2815=ORIENTED_EDGE('',*,*,#4108,.F.);
#2816=ORIENTED_EDGE('',*,*,#3906,.F.);
#2817=ORIENTED_EDGE('',*,*,#4140,.F.);
#2818=ORIENTED_EDGE('',*,*,#4143,.T.);
#2819=ORIENTED_EDGE('',*,*,#4144,.T.);
#2820=ORIENTED_EDGE('',*,*,#3850,.T.);
#2821=ORIENTED_EDGE('',*,*,#4113,.T.);
#2822=ORIENTED_EDGE('',*,*,#4094,.T.);
#2823=ORIENTED_EDGE('',*,*,#3759,.T.);
#2824=ORIENTED_EDGE('',*,*,#4144,.F.);
#2825=ORIENTED_EDGE('',*,*,#4145,.T.);
#2826=ORIENTED_EDGE('',*,*,#4111,.F.);
#2827=ORIENTED_EDGE('',*,*,#3611,.T.);
#2828=ORIENTED_EDGE('',*,*,#4116,.T.);
#2829=ORIENTED_EDGE('',*,*,#4146,.F.);
#2830=ORIENTED_EDGE('',*,*,#4147,.T.);
#2831=ORIENTED_EDGE('',*,*,#3761,.T.);
#2832=ORIENTED_EDGE('',*,*,#4093,.F.);
#2833=ORIENTED_EDGE('',*,*,#4148,.T.);
#2834=ORIENTED_EDGE('',*,*,#4149,.F.);
#2835=ORIENTED_EDGE('',*,*,#4114,.F.);
#2836=ORIENTED_EDGE('',*,*,#3908,.F.);
#2837=ORIENTED_EDGE('',*,*,#4147,.F.);
#2838=ORIENTED_EDGE('',*,*,#4150,.T.);
#2839=ORIENTED_EDGE('',*,*,#4151,.T.);
#2840=ORIENTED_EDGE('',*,*,#4152,.F.);
#2841=ORIENTED_EDGE('',*,*,#4151,.F.);
#2842=ORIENTED_EDGE('',*,*,#4153,.T.);
#2843=ORIENTED_EDGE('',*,*,#4154,.T.);
#2844=ORIENTED_EDGE('',*,*,#4155,.T.);
#2845=ORIENTED_EDGE('',*,*,#4154,.F.);
#2846=ORIENTED_EDGE('',*,*,#4156,.F.);
#2847=ORIENTED_EDGE('',*,*,#4157,.T.);
#2848=ORIENTED_EDGE('',*,*,#3852,.T.);
#2849=ORIENTED_EDGE('',*,*,#4119,.T.);
#2850=ORIENTED_EDGE('',*,*,#4097,.T.);
#2851=ORIENTED_EDGE('',*,*,#3767,.T.);
#2852=ORIENTED_EDGE('',*,*,#4157,.F.);
#2853=ORIENTED_EDGE('',*,*,#4158,.T.);
#2854=ORIENTED_EDGE('',*,*,#4117,.F.);
#2855=ORIENTED_EDGE('',*,*,#3603,.T.);
#2856=ORIENTED_EDGE('',*,*,#4122,.T.);
#2857=ORIENTED_EDGE('',*,*,#4159,.F.);
#2858=ORIENTED_EDGE('',*,*,#4160,.T.);
#2859=ORIENTED_EDGE('',*,*,#3769,.T.);
#2860=ORIENTED_EDGE('',*,*,#4096,.F.);
#2861=ORIENTED_EDGE('',*,*,#4161,.T.);
#2862=ORIENTED_EDGE('',*,*,#4162,.T.);
#2863=ORIENTED_EDGE('',*,*,#4120,.F.);
#2864=ORIENTED_EDGE('',*,*,#3912,.F.);
#2865=ORIENTED_EDGE('',*,*,#4160,.F.);
#2866=ORIENTED_EDGE('',*,*,#4163,.F.);
#2867=ORIENTED_EDGE('',*,*,#4164,.T.);
#2868=ORIENTED_EDGE('',*,*,#3854,.T.);
#2869=ORIENTED_EDGE('',*,*,#4125,.T.);
#2870=ORIENTED_EDGE('',*,*,#4100,.T.);
#2871=ORIENTED_EDGE('',*,*,#3773,.T.);
#2872=ORIENTED_EDGE('',*,*,#4164,.F.);
#2873=ORIENTED_EDGE('',*,*,#4165,.T.);
#2874=ORIENTED_EDGE('',*,*,#4101,.F.);
#2875=ORIENTED_EDGE('',*,*,#4165,.F.);
#2876=ORIENTED_EDGE('',*,*,#4163,.T.);
#2877=ORIENTED_EDGE('',*,*,#4161,.F.);
#2878=ORIENTED_EDGE('',*,*,#4098,.F.);
#2879=ORIENTED_EDGE('',*,*,#4158,.F.);
#2880=ORIENTED_EDGE('',*,*,#4156,.T.);
#2881=ORIENTED_EDGE('',*,*,#4153,.F.);
#2882=ORIENTED_EDGE('',*,*,#4150,.F.);
#2883=ORIENTED_EDGE('',*,*,#4148,.F.);
#2884=ORIENTED_EDGE('',*,*,#4095,.F.);
#2885=ORIENTED_EDGE('',*,*,#4145,.F.);
#2886=ORIENTED_EDGE('',*,*,#4143,.F.);
#2887=ORIENTED_EDGE('',*,*,#4141,.F.);
#2888=ORIENTED_EDGE('',*,*,#4092,.F.);
#2889=ORIENTED_EDGE('',*,*,#4138,.F.);
#2890=ORIENTED_EDGE('',*,*,#4136,.F.);
#2891=ORIENTED_EDGE('',*,*,#4133,.F.);
#2892=ORIENTED_EDGE('',*,*,#4130,.T.);
#2893=ORIENTED_EDGE('',*,*,#4128,.F.);
#2894=ORIENTED_EDGE('',*,*,#4126,.T.);
#2895=ORIENTED_EDGE('',*,*,#4103,.T.);
#2896=ORIENTED_EDGE('',*,*,#4129,.F.);
#2897=ORIENTED_EDGE('',*,*,#4132,.T.);
#2898=ORIENTED_EDGE('',*,*,#4135,.T.);
#2899=ORIENTED_EDGE('',*,*,#4106,.T.);
#2900=ORIENTED_EDGE('',*,*,#4139,.T.);
#2901=ORIENTED_EDGE('',*,*,#4109,.T.);
#2902=ORIENTED_EDGE('',*,*,#4142,.T.);
#2903=ORIENTED_EDGE('',*,*,#4112,.T.);
#2904=ORIENTED_EDGE('',*,*,#4146,.T.);
#2905=ORIENTED_EDGE('',*,*,#4115,.T.);
#2906=ORIENTED_EDGE('',*,*,#4149,.T.);
#2907=ORIENTED_EDGE('',*,*,#4152,.T.);
#2908=ORIENTED_EDGE('',*,*,#4155,.F.);
#2909=ORIENTED_EDGE('',*,*,#4118,.T.);
#2910=ORIENTED_EDGE('',*,*,#4159,.T.);
#2911=ORIENTED_EDGE('',*,*,#4121,.T.);
#2912=ORIENTED_EDGE('',*,*,#4162,.F.);
#2913=ORIENTED_EDGE('',*,*,#4124,.T.);
#2914=ORIENTED_EDGE('',*,*,#4166,.T.);
#2915=ORIENTED_EDGE('',*,*,#3726,.T.);
#2916=ORIENTED_EDGE('',*,*,#4167,.F.);
#2917=ORIENTED_EDGE('',*,*,#4168,.T.);
#2918=ORIENTED_EDGE('',*,*,#4169,.T.);
#2919=ORIENTED_EDGE('',*,*,#3732,.T.);
#2920=ORIENTED_EDGE('',*,*,#4170,.F.);
#2921=ORIENTED_EDGE('',*,*,#4171,.T.);
#2922=ORIENTED_EDGE('',*,*,#4172,.T.);
#2923=ORIENTED_EDGE('',*,*,#3740,.T.);
#2924=ORIENTED_EDGE('',*,*,#4173,.F.);
#2925=ORIENTED_EDGE('',*,*,#4174,.T.);
#2926=ORIENTED_EDGE('',*,*,#4175,.T.);
#2927=ORIENTED_EDGE('',*,*,#3746,.T.);
#2928=ORIENTED_EDGE('',*,*,#4176,.F.);
#2929=ORIENTED_EDGE('',*,*,#4177,.T.);
#2930=ORIENTED_EDGE('',*,*,#3624,.T.);
#2931=ORIENTED_EDGE('',*,*,#4178,.T.);
#2932=ORIENTED_EDGE('',*,*,#4179,.F.);
#2933=ORIENTED_EDGE('',*,*,#4180,.F.);
#2934=ORIENTED_EDGE('',*,*,#3646,.F.);
#2935=ORIENTED_EDGE('',*,*,#4181,.T.);
#2936=ORIENTED_EDGE('',*,*,#4182,.F.);
#2937=ORIENTED_EDGE('',*,*,#4183,.F.);
#2938=ORIENTED_EDGE('',*,*,#3644,.T.);
#2939=ORIENTED_EDGE('',*,*,#4184,.T.);
#2940=ORIENTED_EDGE('',*,*,#4185,.F.);
#2941=ORIENTED_EDGE('',*,*,#4186,.F.);
#2942=ORIENTED_EDGE('',*,*,#3640,.F.);
#2943=ORIENTED_EDGE('',*,*,#4187,.T.);
#2944=ORIENTED_EDGE('',*,*,#4188,.F.);
#2945=ORIENTED_EDGE('',*,*,#4189,.F.);
#2946=ORIENTED_EDGE('',*,*,#3638,.T.);
#2947=ORIENTED_EDGE('',*,*,#4190,.T.);
#2948=ORIENTED_EDGE('',*,*,#4191,.F.);
#2949=ORIENTED_EDGE('',*,*,#4192,.F.);
#2950=ORIENTED_EDGE('',*,*,#3632,.F.);
#2951=ORIENTED_EDGE('',*,*,#4193,.T.);
#2952=ORIENTED_EDGE('',*,*,#4194,.F.);
#2953=ORIENTED_EDGE('',*,*,#4195,.F.);
#2954=ORIENTED_EDGE('',*,*,#3630,.T.);
#2955=ORIENTED_EDGE('',*,*,#4196,.T.);
#2956=ORIENTED_EDGE('',*,*,#4197,.F.);
#2957=ORIENTED_EDGE('',*,*,#4198,.F.);
#2958=ORIENTED_EDGE('',*,*,#3626,.F.);
#2959=ORIENTED_EDGE('',*,*,#4199,.T.);
#2960=ORIENTED_EDGE('',*,*,#4200,.F.);
#2961=ORIENTED_EDGE('',*,*,#4201,.F.);
#2962=ORIENTED_EDGE('',*,*,#4199,.F.);
#2963=ORIENTED_EDGE('',*,*,#3625,.T.);
#2964=ORIENTED_EDGE('',*,*,#4180,.T.);
#2965=ORIENTED_EDGE('',*,*,#4202,.F.);
#2966=ORIENTED_EDGE('',*,*,#4203,.T.);
#2967=ORIENTED_EDGE('',*,*,#3747,.T.);
#2968=ORIENTED_EDGE('',*,*,#4175,.F.);
#2969=ORIENTED_EDGE('',*,*,#4204,.T.);
#2970=ORIENTED_EDGE('',*,*,#4205,.T.);
#2971=ORIENTED_EDGE('',*,*,#4178,.F.);
#2972=ORIENTED_EDGE('',*,*,#3914,.F.);
#2973=ORIENTED_EDGE('',*,*,#4203,.F.);
#2974=ORIENTED_EDGE('',*,*,#4206,.F.);
#2975=ORIENTED_EDGE('',*,*,#4207,.T.);
#2976=ORIENTED_EDGE('',*,*,#4208,.F.);
#2977=ORIENTED_EDGE('',*,*,#4207,.F.);
#2978=ORIENTED_EDGE('',*,*,#4209,.T.);
#2979=ORIENTED_EDGE('',*,*,#4210,.T.);
#2980=ORIENTED_EDGE('',*,*,#4211,.F.);
#2981=ORIENTED_EDGE('',*,*,#4210,.F.);
#2982=ORIENTED_EDGE('',*,*,#4212,.T.);
#2983=ORIENTED_EDGE('',*,*,#4213,.T.);
#2984=ORIENTED_EDGE('',*,*,#3856,.T.);
#2985=ORIENTED_EDGE('',*,*,#4183,.T.);
#2986=ORIENTED_EDGE('',*,*,#4167,.T.);
#2987=ORIENTED_EDGE('',*,*,#3725,.T.);
#2988=ORIENTED_EDGE('',*,*,#4213,.F.);
#2989=ORIENTED_EDGE('',*,*,#4214,.T.);
#2990=ORIENTED_EDGE('',*,*,#4181,.F.);
#2991=ORIENTED_EDGE('',*,*,#3645,.T.);
#2992=ORIENTED_EDGE('',*,*,#4186,.T.);
#2993=ORIENTED_EDGE('',*,*,#4215,.F.);
#2994=ORIENTED_EDGE('',*,*,#4216,.T.);
#2995=ORIENTED_EDGE('',*,*,#3727,.T.);
#2996=ORIENTED_EDGE('',*,*,#4166,.F.);
#2997=ORIENTED_EDGE('',*,*,#4217,.T.);
#2998=ORIENTED_EDGE('',*,*,#4218,.F.);
#2999=ORIENTED_EDGE('',*,*,#4184,.F.);
#3000=ORIENTED_EDGE('',*,*,#3918,.F.);
#3001=ORIENTED_EDGE('',*,*,#4216,.F.);
#3002=ORIENTED_EDGE('',*,*,#4219,.T.);
#3003=ORIENTED_EDGE('',*,*,#4220,.T.);
#3004=ORIENTED_EDGE('',*,*,#3858,.T.);
#3005=ORIENTED_EDGE('',*,*,#4189,.T.);
#3006=ORIENTED_EDGE('',*,*,#4170,.T.);
#3007=ORIENTED_EDGE('',*,*,#3731,.T.);
#3008=ORIENTED_EDGE('',*,*,#4220,.F.);
#3009=ORIENTED_EDGE('',*,*,#4221,.T.);
#3010=ORIENTED_EDGE('',*,*,#4187,.F.);
#3011=ORIENTED_EDGE('',*,*,#3639,.T.);
#3012=ORIENTED_EDGE('',*,*,#4192,.T.);
#3013=ORIENTED_EDGE('',*,*,#4222,.F.);
#3014=ORIENTED_EDGE('',*,*,#4223,.T.);
#3015=ORIENTED_EDGE('',*,*,#3733,.T.);
#3016=ORIENTED_EDGE('',*,*,#4169,.F.);
#3017=ORIENTED_EDGE('',*,*,#4224,.T.);
#3018=ORIENTED_EDGE('',*,*,#4225,.F.);
#3019=ORIENTED_EDGE('',*,*,#4190,.F.);
#3020=ORIENTED_EDGE('',*,*,#3920,.F.);
#3021=ORIENTED_EDGE('',*,*,#4223,.F.);
#3022=ORIENTED_EDGE('',*,*,#4226,.T.);
#3023=ORIENTED_EDGE('',*,*,#4227,.T.);
#3024=ORIENTED_EDGE('',*,*,#4228,.F.);
#3025=ORIENTED_EDGE('',*,*,#4227,.F.);
#3026=ORIENTED_EDGE('',*,*,#4229,.T.);
#3027=ORIENTED_EDGE('',*,*,#4230,.T.);
#3028=ORIENTED_EDGE('',*,*,#4231,.T.);
#3029=ORIENTED_EDGE('',*,*,#4230,.F.);
#3030=ORIENTED_EDGE('',*,*,#4232,.F.);
#3031=ORIENTED_EDGE('',*,*,#4233,.T.);
#3032=ORIENTED_EDGE('',*,*,#3860,.T.);
#3033=ORIENTED_EDGE('',*,*,#4195,.T.);
#3034=ORIENTED_EDGE('',*,*,#4173,.T.);
#3035=ORIENTED_EDGE('',*,*,#3739,.T.);
#3036=ORIENTED_EDGE('',*,*,#4233,.F.);
#3037=ORIENTED_EDGE('',*,*,#4234,.T.);
#3038=ORIENTED_EDGE('',*,*,#4193,.F.);
#3039=ORIENTED_EDGE('',*,*,#3631,.T.);
#3040=ORIENTED_EDGE('',*,*,#4198,.T.);
#3041=ORIENTED_EDGE('',*,*,#4235,.F.);
#3042=ORIENTED_EDGE('',*,*,#4236,.T.);
#3043=ORIENTED_EDGE('',*,*,#3741,.T.);
#3044=ORIENTED_EDGE('',*,*,#4172,.F.);
#3045=ORIENTED_EDGE('',*,*,#4237,.T.);
#3046=ORIENTED_EDGE('',*,*,#4238,.T.);
#3047=ORIENTED_EDGE('',*,*,#4196,.F.);
#3048=ORIENTED_EDGE('',*,*,#3924,.F.);
#3049=ORIENTED_EDGE('',*,*,#4236,.F.);
#3050=ORIENTED_EDGE('',*,*,#4239,.F.);
#3051=ORIENTED_EDGE('',*,*,#4240,.T.);
#3052=ORIENTED_EDGE('',*,*,#3862,.T.);
#3053=ORIENTED_EDGE('',*,*,#4201,.T.);
#3054=ORIENTED_EDGE('',*,*,#4176,.T.);
#3055=ORIENTED_EDGE('',*,*,#3745,.T.);
#3056=ORIENTED_EDGE('',*,*,#4240,.F.);
#3057=ORIENTED_EDGE('',*,*,#4241,.T.);
#3058=ORIENTED_EDGE('',*,*,#4177,.F.);
#3059=ORIENTED_EDGE('',*,*,#4241,.F.);
#3060=ORIENTED_EDGE('',*,*,#4239,.T.);
#3061=ORIENTED_EDGE('',*,*,#4237,.F.);
#3062=ORIENTED_EDGE('',*,*,#4174,.F.);
#3063=ORIENTED_EDGE('',*,*,#4234,.F.);
#3064=ORIENTED_EDGE('',*,*,#4232,.T.);
#3065=ORIENTED_EDGE('',*,*,#4229,.F.);
#3066=ORIENTED_EDGE('',*,*,#4226,.F.);
#3067=ORIENTED_EDGE('',*,*,#4224,.F.);
#3068=ORIENTED_EDGE('',*,*,#4171,.F.);
#3069=ORIENTED_EDGE('',*,*,#4221,.F.);
#3070=ORIENTED_EDGE('',*,*,#4219,.F.);
#3071=ORIENTED_EDGE('',*,*,#4217,.F.);
#3072=ORIENTED_EDGE('',*,*,#4168,.F.);
#3073=ORIENTED_EDGE('',*,*,#4214,.F.);
#3074=ORIENTED_EDGE('',*,*,#4212,.F.);
#3075=ORIENTED_EDGE('',*,*,#4209,.F.);
#3076=ORIENTED_EDGE('',*,*,#4206,.T.);
#3077=ORIENTED_EDGE('',*,*,#4204,.F.);
#3078=ORIENTED_EDGE('',*,*,#4202,.T.);
#3079=ORIENTED_EDGE('',*,*,#4179,.T.);
#3080=ORIENTED_EDGE('',*,*,#4205,.F.);
#3081=ORIENTED_EDGE('',*,*,#4208,.T.);
#3082=ORIENTED_EDGE('',*,*,#4211,.T.);
#3083=ORIENTED_EDGE('',*,*,#4182,.T.);
#3084=ORIENTED_EDGE('',*,*,#4215,.T.);
#3085=ORIENTED_EDGE('',*,*,#4185,.T.);
#3086=ORIENTED_EDGE('',*,*,#4218,.T.);
#3087=ORIENTED_EDGE('',*,*,#4188,.T.);
#3088=ORIENTED_EDGE('',*,*,#4222,.T.);
#3089=ORIENTED_EDGE('',*,*,#4191,.T.);
#3090=ORIENTED_EDGE('',*,*,#4225,.T.);
#3091=ORIENTED_EDGE('',*,*,#4228,.T.);
#3092=ORIENTED_EDGE('',*,*,#4231,.F.);
#3093=ORIENTED_EDGE('',*,*,#4194,.T.);
#3094=ORIENTED_EDGE('',*,*,#4235,.T.);
#3095=ORIENTED_EDGE('',*,*,#4197,.T.);
#3096=ORIENTED_EDGE('',*,*,#4238,.F.);
#3097=ORIENTED_EDGE('',*,*,#4200,.T.);
#3098=ORIENTED_EDGE('',*,*,#4242,.T.);
#3099=ORIENTED_EDGE('',*,*,#3698,.T.);
#3100=ORIENTED_EDGE('',*,*,#4243,.F.);
#3101=ORIENTED_EDGE('',*,*,#4244,.T.);
#3102=ORIENTED_EDGE('',*,*,#4245,.T.);
#3103=ORIENTED_EDGE('',*,*,#3704,.T.);
#3104=ORIENTED_EDGE('',*,*,#4246,.F.);
#3105=ORIENTED_EDGE('',*,*,#4247,.T.);
#3106=ORIENTED_EDGE('',*,*,#4248,.T.);
#3107=ORIENTED_EDGE('',*,*,#3712,.T.);
#3108=ORIENTED_EDGE('',*,*,#4249,.F.);
#3109=ORIENTED_EDGE('',*,*,#4250,.T.);
#3110=ORIENTED_EDGE('',*,*,#4251,.T.);
#3111=ORIENTED_EDGE('',*,*,#3718,.T.);
#3112=ORIENTED_EDGE('',*,*,#4252,.F.);
#3113=ORIENTED_EDGE('',*,*,#4253,.T.);
#3114=ORIENTED_EDGE('',*,*,#3652,.T.);
#3115=ORIENTED_EDGE('',*,*,#4254,.T.);
#3116=ORIENTED_EDGE('',*,*,#4255,.F.);
#3117=ORIENTED_EDGE('',*,*,#4256,.F.);
#3118=ORIENTED_EDGE('',*,*,#3674,.F.);
#3119=ORIENTED_EDGE('',*,*,#4257,.T.);
#3120=ORIENTED_EDGE('',*,*,#4258,.F.);
#3121=ORIENTED_EDGE('',*,*,#4259,.F.);
#3122=ORIENTED_EDGE('',*,*,#3672,.T.);
#3123=ORIENTED_EDGE('',*,*,#4260,.T.);
#3124=ORIENTED_EDGE('',*,*,#4261,.F.);
#3125=ORIENTED_EDGE('',*,*,#4262,.F.);
#3126=ORIENTED_EDGE('',*,*,#3668,.F.);
#3127=ORIENTED_EDGE('',*,*,#4263,.T.);
#3128=ORIENTED_EDGE('',*,*,#4264,.F.);
#3129=ORIENTED_EDGE('',*,*,#4265,.F.);
#3130=ORIENTED_EDGE('',*,*,#3666,.T.);
#3131=ORIENTED_EDGE('',*,*,#4266,.T.);
#3132=ORIENTED_EDGE('',*,*,#4267,.F.);
#3133=ORIENTED_EDGE('',*,*,#4268,.F.);
#3134=ORIENTED_EDGE('',*,*,#3660,.F.);
#3135=ORIENTED_EDGE('',*,*,#4269,.T.);
#3136=ORIENTED_EDGE('',*,*,#4270,.F.);
#3137=ORIENTED_EDGE('',*,*,#4271,.F.);
#3138=ORIENTED_EDGE('',*,*,#3658,.T.);
#3139=ORIENTED_EDGE('',*,*,#4272,.T.);
#3140=ORIENTED_EDGE('',*,*,#4273,.F.);
#3141=ORIENTED_EDGE('',*,*,#4274,.F.);
#3142=ORIENTED_EDGE('',*,*,#3654,.F.);
#3143=ORIENTED_EDGE('',*,*,#4275,.T.);
#3144=ORIENTED_EDGE('',*,*,#4276,.F.);
#3145=ORIENTED_EDGE('',*,*,#4277,.F.);
#3146=ORIENTED_EDGE('',*,*,#4275,.F.);
#3147=ORIENTED_EDGE('',*,*,#3653,.T.);
#3148=ORIENTED_EDGE('',*,*,#4256,.T.);
#3149=ORIENTED_EDGE('',*,*,#4278,.F.);
#3150=ORIENTED_EDGE('',*,*,#4279,.T.);
#3151=ORIENTED_EDGE('',*,*,#3719,.T.);
#3152=ORIENTED_EDGE('',*,*,#4251,.F.);
#3153=ORIENTED_EDGE('',*,*,#4280,.T.);
#3154=ORIENTED_EDGE('',*,*,#4281,.T.);
#3155=ORIENTED_EDGE('',*,*,#4254,.F.);
#3156=ORIENTED_EDGE('',*,*,#3926,.F.);
#3157=ORIENTED_EDGE('',*,*,#4279,.F.);
#3158=ORIENTED_EDGE('',*,*,#4282,.F.);
#3159=ORIENTED_EDGE('',*,*,#4283,.T.);
#3160=ORIENTED_EDGE('',*,*,#4284,.F.);
#3161=ORIENTED_EDGE('',*,*,#4283,.F.);
#3162=ORIENTED_EDGE('',*,*,#4285,.T.);
#3163=ORIENTED_EDGE('',*,*,#4286,.T.);
#3164=ORIENTED_EDGE('',*,*,#4287,.F.);
#3165=ORIENTED_EDGE('',*,*,#4286,.F.);
#3166=ORIENTED_EDGE('',*,*,#4288,.T.);
#3167=ORIENTED_EDGE('',*,*,#4289,.T.);
#3168=ORIENTED_EDGE('',*,*,#3864,.T.);
#3169=ORIENTED_EDGE('',*,*,#4259,.T.);
#3170=ORIENTED_EDGE('',*,*,#4243,.T.);
#3171=ORIENTED_EDGE('',*,*,#3697,.T.);
#3172=ORIENTED_EDGE('',*,*,#4289,.F.);
#3173=ORIENTED_EDGE('',*,*,#4290,.T.);
#3174=ORIENTED_EDGE('',*,*,#4257,.F.);
#3175=ORIENTED_EDGE('',*,*,#3673,.T.);
#3176=ORIENTED_EDGE('',*,*,#4262,.T.);
#3177=ORIENTED_EDGE('',*,*,#4291,.F.);
#3178=ORIENTED_EDGE('',*,*,#4292,.T.);
#3179=ORIENTED_EDGE('',*,*,#3699,.T.);
#3180=ORIENTED_EDGE('',*,*,#4242,.F.);
#3181=ORIENTED_EDGE('',*,*,#4293,.T.);
#3182=ORIENTED_EDGE('',*,*,#4294,.F.);
#3183=ORIENTED_EDGE('',*,*,#4260,.F.);
#3184=ORIENTED_EDGE('',*,*,#3930,.F.);
#3185=ORIENTED_EDGE('',*,*,#4292,.F.);
#3186=ORIENTED_EDGE('',*,*,#4295,.T.);
#3187=ORIENTED_EDGE('',*,*,#4296,.T.);
#3188=ORIENTED_EDGE('',*,*,#3866,.T.);
#3189=ORIENTED_EDGE('',*,*,#4265,.T.);
#3190=ORIENTED_EDGE('',*,*,#4246,.T.);
#3191=ORIENTED_EDGE('',*,*,#3703,.T.);
#3192=ORIENTED_EDGE('',*,*,#4296,.F.);
#3193=ORIENTED_EDGE('',*,*,#4297,.T.);
#3194=ORIENTED_EDGE('',*,*,#4263,.F.);
#3195=ORIENTED_EDGE('',*,*,#3667,.T.);
#3196=ORIENTED_EDGE('',*,*,#4268,.T.);
#3197=ORIENTED_EDGE('',*,*,#4298,.F.);
#3198=ORIENTED_EDGE('',*,*,#4299,.T.);
#3199=ORIENTED_EDGE('',*,*,#3705,.T.);
#3200=ORIENTED_EDGE('',*,*,#4245,.F.);
#3201=ORIENTED_EDGE('',*,*,#4300,.T.);
#3202=ORIENTED_EDGE('',*,*,#4301,.F.);
#3203=ORIENTED_EDGE('',*,*,#4266,.F.);
#3204=ORIENTED_EDGE('',*,*,#3932,.F.);
#3205=ORIENTED_EDGE('',*,*,#4299,.F.);
#3206=ORIENTED_EDGE('',*,*,#4302,.T.);
#3207=ORIENTED_EDGE('',*,*,#4303,.T.);
#3208=ORIENTED_EDGE('',*,*,#4304,.F.);
#3209=ORIENTED_EDGE('',*,*,#4303,.F.);
#3210=ORIENTED_EDGE('',*,*,#4305,.T.);
#3211=ORIENTED_EDGE('',*,*,#4306,.T.);
#3212=ORIENTED_EDGE('',*,*,#4307,.T.);
#3213=ORIENTED_EDGE('',*,*,#4306,.F.);
#3214=ORIENTED_EDGE('',*,*,#4308,.F.);
#3215=ORIENTED_EDGE('',*,*,#4309,.T.);
#3216=ORIENTED_EDGE('',*,*,#3868,.T.);
#3217=ORIENTED_EDGE('',*,*,#4271,.T.);
#3218=ORIENTED_EDGE('',*,*,#4249,.T.);
#3219=ORIENTED_EDGE('',*,*,#3711,.T.);
#3220=ORIENTED_EDGE('',*,*,#4309,.F.);
#3221=ORIENTED_EDGE('',*,*,#4310,.T.);
#3222=ORIENTED_EDGE('',*,*,#4269,.F.);
#3223=ORIENTED_EDGE('',*,*,#3659,.T.);
#3224=ORIENTED_EDGE('',*,*,#4274,.T.);
#3225=ORIENTED_EDGE('',*,*,#4311,.F.);
#3226=ORIENTED_EDGE('',*,*,#4312,.T.);
#3227=ORIENTED_EDGE('',*,*,#3713,.T.);
#3228=ORIENTED_EDGE('',*,*,#4248,.F.);
#3229=ORIENTED_EDGE('',*,*,#4313,.T.);
#3230=ORIENTED_EDGE('',*,*,#4314,.T.);
#3231=ORIENTED_EDGE('',*,*,#4272,.F.);
#3232=ORIENTED_EDGE('',*,*,#3936,.F.);
#3233=ORIENTED_EDGE('',*,*,#4312,.F.);
#3234=ORIENTED_EDGE('',*,*,#4315,.F.);
#3235=ORIENTED_EDGE('',*,*,#4316,.T.);
#3236=ORIENTED_EDGE('',*,*,#3870,.T.);
#3237=ORIENTED_EDGE('',*,*,#4277,.T.);
#3238=ORIENTED_EDGE('',*,*,#4252,.T.);
#3239=ORIENTED_EDGE('',*,*,#3717,.T.);
#3240=ORIENTED_EDGE('',*,*,#4316,.F.);
#3241=ORIENTED_EDGE('',*,*,#4317,.T.);
#3242=ORIENTED_EDGE('',*,*,#4253,.F.);
#3243=ORIENTED_EDGE('',*,*,#4317,.F.);
#3244=ORIENTED_EDGE('',*,*,#4315,.T.);
#3245=ORIENTED_EDGE('',*,*,#4313,.F.);
#3246=ORIENTED_EDGE('',*,*,#4250,.F.);
#3247=ORIENTED_EDGE('',*,*,#4310,.F.);
#3248=ORIENTED_EDGE('',*,*,#4308,.T.);
#3249=ORIENTED_EDGE('',*,*,#4305,.F.);
#3250=ORIENTED_EDGE('',*,*,#4302,.F.);
#3251=ORIENTED_EDGE('',*,*,#4300,.F.);
#3252=ORIENTED_EDGE('',*,*,#4247,.F.);
#3253=ORIENTED_EDGE('',*,*,#4297,.F.);
#3254=ORIENTED_EDGE('',*,*,#4295,.F.);
#3255=ORIENTED_EDGE('',*,*,#4293,.F.);
#3256=ORIENTED_EDGE('',*,*,#4244,.F.);
#3257=ORIENTED_EDGE('',*,*,#4290,.F.);
#3258=ORIENTED_EDGE('',*,*,#4288,.F.);
#3259=ORIENTED_EDGE('',*,*,#4285,.F.);
#3260=ORIENTED_EDGE('',*,*,#4282,.T.);
#3261=ORIENTED_EDGE('',*,*,#4280,.F.);
#3262=ORIENTED_EDGE('',*,*,#4278,.T.);
#3263=ORIENTED_EDGE('',*,*,#4255,.T.);
#3264=ORIENTED_EDGE('',*,*,#4281,.F.);
#3265=ORIENTED_EDGE('',*,*,#4284,.T.);
#3266=ORIENTED_EDGE('',*,*,#4287,.T.);
#3267=ORIENTED_EDGE('',*,*,#4258,.T.);
#3268=ORIENTED_EDGE('',*,*,#4291,.T.);
#3269=ORIENTED_EDGE('',*,*,#4261,.T.);
#3270=ORIENTED_EDGE('',*,*,#4294,.T.);
#3271=ORIENTED_EDGE('',*,*,#4264,.T.);
#3272=ORIENTED_EDGE('',*,*,#4298,.T.);
#3273=ORIENTED_EDGE('',*,*,#4267,.T.);
#3274=ORIENTED_EDGE('',*,*,#4301,.T.);
#3275=ORIENTED_EDGE('',*,*,#4304,.T.);
#3276=ORIENTED_EDGE('',*,*,#4307,.F.);
#3277=ORIENTED_EDGE('',*,*,#4270,.T.);
#3278=ORIENTED_EDGE('',*,*,#4311,.T.);
#3279=ORIENTED_EDGE('',*,*,#4273,.T.);
#3280=ORIENTED_EDGE('',*,*,#4314,.F.);
#3281=ORIENTED_EDGE('',*,*,#4276,.T.);
#3282=ORIENTED_EDGE('',*,*,#4318,.F.);
#3283=ORIENTED_EDGE('',*,*,#3533,.F.);
#3284=ORIENTED_EDGE('',*,*,#4319,.F.);
#3285=ORIENTED_EDGE('',*,*,#4319,.T.);
#3286=ORIENTED_EDGE('',*,*,#3532,.T.);
#3287=ORIENTED_EDGE('',*,*,#4320,.F.);
#3288=ORIENTED_EDGE('',*,*,#3689,.F.);
#3289=ORIENTED_EDGE('',*,*,#4318,.T.);
#3290=ORIENTED_EDGE('',*,*,#3688,.F.);
#3291=ORIENTED_EDGE('',*,*,#4321,.F.);
#3292=ORIENTED_EDGE('',*,*,#3534,.F.);
#3293=ORIENTED_EDGE('',*,*,#4320,.T.);
#3294=ORIENTED_EDGE('',*,*,#3531,.F.);
#3295=ORIENTED_EDGE('',*,*,#4322,.F.);
#3296=ORIENTED_EDGE('',*,*,#3535,.F.);
#3297=ORIENTED_EDGE('',*,*,#4321,.T.);
#3298=ORIENTED_EDGE('',*,*,#4323,.F.);
#3299=ORIENTED_EDGE('',*,*,#4322,.T.);
#3300=ORIENTED_EDGE('',*,*,#3530,.T.);
#3301=ORIENTED_EDGE('',*,*,#4324,.F.);
#3302=ORIENTED_EDGE('',*,*,#3690,.F.);
#3303=ORIENTED_EDGE('',*,*,#4323,.T.);
#3304=ORIENTED_EDGE('',*,*,#3691,.F.);
#3305=ORIENTED_EDGE('',*,*,#4325,.F.);
#3306=ORIENTED_EDGE('',*,*,#3528,.F.);
#3307=ORIENTED_EDGE('',*,*,#4325,.T.);
#3308=ORIENTED_EDGE('',*,*,#4324,.T.);
#3309=ORIENTED_EDGE('',*,*,#3529,.F.);
#3310=ORIENTED_EDGE('',*,*,#4326,.F.);
#3311=ORIENTED_EDGE('',*,*,#3687,.F.);
#3312=ORIENTED_EDGE('',*,*,#4327,.F.);
#3313=ORIENTED_EDGE('',*,*,#3679,.F.);
#3314=ORIENTED_EDGE('',*,*,#4327,.T.);
#3315=ORIENTED_EDGE('',*,*,#3686,.F.);
#3316=ORIENTED_EDGE('',*,*,#4328,.F.);
#3317=ORIENTED_EDGE('',*,*,#3680,.T.);
#3318=ORIENTED_EDGE('',*,*,#4326,.T.);
#3319=ORIENTED_EDGE('',*,*,#3678,.F.);
#3320=ORIENTED_EDGE('',*,*,#4329,.F.);
#3321=ORIENTED_EDGE('',*,*,#3684,.F.);
#3322=ORIENTED_EDGE('',*,*,#4328,.T.);
#3323=ORIENTED_EDGE('',*,*,#3685,.F.);
#3324=ORIENTED_EDGE('',*,*,#4329,.T.);
#3325=ORIENTED_EDGE('',*,*,#3681,.T.);
#3326=ORIENTED_EDGE('',*,*,#4330,.T.);
#3327=ORIENTED_EDGE('',*,*,#4331,.F.);
#3328=ORIENTED_EDGE('',*,*,#4332,.F.);
#3329=ORIENTED_EDGE('',*,*,#3527,.T.);
#3330=ORIENTED_EDGE('',*,*,#4330,.F.);
#3331=ORIENTED_EDGE('',*,*,#4332,.T.);
#3332=ORIENTED_EDGE('',*,*,#4331,.T.);
#3333=ORIENTED_EDGE('',*,*,#4333,.T.);
#3334=ORIENTED_EDGE('',*,*,#4334,.F.);
#3335=ORIENTED_EDGE('',*,*,#4335,.F.);
#3336=ORIENTED_EDGE('',*,*,#3526,.T.);
#3337=ORIENTED_EDGE('',*,*,#4333,.F.);
#3338=ORIENTED_EDGE('',*,*,#4335,.T.);
#3339=ORIENTED_EDGE('',*,*,#4334,.T.);
#3340=ORIENTED_EDGE('',*,*,#4336,.T.);
#3341=ORIENTED_EDGE('',*,*,#3682,.F.);
#3342=ORIENTED_EDGE('',*,*,#4337,.F.);
#3343=ORIENTED_EDGE('',*,*,#4338,.T.);
#3344=ORIENTED_EDGE('',*,*,#4336,.F.);
#3345=ORIENTED_EDGE('',*,*,#4337,.T.);
#3346=ORIENTED_EDGE('',*,*,#4338,.F.);
#3347=ORIENTED_EDGE('',*,*,#4339,.T.);
#3348=ORIENTED_EDGE('',*,*,#3683,.F.);
#3349=ORIENTED_EDGE('',*,*,#4340,.F.);
#3350=ORIENTED_EDGE('',*,*,#4341,.T.);
#3351=ORIENTED_EDGE('',*,*,#4339,.F.);
#3352=ORIENTED_EDGE('',*,*,#4340,.T.);
#3353=ORIENTED_EDGE('',*,*,#4341,.F.);
#3354=ORIENTED_EDGE('',*,*,#4342,.T.);
#3355=ORIENTED_EDGE('',*,*,#4343,.F.);
#3356=ORIENTED_EDGE('',*,*,#4344,.F.);
#3357=ORIENTED_EDGE('',*,*,#4345,.F.);
#3358=ORIENTED_EDGE('',*,*,#4346,.T.);
#3359=ORIENTED_EDGE('',*,*,#4347,.T.);
#3360=ORIENTED_EDGE('',*,*,#4348,.F.);
#3361=ORIENTED_EDGE('',*,*,#4349,.T.);
#3362=ORIENTED_EDGE('',*,*,#4350,.F.);
#3363=ORIENTED_EDGE('',*,*,#4351,.F.);
#3364=ORIENTED_EDGE('',*,*,#4352,.T.);
#3365=ORIENTED_EDGE('',*,*,#4353,.T.);
#3366=ORIENTED_EDGE('',*,*,#4354,.T.);
#3367=ORIENTED_EDGE('',*,*,#4355,.T.);
#3368=ORIENTED_EDGE('',*,*,#4356,.T.);
#3369=ORIENTED_EDGE('',*,*,#4357,.T.);
#3370=ORIENTED_EDGE('',*,*,#4358,.T.);
#3371=ORIENTED_EDGE('',*,*,#4359,.F.);
#3372=ORIENTED_EDGE('',*,*,#4347,.F.);
#3373=ORIENTED_EDGE('',*,*,#4360,.T.);
#3374=ORIENTED_EDGE('',*,*,#4361,.F.);
#3375=ORIENTED_EDGE('',*,*,#4362,.F.);
#3376=ORIENTED_EDGE('',*,*,#4363,.F.);
#3377=ORIENTED_EDGE('',*,*,#4364,.F.);
#3378=ORIENTED_EDGE('',*,*,#4365,.F.);
#3379=ORIENTED_EDGE('',*,*,#4366,.T.);
#3380=ORIENTED_EDGE('',*,*,#4367,.T.);
#3381=ORIENTED_EDGE('',*,*,#4368,.T.);
#3382=ORIENTED_EDGE('',*,*,#4369,.F.);
#3383=ORIENTED_EDGE('',*,*,#4370,.F.);
#3384=ORIENTED_EDGE('',*,*,#4371,.F.);
#3385=ORIENTED_EDGE('',*,*,#4372,.F.);
#3386=ORIENTED_EDGE('',*,*,#4345,.T.);
#3387=ORIENTED_EDGE('',*,*,#4373,.T.);
#3388=ORIENTED_EDGE('',*,*,#4374,.T.);
#3389=ORIENTED_EDGE('',*,*,#4360,.F.);
#3390=ORIENTED_EDGE('',*,*,#4346,.F.);
#3391=ORIENTED_EDGE('',*,*,#4372,.T.);
#3392=ORIENTED_EDGE('',*,*,#4375,.F.);
#3393=ORIENTED_EDGE('',*,*,#4373,.F.);
#3394=ORIENTED_EDGE('',*,*,#4348,.T.);
#3395=ORIENTED_EDGE('',*,*,#4359,.T.);
#3396=ORIENTED_EDGE('',*,*,#4374,.F.);
#3397=ORIENTED_EDGE('',*,*,#4371,.T.);
#3398=ORIENTED_EDGE('',*,*,#4375,.T.);
#3399=ORIENTED_EDGE('',*,*,#4358,.F.);
#3400=ORIENTED_EDGE('',*,*,#4376,.T.);
#3401=ORIENTED_EDGE('',*,*,#4377,.T.);
#3402=ORIENTED_EDGE('',*,*,#4378,.T.);
#3403=ORIENTED_EDGE('',*,*,#4379,.T.);
#3404=ORIENTED_EDGE('',*,*,#4380,.F.);
#3405=ORIENTED_EDGE('',*,*,#4381,.T.);
#3406=ORIENTED_EDGE('',*,*,#4382,.F.);
#3407=ORIENTED_EDGE('',*,*,#4383,.T.);
#3408=ORIENTED_EDGE('',*,*,#4378,.F.);
#3409=ORIENTED_EDGE('',*,*,#4384,.T.);
#3410=ORIENTED_EDGE('',*,*,#4385,.T.);
#3411=ORIENTED_EDGE('',*,*,#4386,.T.);
#3412=ORIENTED_EDGE('',*,*,#4380,.T.);
#3413=ORIENTED_EDGE('',*,*,#4387,.T.);
#3414=ORIENTED_EDGE('',*,*,#4388,.T.);
#3415=ORIENTED_EDGE('',*,*,#4389,.T.);
#3416=ORIENTED_EDGE('',*,*,#4390,.F.);
#3417=ORIENTED_EDGE('',*,*,#4391,.F.);
#3418=ORIENTED_EDGE('',*,*,#4392,.F.);
#3419=ORIENTED_EDGE('',*,*,#4393,.F.);
#3420=ORIENTED_EDGE('',*,*,#4394,.T.);
#3421=ORIENTED_EDGE('',*,*,#4395,.T.);
#3422=ORIENTED_EDGE('',*,*,#4396,.T.);
#3423=ORIENTED_EDGE('',*,*,#4397,.F.);
#3424=ORIENTED_EDGE('',*,*,#4398,.F.);
#3425=ORIENTED_EDGE('',*,*,#4399,.F.);
#3426=ORIENTED_EDGE('',*,*,#4400,.T.);
#3427=ORIENTED_EDGE('',*,*,#4401,.T.);
#3428=ORIENTED_EDGE('',*,*,#4382,.T.);
#3429=ORIENTED_EDGE('',*,*,#4402,.T.);
#3430=ORIENTED_EDGE('',*,*,#4403,.T.);
#3431=ORIENTED_EDGE('',*,*,#4404,.T.);
#3432=ORIENTED_EDGE('',*,*,#4376,.F.);
#3433=ORIENTED_EDGE('',*,*,#4405,.T.);
#3434=ORIENTED_EDGE('',*,*,#4406,.F.);
#3435=ORIENTED_EDGE('',*,*,#4402,.F.);
#3436=ORIENTED_EDGE('',*,*,#4381,.F.);
#3437=ORIENTED_EDGE('',*,*,#4389,.F.);
#3438=ORIENTED_EDGE('',*,*,#4407,.F.);
#3439=ORIENTED_EDGE('',*,*,#4406,.T.);
#3440=ORIENTED_EDGE('',*,*,#4408,.F.);
#3441=ORIENTED_EDGE('',*,*,#4379,.F.);
#3442=ORIENTED_EDGE('',*,*,#4386,.F.);
#3443=ORIENTED_EDGE('',*,*,#4409,.F.);
#3444=ORIENTED_EDGE('',*,*,#4387,.F.);
#3445=ORIENTED_EDGE('',*,*,#4408,.T.);
#3446=ORIENTED_EDGE('',*,*,#4388,.F.);
#3447=ORIENTED_EDGE('',*,*,#4410,.F.);
#3448=ORIENTED_EDGE('',*,*,#4354,.F.);
#3449=ORIENTED_EDGE('',*,*,#4407,.T.);
#3450=ORIENTED_EDGE('',*,*,#4353,.F.);
#3451=ORIENTED_EDGE('',*,*,#4411,.F.);
#3452=ORIENTED_EDGE('',*,*,#4400,.F.);
#3453=ORIENTED_EDGE('',*,*,#4383,.F.);
#3454=ORIENTED_EDGE('',*,*,#4401,.F.);
#3455=ORIENTED_EDGE('',*,*,#4412,.F.);
#3456=ORIENTED_EDGE('',*,*,#4405,.F.);
#3457=ORIENTED_EDGE('',*,*,#4410,.T.);
#3458=ORIENTED_EDGE('',*,*,#4409,.T.);
#3459=ORIENTED_EDGE('',*,*,#4413,.F.);
#3460=ORIENTED_EDGE('',*,*,#4412,.T.);
#3461=ORIENTED_EDGE('',*,*,#4411,.T.);
#3462=ORIENTED_EDGE('',*,*,#4414,.F.);
#3463=ORIENTED_EDGE('',*,*,#4413,.T.);
#3464=ORIENTED_EDGE('',*,*,#4385,.F.);
#3465=ORIENTED_EDGE('',*,*,#4415,.F.);
#3466=ORIENTED_EDGE('',*,*,#4355,.F.);
#3467=ORIENTED_EDGE('',*,*,#4414,.T.);
#3468=ORIENTED_EDGE('',*,*,#4352,.F.);
#3469=ORIENTED_EDGE('',*,*,#4416,.F.);
#3470=ORIENTED_EDGE('',*,*,#4403,.F.);
#3471=ORIENTED_EDGE('',*,*,#4416,.T.);
#3472=ORIENTED_EDGE('',*,*,#4415,.T.);
#3473=ORIENTED_EDGE('',*,*,#4417,.F.);
#3474=ORIENTED_EDGE('',*,*,#4417,.T.);
#3475=ORIENTED_EDGE('',*,*,#4384,.F.);
#3476=ORIENTED_EDGE('',*,*,#4377,.F.);
#3477=ORIENTED_EDGE('',*,*,#4404,.F.);
#3478=ORIENTED_EDGE('',*,*,#4390,.T.);
#3479=ORIENTED_EDGE('',*,*,#4418,.T.);
#3480=ORIENTED_EDGE('',*,*,#4362,.T.);
#3481=ORIENTED_EDGE('',*,*,#4419,.F.);
#3482=ORIENTED_EDGE('',*,*,#4391,.T.);
#3483=ORIENTED_EDGE('',*,*,#4419,.T.);
#3484=ORIENTED_EDGE('',*,*,#4361,.T.);
#3485=ORIENTED_EDGE('',*,*,#4420,.F.);
#3486=ORIENTED_EDGE('',*,*,#4392,.T.);
#3487=ORIENTED_EDGE('',*,*,#4420,.T.);
#3488=ORIENTED_EDGE('',*,*,#4370,.T.);
#3489=ORIENTED_EDGE('',*,*,#4421,.F.);
#3490=ORIENTED_EDGE('',*,*,#4393,.T.);
#3491=ORIENTED_EDGE('',*,*,#4421,.T.);
#3492=ORIENTED_EDGE('',*,*,#4369,.T.);
#3493=ORIENTED_EDGE('',*,*,#4422,.F.);
#3494=ORIENTED_EDGE('',*,*,#4422,.T.);
#3495=ORIENTED_EDGE('',*,*,#4368,.F.);
#3496=ORIENTED_EDGE('',*,*,#4423,.F.);
#3497=ORIENTED_EDGE('',*,*,#4394,.F.);
#3498=ORIENTED_EDGE('',*,*,#4423,.T.);
#3499=ORIENTED_EDGE('',*,*,#4367,.F.);
#3500=ORIENTED_EDGE('',*,*,#4424,.F.);
#3501=ORIENTED_EDGE('',*,*,#4395,.F.);
#3502=ORIENTED_EDGE('',*,*,#4424,.T.);
#3503=ORIENTED_EDGE('',*,*,#4366,.F.);
#3504=ORIENTED_EDGE('',*,*,#4425,.F.);
#3505=ORIENTED_EDGE('',*,*,#4396,.F.);
#3506=ORIENTED_EDGE('',*,*,#4397,.T.);
#3507=ORIENTED_EDGE('',*,*,#4425,.T.);
#3508=ORIENTED_EDGE('',*,*,#4365,.T.);
#3509=ORIENTED_EDGE('',*,*,#4426,.F.);
#3510=ORIENTED_EDGE('',*,*,#4398,.T.);
#3511=ORIENTED_EDGE('',*,*,#4426,.T.);
#3512=ORIENTED_EDGE('',*,*,#4364,.T.);
#3513=ORIENTED_EDGE('',*,*,#4427,.F.);
#3514=ORIENTED_EDGE('',*,*,#4399,.T.);
#3515=ORIENTED_EDGE('',*,*,#4427,.T.);
#3516=ORIENTED_EDGE('',*,*,#4363,.T.);
#3517=ORIENTED_EDGE('',*,*,#4418,.F.);
#3518=ORIENTED_EDGE('',*,*,#4344,.T.);
#3519=ORIENTED_EDGE('',*,*,#4351,.T.);
#3520=ORIENTED_EDGE('',*,*,#4343,.T.);
#3521=ORIENTED_EDGE('',*,*,#4350,.T.);
#3522=ORIENTED_EDGE('',*,*,#4342,.F.);
#3523=ORIENTED_EDGE('',*,*,#4356,.F.);
#3524=ORIENTED_EDGE('',*,*,#4349,.F.);
#3525=ORIENTED_EDGE('',*,*,#4357,.F.);
#3526=EDGE_CURVE('',#4428,#4428,#5008,.F.);
#3527=EDGE_CURVE('',#4429,#4429,#5009,.F.);
#3528=EDGE_CURVE('',#4430,#4431,#62,.T.);
#3529=EDGE_CURVE('',#4431,#4432,#5010,.F.);
#3530=EDGE_CURVE('',#4433,#4432,#63,.T.);
#3531=EDGE_CURVE('',#4433,#4434,#5011,.F.);
#3532=EDGE_CURVE('',#4435,#4434,#64,.T.);
#3533=EDGE_CURVE('',#4435,#4436,#5012,.F.);
#3534=EDGE_CURVE('',#4436,#4437,#65,.T.);
#3535=EDGE_CURVE('',#4437,#4430,#5013,.F.);
#3536=EDGE_CURVE('',#4438,#4438,#5014,.T.);
#3537=EDGE_CURVE('',#4439,#4439,#5015,.T.);
#3538=EDGE_CURVE('',#4440,#4441,#66,.T.);
#3539=EDGE_CURVE('',#4442,#4441,#67,.T.);
#3540=EDGE_CURVE('',#4443,#4442,#68,.T.);
#3541=EDGE_CURVE('',#4444,#4443,#69,.T.);
#3542=EDGE_CURVE('',#4444,#4445,#70,.T.);
#3543=EDGE_CURVE('',#4446,#4445,#71,.T.);
#3544=EDGE_CURVE('',#4446,#4447,#72,.T.);
#3545=EDGE_CURVE('',#4448,#4447,#73,.T.);
#3546=EDGE_CURVE('',#4449,#4448,#74,.T.);
#3547=EDGE_CURVE('',#4450,#4449,#75,.T.);
#3548=EDGE_CURVE('',#4450,#4451,#76,.T.);
#3549=EDGE_CURVE('',#4452,#4451,#77,.T.);
#3550=EDGE_CURVE('',#4452,#4453,#78,.T.);
#3551=EDGE_CURVE('',#4454,#4453,#79,.T.);
#3552=EDGE_CURVE('',#4455,#4454,#80,.T.);
#3553=EDGE_CURVE('',#4456,#4455,#81,.T.);
#3554=EDGE_CURVE('',#4457,#4456,#82,.T.);
#3555=EDGE_CURVE('',#4458,#4457,#83,.T.);
#3556=EDGE_CURVE('',#4458,#4459,#84,.T.);
#3557=EDGE_CURVE('',#4460,#4459,#85,.T.);
#3558=EDGE_CURVE('',#4461,#4460,#86,.T.);
#3559=EDGE_CURVE('',#4462,#4461,#87,.T.);
#3560=EDGE_CURVE('',#4463,#4462,#88,.T.);
#3561=EDGE_CURVE('',#4464,#4463,#89,.T.);
#3562=EDGE_CURVE('',#4464,#4465,#90,.T.);
#3563=EDGE_CURVE('',#4466,#4465,#91,.T.);
#3564=EDGE_CURVE('',#4467,#4466,#92,.T.);
#3565=EDGE_CURVE('',#4440,#4467,#93,.T.);
#3566=EDGE_CURVE('',#4468,#4469,#94,.T.);
#3567=EDGE_CURVE('',#4470,#4469,#95,.T.);
#3568=EDGE_CURVE('',#4471,#4470,#96,.T.);
#3569=EDGE_CURVE('',#4472,#4471,#97,.T.);
#3570=EDGE_CURVE('',#4472,#4473,#98,.T.);
#3571=EDGE_CURVE('',#4474,#4473,#99,.T.);
#3572=EDGE_CURVE('',#4474,#4475,#100,.T.);
#3573=EDGE_CURVE('',#4476,#4475,#101,.T.);
#3574=EDGE_CURVE('',#4477,#4476,#102,.T.);
#3575=EDGE_CURVE('',#4478,#4477,#103,.T.);
#3576=EDGE_CURVE('',#4478,#4479,#104,.T.);
#3577=EDGE_CURVE('',#4480,#4479,#105,.T.);
#3578=EDGE_CURVE('',#4480,#4481,#106,.T.);
#3579=EDGE_CURVE('',#4482,#4481,#107,.T.);
#3580=EDGE_CURVE('',#4483,#4482,#108,.T.);
#3581=EDGE_CURVE('',#4484,#4483,#109,.T.);
#3582=EDGE_CURVE('',#4485,#4484,#110,.T.);
#3583=EDGE_CURVE('',#4486,#4485,#111,.T.);
#3584=EDGE_CURVE('',#4486,#4487,#112,.T.);
#3585=EDGE_CURVE('',#4488,#4487,#113,.T.);
#3586=EDGE_CURVE('',#4489,#4488,#114,.T.);
#3587=EDGE_CURVE('',#4490,#4489,#115,.T.);
#3588=EDGE_CURVE('',#4491,#4490,#116,.T.);
#3589=EDGE_CURVE('',#4492,#4491,#117,.T.);
#3590=EDGE_CURVE('',#4492,#4493,#118,.T.);
#3591=EDGE_CURVE('',#4494,#4493,#119,.T.);
#3592=EDGE_CURVE('',#4495,#4494,#120,.T.);
#3593=EDGE_CURVE('',#4468,#4495,#121,.T.);
#3594=EDGE_CURVE('',#4496,#4497,#122,.T.);
#3595=EDGE_CURVE('',#4498,#4497,#123,.T.);
#3596=EDGE_CURVE('',#4499,#4498,#124,.T.);
#3597=EDGE_CURVE('',#4500,#4499,#125,.T.);
#3598=EDGE_CURVE('',#4500,#4501,#126,.T.);
#3599=EDGE_CURVE('',#4502,#4501,#127,.T.);
#3600=EDGE_CURVE('',#4502,#4503,#128,.T.);
#3601=EDGE_CURVE('',#4504,#4503,#129,.T.);
#3602=EDGE_CURVE('',#4505,#4504,#130,.T.);
#3603=EDGE_CURVE('',#4506,#4505,#131,.T.);
#3604=EDGE_CURVE('',#4506,#4507,#132,.T.);
#3605=EDGE_CURVE('',#4508,#4507,#133,.T.);
#3606=EDGE_CURVE('',#4508,#4509,#134,.T.);
#3607=EDGE_CURVE('',#4510,#4509,#135,.T.);
#3608=EDGE_CURVE('',#4511,#4510,#136,.T.);
#3609=EDGE_CURVE('',#4512,#4511,#137,.T.);
#3610=EDGE_CURVE('',#4513,#4512,#138,.T.);
#3611=EDGE_CURVE('',#4514,#4513,#139,.T.);
#3612=EDGE_CURVE('',#4514,#4515,#140,.T.);
#3613=EDGE_CURVE('',#4516,#4515,#141,.T.);
#3614=EDGE_CURVE('',#4517,#4516,#142,.T.);
#3615=EDGE_CURVE('',#4518,#4517,#143,.T.);
#3616=EDGE_CURVE('',#4519,#4518,#144,.T.);
#3617=EDGE_CURVE('',#4520,#4519,#145,.T.);
#3618=EDGE_CURVE('',#4520,#4521,#146,.T.);
#3619=EDGE_CURVE('',#4522,#4521,#147,.T.);
#3620=EDGE_CURVE('',#4523,#4522,#148,.T.);
#3621=EDGE_CURVE('',#4496,#4523,#149,.T.);
#3622=EDGE_CURVE('',#4524,#4525,#150,.T.);
#3623=EDGE_CURVE('',#4526,#4525,#151,.T.);
#3624=EDGE_CURVE('',#4527,#4526,#152,.T.);
#3625=EDGE_CURVE('',#4528,#4527,#153,.T.);
#3626=EDGE_CURVE('',#4528,#4529,#154,.T.);
#3627=EDGE_CURVE('',#4530,#4529,#155,.T.);
#3628=EDGE_CURVE('',#4530,#4531,#156,.T.);
#3629=EDGE_CURVE('',#4532,#4531,#157,.T.);
#3630=EDGE_CURVE('',#4533,#4532,#158,.T.);
#3631=EDGE_CURVE('',#4534,#4533,#159,.T.);
#3632=EDGE_CURVE('',#4534,#4535,#160,.T.);
#3633=EDGE_CURVE('',#4536,#4535,#161,.T.);
#3634=EDGE_CURVE('',#4536,#4537,#162,.T.);
#3635=EDGE_CURVE('',#4538,#4537,#163,.T.);
#3636=EDGE_CURVE('',#4539,#4538,#164,.T.);
#3637=EDGE_CURVE('',#4540,#4539,#165,.T.);
#3638=EDGE_CURVE('',#4541,#4540,#166,.T.);
#3639=EDGE_CURVE('',#4542,#4541,#167,.T.);
#3640=EDGE_CURVE('',#4542,#4543,#168,.T.);
#3641=EDGE_CURVE('',#4544,#4543,#169,.T.);
#3642=EDGE_CURVE('',#4545,#4544,#170,.T.);
#3643=EDGE_CURVE('',#4546,#4545,#171,.T.);
#3644=EDGE_CURVE('',#4547,#4546,#172,.T.);
#3645=EDGE_CURVE('',#4548,#4547,#173,.T.);
#3646=EDGE_CURVE('',#4548,#4549,#174,.T.);
#3647=EDGE_CURVE('',#4550,#4549,#175,.T.);
#3648=EDGE_CURVE('',#4551,#4550,#176,.T.);
#3649=EDGE_CURVE('',#4524,#4551,#177,.T.);
#3650=EDGE_CURVE('',#4552,#4553,#178,.T.);
#3651=EDGE_CURVE('',#4554,#4553,#179,.T.);
#3652=EDGE_CURVE('',#4555,#4554,#180,.T.);
#3653=EDGE_CURVE('',#4556,#4555,#181,.T.);
#3654=EDGE_CURVE('',#4556,#4557,#182,.T.);
#3655=EDGE_CURVE('',#4558,#4557,#183,.T.);
#3656=EDGE_CURVE('',#4558,#4559,#184,.T.);
#3657=EDGE_CURVE('',#4560,#4559,#185,.T.);
#3658=EDGE_CURVE('',#4561,#4560,#186,.T.);
#3659=EDGE_CURVE('',#4562,#4561,#187,.T.);
#3660=EDGE_CURVE('',#4562,#4563,#188,.T.);
#3661=EDGE_CURVE('',#4564,#4563,#189,.T.);
#3662=EDGE_CURVE('',#4564,#4565,#190,.T.);
#3663=EDGE_CURVE('',#4566,#4565,#191,.T.);
#3664=EDGE_CURVE('',#4567,#4566,#192,.T.);
#3665=EDGE_CURVE('',#4568,#4567,#193,.T.);
#3666=EDGE_CURVE('',#4569,#4568,#194,.T.);
#3667=EDGE_CURVE('',#4570,#4569,#195,.T.);
#3668=EDGE_CURVE('',#4570,#4571,#196,.T.);
#3669=EDGE_CURVE('',#4572,#4571,#197,.T.);
#3670=EDGE_CURVE('',#4573,#4572,#198,.T.);
#3671=EDGE_CURVE('',#4574,#4573,#199,.T.);
#3672=EDGE_CURVE('',#4575,#4574,#200,.T.);
#3673=EDGE_CURVE('',#4576,#4575,#201,.T.);
#3674=EDGE_CURVE('',#4576,#4577,#202,.T.);
#3675=EDGE_CURVE('',#4578,#4577,#203,.T.);
#3676=EDGE_CURVE('',#4579,#4578,#204,.T.);
#3677=EDGE_CURVE('',#4552,#4579,#205,.T.);
#3678=EDGE_CURVE('',#4580,#4581,#206,.T.);
#3679=EDGE_CURVE('',#4581,#4582,#207,.T.);
#3680=EDGE_CURVE('',#4583,#4582,#208,.T.);
#3681=EDGE_CURVE('',#4580,#4583,#209,.T.);
#3682=EDGE_CURVE('',#4584,#4584,#5016,.T.);
#3683=EDGE_CURVE('',#4585,#4585,#5017,.T.);
#3684=EDGE_CURVE('',#4586,#4587,#210,.T.);
#3685=EDGE_CURVE('',#4587,#4588,#211,.F.);
#3686=EDGE_CURVE('',#4588,#4589,#212,.F.);
#3687=EDGE_CURVE('',#4589,#4586,#213,.T.);
#3688=EDGE_CURVE('',#4590,#4591,#214,.T.);
#3689=EDGE_CURVE('',#4591,#4592,#215,.F.);
#3690=EDGE_CURVE('',#4592,#4593,#216,.F.);
#3691=EDGE_CURVE('',#4593,#4590,#217,.T.);
#3692=EDGE_CURVE('',#4594,#4595,#218,.T.);
#3693=EDGE_CURVE('',#4594,#4596,#219,.T.);
#3694=EDGE_CURVE('',#4597,#4596,#220,.T.);
#3695=EDGE_CURVE('',#4598,#4597,#221,.T.);
#3696=EDGE_CURVE('',#4599,#4598,#222,.T.);
#3697=EDGE_CURVE('',#4600,#4599,#223,.T.);
#3698=EDGE_CURVE('',#4601,#4600,#224,.T.);
#3699=EDGE_CURVE('',#4602,#4601,#225,.T.);
#3700=EDGE_CURVE('',#4603,#4602,#226,.T.);
#3701=EDGE_CURVE('',#4604,#4603,#227,.T.);
#3702=EDGE_CURVE('',#4605,#4604,#228,.T.);
#3703=EDGE_CURVE('',#4606,#4605,#229,.T.);
#3704=EDGE_CURVE('',#4607,#4606,#230,.T.);
#3705=EDGE_CURVE('',#4608,#4607,#231,.T.);
#3706=EDGE_CURVE('',#4609,#4608,#232,.T.);
#3707=EDGE_CURVE('',#4610,#4609,#233,.T.);
#3708=EDGE_CURVE('',#4611,#4610,#234,.T.);
#3709=EDGE_CURVE('',#4611,#4612,#235,.T.);
#3710=EDGE_CURVE('',#4613,#4612,#236,.T.);
#3711=EDGE_CURVE('',#4614,#4613,#237,.T.);
#3712=EDGE_CURVE('',#4615,#4614,#238,.T.);
#3713=EDGE_CURVE('',#4616,#4615,#239,.T.);
#3714=EDGE_CURVE('',#4617,#4616,#240,.T.);
#3715=EDGE_CURVE('',#4617,#4618,#241,.T.);
#3716=EDGE_CURVE('',#4619,#4618,#242,.T.);
#3717=EDGE_CURVE('',#4620,#4619,#243,.T.);
#3718=EDGE_CURVE('',#4621,#4620,#244,.T.);
#3719=EDGE_CURVE('',#4595,#4621,#245,.T.);
#3720=EDGE_CURVE('',#4622,#4623,#246,.T.);
#3721=EDGE_CURVE('',#4622,#4624,#247,.T.);
#3722=EDGE_CURVE('',#4625,#4624,#248,.T.);
#3723=EDGE_CURVE('',#4626,#4625,#249,.T.);
#3724=EDGE_CURVE('',#4627,#4626,#250,.T.);
#3725=EDGE_CURVE('',#4628,#4627,#251,.T.);
#3726=EDGE_CURVE('',#4629,#4628,#252,.T.);
#3727=EDGE_CURVE('',#4630,#4629,#253,.T.);
#3728=EDGE_CURVE('',#4631,#4630,#254,.T.);
#3729=EDGE_CURVE('',#4632,#4631,#255,.T.);
#3730=EDGE_CURVE('',#4633,#4632,#256,.T.);
#3731=EDGE_CURVE('',#4634,#4633,#257,.T.);
#3732=EDGE_CURVE('',#4635,#4634,#258,.T.);
#3733=EDGE_CURVE('',#4636,#4635,#259,.T.);
#3734=EDGE_CURVE('',#4637,#4636,#260,.T.);
#3735=EDGE_CURVE('',#4638,#4637,#261,.T.);
#3736=EDGE_CURVE('',#4639,#4638,#262,.T.);
#3737=EDGE_CURVE('',#4639,#4640,#263,.T.);
#3738=EDGE_CURVE('',#4641,#4640,#264,.T.);
#3739=EDGE_CURVE('',#4642,#4641,#265,.T.);
#3740=EDGE_CURVE('',#4643,#4642,#266,.T.);
#3741=EDGE_CURVE('',#4644,#4643,#267,.T.);
#3742=EDGE_CURVE('',#4645,#4644,#268,.T.);
#3743=EDGE_CURVE('',#4645,#4646,#269,.T.);
#3744=EDGE_CURVE('',#4647,#4646,#270,.T.);
#3745=EDGE_CURVE('',#4648,#4647,#271,.T.);
#3746=EDGE_CURVE('',#4649,#4648,#272,.T.);
#3747=EDGE_CURVE('',#4623,#4649,#273,.T.);
#3748=EDGE_CURVE('',#4650,#4651,#274,.T.);
#3749=EDGE_CURVE('',#4650,#4652,#275,.T.);
#3750=EDGE_CURVE('',#4653,#4652,#276,.T.);
#3751=EDGE_CURVE('',#4654,#4653,#277,.T.);
#3752=EDGE_CURVE('',#4655,#4654,#278,.T.);
#3753=EDGE_CURVE('',#4656,#4655,#279,.T.);
#3754=EDGE_CURVE('',#4657,#4656,#280,.T.);
#3755=EDGE_CURVE('',#4658,#4657,#281,.T.);
#3756=EDGE_CURVE('',#4659,#4658,#282,.T.);
#3757=EDGE_CURVE('',#4660,#4659,#283,.T.);
#3758=EDGE_CURVE('',#4661,#4660,#284,.T.);
#3759=EDGE_CURVE('',#4662,#4661,#285,.T.);
#3760=EDGE_CURVE('',#4663,#4662,#286,.T.);
#3761=EDGE_CURVE('',#4664,#4663,#287,.T.);
#3762=EDGE_CURVE('',#4665,#4664,#288,.T.);
#3763=EDGE_CURVE('',#4666,#4665,#289,.T.);
#3764=EDGE_CURVE('',#4667,#4666,#290,.T.);
#3765=EDGE_CURVE('',#4667,#4668,#291,.T.);
#3766=EDGE_CURVE('',#4669,#4668,#292,.T.);
#3767=EDGE_CURVE('',#4670,#4669,#293,.T.);
#3768=EDGE_CURVE('',#4671,#4670,#294,.T.);
#3769=EDGE_CURVE('',#4672,#4671,#295,.T.);
#3770=EDGE_CURVE('',#4673,#4672,#296,.T.);
#3771=EDGE_CURVE('',#4673,#4674,#297,.T.);
#3772=EDGE_CURVE('',#4675,#4674,#298,.T.);
#3773=EDGE_CURVE('',#4676,#4675,#299,.T.);
#3774=EDGE_CURVE('',#4677,#4676,#300,.T.);
#3775=EDGE_CURVE('',#4651,#4677,#301,.T.);
#3776=EDGE_CURVE('',#4678,#4679,#302,.T.);
#3777=EDGE_CURVE('',#4678,#4680,#303,.T.);
#3778=EDGE_CURVE('',#4681,#4680,#304,.T.);
#3779=EDGE_CURVE('',#4682,#4681,#305,.T.);
#3780=EDGE_CURVE('',#4683,#4682,#306,.T.);
#3781=EDGE_CURVE('',#4684,#4683,#307,.T.);
#3782=EDGE_CURVE('',#4685,#4684,#308,.T.);
#3783=EDGE_CURVE('',#4686,#4685,#309,.T.);
#3784=EDGE_CURVE('',#4687,#4686,#310,.T.);
#3785=EDGE_CURVE('',#4688,#4687,#311,.T.);
#3786=EDGE_CURVE('',#4689,#4688,#312,.T.);
#3787=EDGE_CURVE('',#4690,#4689,#313,.T.);
#3788=EDGE_CURVE('',#4691,#4690,#314,.T.);
#3789=EDGE_CURVE('',#4692,#4691,#315,.T.);
#3790=EDGE_CURVE('',#4693,#4692,#316,.T.);
#3791=EDGE_CURVE('',#4694,#4693,#317,.T.);
#3792=EDGE_CURVE('',#4695,#4694,#318,.T.);
#3793=EDGE_CURVE('',#4695,#4696,#319,.T.);
#3794=EDGE_CURVE('',#4697,#4696,#320,.T.);
#3795=EDGE_CURVE('',#4698,#4697,#321,.T.);
#3796=EDGE_CURVE('',#4699,#4698,#322,.T.);
#3797=EDGE_CURVE('',#4700,#4699,#323,.T.);
#3798=EDGE_CURVE('',#4701,#4700,#324,.T.);
#3799=EDGE_CURVE('',#4701,#4702,#325,.T.);
#3800=EDGE_CURVE('',#4703,#4702,#326,.T.);
#3801=EDGE_CURVE('',#4704,#4703,#327,.T.);
#3802=EDGE_CURVE('',#4705,#4704,#328,.T.);
#3803=EDGE_CURVE('',#4679,#4705,#329,.T.);
#3804=EDGE_CURVE('',#4706,#4707,#330,.T.);
#3805=EDGE_CURVE('',#4706,#4708,#331,.T.);
#3806=EDGE_CURVE('',#4709,#4708,#332,.T.);
#3807=EDGE_CURVE('',#4710,#4709,#333,.T.);
#3808=EDGE_CURVE('',#4711,#4710,#334,.T.);
#3809=EDGE_CURVE('',#4712,#4711,#335,.T.);
#3810=EDGE_CURVE('',#4713,#4712,#336,.T.);
#3811=EDGE_CURVE('',#4714,#4713,#337,.T.);
#3812=EDGE_CURVE('',#4715,#4714,#338,.T.);
#3813=EDGE_CURVE('',#4716,#4715,#339,.T.);
#3814=EDGE_CURVE('',#4717,#4716,#340,.T.);
#3815=EDGE_CURVE('',#4718,#4717,#341,.T.);
#3816=EDGE_CURVE('',#4719,#4718,#342,.T.);
#3817=EDGE_CURVE('',#4720,#4719,#343,.T.);
#3818=EDGE_CURVE('',#4721,#4720,#344,.T.);
#3819=EDGE_CURVE('',#4722,#4721,#345,.T.);
#3820=EDGE_CURVE('',#4723,#4722,#346,.T.);
#3821=EDGE_CURVE('',#4723,#4724,#347,.T.);
#3822=EDGE_CURVE('',#4725,#4724,#348,.T.);
#3823=EDGE_CURVE('',#4726,#4725,#349,.T.);
#3824=EDGE_CURVE('',#4727,#4726,#350,.T.);
#3825=EDGE_CURVE('',#4728,#4727,#351,.T.);
#3826=EDGE_CURVE('',#4729,#4728,#352,.T.);
#3827=EDGE_CURVE('',#4729,#4730,#353,.T.);
#3828=EDGE_CURVE('',#4731,#4730,#354,.T.);
#3829=EDGE_CURVE('',#4732,#4731,#355,.T.);
#3830=EDGE_CURVE('',#4733,#4732,#356,.T.);
#3831=EDGE_CURVE('',#4707,#4733,#357,.T.);
#3832=EDGE_CURVE('',#4711,#4465,#358,.T.);
#3833=EDGE_CURVE('',#4710,#4466,#359,.T.);
#3834=EDGE_CURVE('',#4717,#4459,#360,.T.);
#3835=EDGE_CURVE('',#4716,#4460,#361,.T.);
#3836=EDGE_CURVE('',#4725,#4451,#362,.T.);
#3837=EDGE_CURVE('',#4724,#4452,#363,.T.);
#3838=EDGE_CURVE('',#4731,#4445,#364,.T.);
#3839=EDGE_CURVE('',#4730,#4446,#365,.T.);
#3840=EDGE_CURVE('',#4683,#4493,#366,.T.);
#3841=EDGE_CURVE('',#4682,#4494,#367,.T.);
#3842=EDGE_CURVE('',#4689,#4487,#368,.T.);
#3843=EDGE_CURVE('',#4688,#4488,#369,.T.);
#3844=EDGE_CURVE('',#4697,#4479,#370,.T.);
#3845=EDGE_CURVE('',#4696,#4480,#371,.T.);
#3846=EDGE_CURVE('',#4703,#4473,#372,.T.);
#3847=EDGE_CURVE('',#4702,#4474,#373,.T.);
#3848=EDGE_CURVE('',#4655,#4521,#374,.T.);
#3849=EDGE_CURVE('',#4654,#4522,#375,.T.);
#3850=EDGE_CURVE('',#4661,#4515,#376,.T.);
#3851=EDGE_CURVE('',#4660,#4516,#377,.T.);
#3852=EDGE_CURVE('',#4669,#4507,#378,.T.);
#3853=EDGE_CURVE('',#4668,#4508,#379,.T.);
#3854=EDGE_CURVE('',#4675,#4501,#380,.T.);
#3855=EDGE_CURVE('',#4674,#4502,#381,.T.);
#3856=EDGE_CURVE('',#4627,#4549,#382,.T.);
#3857=EDGE_CURVE('',#4626,#4550,#383,.T.);
#3858=EDGE_CURVE('',#4633,#4543,#384,.T.);
#3859=EDGE_CURVE('',#4632,#4544,#385,.T.);
#3860=EDGE_CURVE('',#4641,#4535,#386,.T.);
#3861=EDGE_CURVE('',#4640,#4536,#387,.T.);
#3862=EDGE_CURVE('',#4647,#4529,#388,.T.);
#3863=EDGE_CURVE('',#4646,#4530,#389,.T.);
#3864=EDGE_CURVE('',#4599,#4577,#390,.T.);
#3865=EDGE_CURVE('',#4598,#4578,#391,.T.);
#3866=EDGE_CURVE('',#4605,#4571,#392,.T.);
#3867=EDGE_CURVE('',#4604,#4572,#393,.T.);
#3868=EDGE_CURVE('',#4613,#4563,#394,.T.);
#3869=EDGE_CURVE('',#4612,#4564,#395,.T.);
#3870=EDGE_CURVE('',#4619,#4557,#396,.T.);
#3871=EDGE_CURVE('',#4618,#4558,#397,.T.);
#3872=EDGE_CURVE('',#4734,#4734,#5018,.T.);
#3873=EDGE_CURVE('',#4735,#4735,#5019,.T.);
#3874=EDGE_CURVE('',#4736,#4736,#5020,.T.);
#3875=EDGE_CURVE('',#4737,#4737,#5021,.T.);
#3876=EDGE_CURVE('',#4738,#4738,#5022,.T.);
#3877=EDGE_CURVE('',#4739,#4739,#5023,.T.);
#3878=EDGE_CURVE('',#4707,#4442,#398,.T.);
#3879=EDGE_CURVE('',#4706,#4441,#399,.T.);
#3880=EDGE_CURVE('',#4708,#4440,#400,.T.);
#3881=EDGE_CURVE('',#4709,#4467,#401,.T.);
#3882=EDGE_CURVE('',#4714,#4462,#402,.T.);
#3883=EDGE_CURVE('',#4715,#4461,#403,.T.);
#3884=EDGE_CURVE('',#4720,#4456,#404,.T.);
#3885=EDGE_CURVE('',#4721,#4455,#405,.T.);
#3886=EDGE_CURVE('',#4722,#4454,#406,.T.);
#3887=EDGE_CURVE('',#4723,#4453,#407,.T.);
#3888=EDGE_CURVE('',#4728,#4448,#408,.T.);
#3889=EDGE_CURVE('',#4729,#4447,#409,.T.);
#3890=EDGE_CURVE('',#4679,#4470,#410,.T.);
#3891=EDGE_CURVE('',#4678,#4469,#411,.T.);
#3892=EDGE_CURVE('',#4680,#4468,#412,.T.);
#3893=EDGE_CURVE('',#4681,#4495,#413,.T.);
#3894=EDGE_CURVE('',#4686,#4490,#414,.T.);
#3895=EDGE_CURVE('',#4687,#4489,#415,.T.);
#3896=EDGE_CURVE('',#4692,#4484,#416,.T.);
#3897=EDGE_CURVE('',#4693,#4483,#417,.T.);
#3898=EDGE_CURVE('',#4694,#4482,#418,.T.);
#3899=EDGE_CURVE('',#4695,#4481,#419,.T.);
#3900=EDGE_CURVE('',#4700,#4476,#420,.T.);
#3901=EDGE_CURVE('',#4701,#4475,#421,.T.);
#3902=EDGE_CURVE('',#4651,#4498,#422,.T.);
#3903=EDGE_CURVE('',#4650,#4497,#423,.T.);
#3904=EDGE_CURVE('',#4652,#4496,#424,.T.);
#3905=EDGE_CURVE('',#4653,#4523,#425,.T.);
#3906=EDGE_CURVE('',#4658,#4518,#426,.T.);
#3907=EDGE_CURVE('',#4659,#4517,#427,.T.);
#3908=EDGE_CURVE('',#4664,#4512,#428,.T.);
#3909=EDGE_CURVE('',#4665,#4511,#429,.T.);
#3910=EDGE_CURVE('',#4666,#4510,#430,.T.);
#3911=EDGE_CURVE('',#4667,#4509,#431,.T.);
#3912=EDGE_CURVE('',#4672,#4504,#432,.T.);
#3913=EDGE_CURVE('',#4673,#4503,#433,.T.);
#3914=EDGE_CURVE('',#4623,#4526,#434,.T.);
#3915=EDGE_CURVE('',#4622,#4525,#435,.T.);
#3916=EDGE_CURVE('',#4624,#4524,#436,.T.);
#3917=EDGE_CURVE('',#4625,#4551,#437,.T.);
#3918=EDGE_CURVE('',#4630,#4546,#438,.T.);
#3919=EDGE_CURVE('',#4631,#4545,#439,.T.);
#3920=EDGE_CURVE('',#4636,#4540,#440,.T.);
#3921=EDGE_CURVE('',#4637,#4539,#441,.T.);
#3922=EDGE_CURVE('',#4638,#4538,#442,.T.);
#3923=EDGE_CURVE('',#4639,#4537,#443,.T.);
#3924=EDGE_CURVE('',#4644,#4532,#444,.T.);
#3925=EDGE_CURVE('',#4645,#4531,#445,.T.);
#3926=EDGE_CURVE('',#4595,#4554,#446,.T.);
#3927=EDGE_CURVE('',#4594,#4553,#447,.T.);
#3928=EDGE_CURVE('',#4596,#4552,#448,.T.);
#3929=EDGE_CURVE('',#4597,#4579,#449,.T.);
#3930=EDGE_CURVE('',#4602,#4574,#450,.T.);
#3931=EDGE_CURVE('',#4603,#4573,#451,.T.);
#3932=EDGE_CURVE('',#4608,#4568,#452,.T.);
#3933=EDGE_CURVE('',#4609,#4567,#453,.T.);
#3934=EDGE_CURVE('',#4610,#4566,#454,.T.);
#3935=EDGE_CURVE('',#4611,#4565,#455,.T.);
#3936=EDGE_CURVE('',#4616,#4560,#456,.T.);
#3937=EDGE_CURVE('',#4617,#4559,#457,.T.);
#3938=EDGE_CURVE('',#4740,#4713,#458,.T.);
#3939=EDGE_CURVE('',#4741,#4712,#459,.T.);
#3940=EDGE_CURVE('',#4741,#4740,#460,.T.);
#3941=EDGE_CURVE('',#4742,#4719,#461,.T.);
#3942=EDGE_CURVE('',#4743,#4718,#462,.T.);
#3943=EDGE_CURVE('',#4743,#4742,#463,.T.);
#3944=EDGE_CURVE('',#4744,#4727,#464,.T.);
#3945=EDGE_CURVE('',#4745,#4726,#465,.T.);
#3946=EDGE_CURVE('',#4745,#4744,#466,.T.);
#3947=EDGE_CURVE('',#4746,#4733,#467,.T.);
#3948=EDGE_CURVE('',#4747,#4732,#468,.T.);
#3949=EDGE_CURVE('',#4747,#4746,#469,.T.);
#3950=EDGE_CURVE('',#4442,#4748,#470,.T.);
#3951=EDGE_CURVE('',#4749,#4748,#471,.T.);
#3952=EDGE_CURVE('',#4443,#4749,#472,.T.);
#3953=EDGE_CURVE('',#4464,#4750,#473,.T.);
#3954=EDGE_CURVE('',#4751,#4750,#474,.T.);
#3955=EDGE_CURVE('',#4465,#4751,#475,.T.);
#3956=EDGE_CURVE('',#4462,#4752,#476,.T.);
#3957=EDGE_CURVE('',#4753,#4752,#477,.T.);
#3958=EDGE_CURVE('',#4463,#4753,#478,.T.);
#3959=EDGE_CURVE('',#4458,#4754,#479,.T.);
#3960=EDGE_CURVE('',#4755,#4754,#480,.T.);
#3961=EDGE_CURVE('',#4459,#4755,#481,.T.);
#3962=EDGE_CURVE('',#4456,#4756,#482,.T.);
#3963=EDGE_CURVE('',#4757,#4756,#483,.T.);
#3964=EDGE_CURVE('',#4457,#4757,#484,.T.);
#3965=EDGE_CURVE('',#4450,#4758,#485,.T.);
#3966=EDGE_CURVE('',#4759,#4758,#486,.T.);
#3967=EDGE_CURVE('',#4451,#4759,#487,.T.);
#3968=EDGE_CURVE('',#4448,#4760,#488,.T.);
#3969=EDGE_CURVE('',#4761,#4760,#489,.T.);
#3970=EDGE_CURVE('',#4449,#4761,#490,.T.);
#3971=EDGE_CURVE('',#4444,#4762,#491,.T.);
#3972=EDGE_CURVE('',#4763,#4762,#492,.T.);
#3973=EDGE_CURVE('',#4445,#4763,#493,.T.);
#3974=EDGE_CURVE('',#4762,#4749,#494,.T.);
#3975=EDGE_CURVE('',#4764,#4707,#495,.T.);
#3976=EDGE_CURVE('',#4746,#4764,#496,.T.);
#3977=EDGE_CURVE('',#4765,#4748,#497,.T.);
#3978=EDGE_CURVE('',#4766,#4764,#498,.T.);
#3979=EDGE_CURVE('',#4766,#4765,#499,.T.);
#3980=EDGE_CURVE('',#4765,#4767,#500,.T.);
#3981=EDGE_CURVE('',#4766,#4768,#501,.T.);
#3982=EDGE_CURVE('',#4768,#4767,#502,.T.);
#3983=EDGE_CURVE('',#4767,#4751,#503,.T.);
#3984=EDGE_CURVE('',#4768,#4769,#504,.T.);
#3985=EDGE_CURVE('',#4769,#4711,#505,.T.);
#3986=EDGE_CURVE('',#4769,#4741,#506,.T.);
#3987=EDGE_CURVE('',#4750,#4753,#507,.T.);
#3988=EDGE_CURVE('',#4770,#4714,#508,.T.);
#3989=EDGE_CURVE('',#4740,#4770,#509,.T.);
#3990=EDGE_CURVE('',#4752,#4755,#510,.T.);
#3991=EDGE_CURVE('',#4770,#4771,#511,.T.);
#3992=EDGE_CURVE('',#4771,#4717,#512,.T.);
#3993=EDGE_CURVE('',#4771,#4743,#513,.T.);
#3994=EDGE_CURVE('',#4754,#4757,#514,.T.);
#3995=EDGE_CURVE('',#4772,#4720,#515,.T.);
#3996=EDGE_CURVE('',#4742,#4772,#516,.T.);
#3997=EDGE_CURVE('',#4756,#4773,#517,.T.);
#3998=EDGE_CURVE('',#4772,#4774,#518,.T.);
#3999=EDGE_CURVE('',#4774,#4773,#519,.T.);
#4000=EDGE_CURVE('',#4773,#4775,#520,.T.);
#4001=EDGE_CURVE('',#4774,#4776,#521,.T.);
#4002=EDGE_CURVE('',#4776,#4775,#522,.T.);
#4003=EDGE_CURVE('',#4759,#4775,#523,.T.);
#4004=EDGE_CURVE('',#4777,#4776,#524,.T.);
#4005=EDGE_CURVE('',#4777,#4725,#525,.T.);
#4006=EDGE_CURVE('',#4777,#4745,#526,.T.);
#4007=EDGE_CURVE('',#4758,#4761,#527,.T.);
#4008=EDGE_CURVE('',#4778,#4728,#528,.T.);
#4009=EDGE_CURVE('',#4744,#4778,#529,.T.);
#4010=EDGE_CURVE('',#4763,#4760,#530,.T.);
#4011=EDGE_CURVE('',#4779,#4778,#531,.T.);
#4012=EDGE_CURVE('',#4779,#4731,#532,.T.);
#4013=EDGE_CURVE('',#4779,#4747,#533,.T.);
#4014=EDGE_CURVE('',#4780,#4685,#534,.T.);
#4015=EDGE_CURVE('',#4781,#4684,#535,.T.);
#4016=EDGE_CURVE('',#4781,#4780,#536,.T.);
#4017=EDGE_CURVE('',#4782,#4691,#537,.T.);
#4018=EDGE_CURVE('',#4783,#4690,#538,.T.);
#4019=EDGE_CURVE('',#4783,#4782,#539,.T.);
#4020=EDGE_CURVE('',#4784,#4699,#540,.T.);
#4021=EDGE_CURVE('',#4785,#4698,#541,.T.);
#4022=EDGE_CURVE('',#4785,#4784,#542,.T.);
#4023=EDGE_CURVE('',#4786,#4705,#543,.T.);
#4024=EDGE_CURVE('',#4787,#4704,#544,.T.);
#4025=EDGE_CURVE('',#4787,#4786,#545,.T.);
#4026=EDGE_CURVE('',#4470,#4788,#546,.T.);
#4027=EDGE_CURVE('',#4789,#4788,#547,.T.);
#4028=EDGE_CURVE('',#4471,#4789,#548,.T.);
#4029=EDGE_CURVE('',#4492,#4790,#549,.T.);
#4030=EDGE_CURVE('',#4791,#4790,#550,.T.);
#4031=EDGE_CURVE('',#4493,#4791,#551,.T.);
#4032=EDGE_CURVE('',#4490,#4792,#552,.T.);
#4033=EDGE_CURVE('',#4793,#4792,#553,.T.);
#4034=EDGE_CURVE('',#4491,#4793,#554,.T.);
#4035=EDGE_CURVE('',#4486,#4794,#555,.T.);
#4036=EDGE_CURVE('',#4795,#4794,#556,.T.);
#4037=EDGE_CURVE('',#4487,#4795,#557,.T.);
#4038=EDGE_CURVE('',#4484,#4796,#558,.T.);
#4039=EDGE_CURVE('',#4797,#4796,#559,.T.);
#4040=EDGE_CURVE('',#4485,#4797,#560,.T.);
#4041=EDGE_CURVE('',#4478,#4798,#561,.T.);
#4042=EDGE_CURVE('',#4799,#4798,#562,.T.);
#4043=EDGE_CURVE('',#4479,#4799,#563,.T.);
#4044=EDGE_CURVE('',#4476,#4800,#564,.T.);
#4045=EDGE_CURVE('',#4801,#4800,#565,.T.);
#4046=EDGE_CURVE('',#4477,#4801,#566,.T.);
#4047=EDGE_CURVE('',#4472,#4802,#567,.T.);
#4048=EDGE_CURVE('',#4803,#4802,#568,.T.);
#4049=EDGE_CURVE('',#4473,#4803,#569,.T.);
#4050=EDGE_CURVE('',#4802,#4789,#570,.T.);
#4051=EDGE_CURVE('',#4804,#4679,#571,.T.);
#4052=EDGE_CURVE('',#4786,#4804,#572,.T.);
#4053=EDGE_CURVE('',#4805,#4788,#573,.T.);
#4054=EDGE_CURVE('',#4806,#4804,#574,.T.);
#4055=EDGE_CURVE('',#4806,#4805,#575,.T.);
#4056=EDGE_CURVE('',#4805,#4807,#576,.T.);
#4057=EDGE_CURVE('',#4806,#4808,#577,.T.);
#4058=EDGE_CURVE('',#4808,#4807,#578,.T.);
#4059=EDGE_CURVE('',#4807,#4791,#579,.T.);
#4060=EDGE_CURVE('',#4808,#4809,#580,.T.);
#4061=EDGE_CURVE('',#4809,#4683,#581,.T.);
#4062=EDGE_CURVE('',#4809,#4781,#582,.T.);
#4063=EDGE_CURVE('',#4790,#4793,#583,.T.);
#4064=EDGE_CURVE('',#4810,#4686,#584,.T.);
#4065=EDGE_CURVE('',#4780,#4810,#585,.T.);
#4066=EDGE_CURVE('',#4792,#4795,#586,.T.);
#4067=EDGE_CURVE('',#4810,#4811,#587,.T.);
#4068=EDGE_CURVE('',#4811,#4689,#588,.T.);
#4069=EDGE_CURVE('',#4811,#4783,#589,.T.);
#4070=EDGE_CURVE('',#4794,#4797,#590,.T.);
#4071=EDGE_CURVE('',#4812,#4692,#591,.T.);
#4072=EDGE_CURVE('',#4782,#4812,#592,.T.);
#4073=EDGE_CURVE('',#4796,#4813,#593,.T.);
#4074=EDGE_CURVE('',#4812,#4814,#594,.T.);
#4075=EDGE_CURVE('',#4814,#4813,#595,.T.);
#4076=EDGE_CURVE('',#4813,#4815,#596,.T.);
#4077=EDGE_CURVE('',#4814,#4816,#597,.T.);
#4078=EDGE_CURVE('',#4816,#4815,#598,.T.);
#4079=EDGE_CURVE('',#4799,#4815,#599,.T.);
#4080=EDGE_CURVE('',#4817,#4816,#600,.T.);
#4081=EDGE_CURVE('',#4817,#4697,#601,.T.);
#4082=EDGE_CURVE('',#4817,#4785,#602,.T.);
#4083=EDGE_CURVE('',#4798,#4801,#603,.T.);
#4084=EDGE_CURVE('',#4818,#4700,#604,.T.);
#4085=EDGE_CURVE('',#4784,#4818,#605,.T.);
#4086=EDGE_CURVE('',#4803,#4800,#606,.T.);
#4087=EDGE_CURVE('',#4819,#4818,#607,.T.);
#4088=EDGE_CURVE('',#4819,#4703,#608,.T.);
#4089=EDGE_CURVE('',#4819,#4787,#609,.T.);
#4090=EDGE_CURVE('',#4820,#4657,#610,.T.);
#4091=EDGE_CURVE('',#4821,#4656,#611,.T.);
#4092=EDGE_CURVE('',#4821,#4820,#612,.T.);
#4093=EDGE_CURVE('',#4822,#4663,#613,.T.);
#4094=EDGE_CURVE('',#4823,#4662,#614,.T.);
#4095=EDGE_CURVE('',#4823,#4822,#615,.T.);
#4096=EDGE_CURVE('',#4824,#4671,#616,.T.);
#4097=EDGE_CURVE('',#4825,#4670,#617,.T.);
#4098=EDGE_CURVE('',#4825,#4824,#618,.T.);
#4099=EDGE_CURVE('',#4826,#4677,#619,.T.);
#4100=EDGE_CURVE('',#4827,#4676,#620,.T.);
#4101=EDGE_CURVE('',#4827,#4826,#621,.T.);
#4102=EDGE_CURVE('',#4498,#4828,#622,.T.);
#4103=EDGE_CURVE('',#4829,#4828,#623,.T.);
#4104=EDGE_CURVE('',#4499,#4829,#624,.T.);
#4105=EDGE_CURVE('',#4520,#4830,#625,.T.);
#4106=EDGE_CURVE('',#4831,#4830,#626,.T.);
#4107=EDGE_CURVE('',#4521,#4831,#627,.T.);
#4108=EDGE_CURVE('',#4518,#4832,#628,.T.);
#4109=EDGE_CURVE('',#4833,#4832,#629,.T.);
#4110=EDGE_CURVE('',#4519,#4833,#630,.T.);
#4111=EDGE_CURVE('',#4514,#4834,#631,.T.);
#4112=EDGE_CURVE('',#4835,#4834,#632,.T.);
#4113=EDGE_CURVE('',#4515,#4835,#633,.T.);
#4114=EDGE_CURVE('',#4512,#4836,#634,.T.);
#4115=EDGE_CURVE('',#4837,#4836,#635,.T.);
#4116=EDGE_CURVE('',#4513,#4837,#636,.T.);
#4117=EDGE_CURVE('',#4506,#4838,#637,.T.);
#4118=EDGE_CURVE('',#4839,#4838,#638,.T.);
#4119=EDGE_CURVE('',#4507,#4839,#639,.T.);
#4120=EDGE_CURVE('',#4504,#4840,#640,.T.);
#4121=EDGE_CURVE('',#4841,#4840,#641,.T.);
#4122=EDGE_CURVE('',#4505,#4841,#642,.T.);
#4123=EDGE_CURVE('',#4500,#4842,#643,.T.);
#4124=EDGE_CURVE('',#4843,#4842,#644,.T.);
#4125=EDGE_CURVE('',#4501,#4843,#645,.T.);
#4126=EDGE_CURVE('',#4842,#4829,#646,.T.);
#4127=EDGE_CURVE('',#4844,#4651,#647,.T.);
#4128=EDGE_CURVE('',#4826,#4844,#648,.T.);
#4129=EDGE_CURVE('',#4845,#4828,#649,.T.);
#4130=EDGE_CURVE('',#4846,#4844,#650,.T.);
#4131=EDGE_CURVE('',#4846,#4845,#651,.T.);
#4132=EDGE_CURVE('',#4845,#4847,#652,.T.);
#4133=EDGE_CURVE('',#4846,#4848,#653,.T.);
#4134=EDGE_CURVE('',#4848,#4847,#654,.T.);
#4135=EDGE_CURVE('',#4847,#4831,#655,.T.);
#4136=EDGE_CURVE('',#4848,#4849,#656,.T.);
#4137=EDGE_CURVE('',#4849,#4655,#657,.T.);
#4138=EDGE_CURVE('',#4849,#4821,#658,.T.);
#4139=EDGE_CURVE('',#4830,#4833,#659,.T.);
#4140=EDGE_CURVE('',#4850,#4658,#660,.T.);
#4141=EDGE_CURVE('',#4820,#4850,#661,.T.);
#4142=EDGE_CURVE('',#4832,#4835,#662,.T.);
#4143=EDGE_CURVE('',#4850,#4851,#663,.T.);
#4144=EDGE_CURVE('',#4851,#4661,#664,.T.);
#4145=EDGE_CURVE('',#4851,#4823,#665,.T.);
#4146=EDGE_CURVE('',#4834,#4837,#666,.T.);
#4147=EDGE_CURVE('',#4852,#4664,#667,.T.);
#4148=EDGE_CURVE('',#4822,#4852,#668,.T.);
#4149=EDGE_CURVE('',#4836,#4853,#669,.T.);
#4150=EDGE_CURVE('',#4852,#4854,#670,.T.);
#4151=EDGE_CURVE('',#4854,#4853,#671,.T.);
#4152=EDGE_CURVE('',#4853,#4855,#672,.T.);
#4153=EDGE_CURVE('',#4854,#4856,#673,.T.);
#4154=EDGE_CURVE('',#4856,#4855,#674,.T.);
#4155=EDGE_CURVE('',#4839,#4855,#675,.T.);
#4156=EDGE_CURVE('',#4857,#4856,#676,.T.);
#4157=EDGE_CURVE('',#4857,#4669,#677,.T.);
#4158=EDGE_CURVE('',#4857,#4825,#678,.T.);
#4159=EDGE_CURVE('',#4838,#4841,#679,.T.);
#4160=EDGE_CURVE('',#4858,#4672,#680,.T.);
#4161=EDGE_CURVE('',#4824,#4858,#681,.T.);
#4162=EDGE_CURVE('',#4843,#4840,#682,.T.);
#4163=EDGE_CURVE('',#4859,#4858,#683,.T.);
#4164=EDGE_CURVE('',#4859,#4675,#684,.T.);
#4165=EDGE_CURVE('',#4859,#4827,#685,.T.);
#4166=EDGE_CURVE('',#4860,#4629,#686,.T.);
#4167=EDGE_CURVE('',#4861,#4628,#687,.T.);
#4168=EDGE_CURVE('',#4861,#4860,#688,.T.);
#4169=EDGE_CURVE('',#4862,#4635,#689,.T.);
#4170=EDGE_CURVE('',#4863,#4634,#690,.T.);
#4171=EDGE_CURVE('',#4863,#4862,#691,.T.);
#4172=EDGE_CURVE('',#4864,#4643,#692,.T.);
#4173=EDGE_CURVE('',#4865,#4642,#693,.T.);
#4174=EDGE_CURVE('',#4865,#4864,#694,.T.);
#4175=EDGE_CURVE('',#4866,#4649,#695,.T.);
#4176=EDGE_CURVE('',#4867,#4648,#696,.T.);
#4177=EDGE_CURVE('',#4867,#4866,#697,.T.);
#4178=EDGE_CURVE('',#4526,#4868,#698,.T.);
#4179=EDGE_CURVE('',#4869,#4868,#699,.T.);
#4180=EDGE_CURVE('',#4527,#4869,#700,.T.);
#4181=EDGE_CURVE('',#4548,#4870,#701,.T.);
#4182=EDGE_CURVE('',#4871,#4870,#702,.T.);
#4183=EDGE_CURVE('',#4549,#4871,#703,.T.);
#4184=EDGE_CURVE('',#4546,#4872,#704,.T.);
#4185=EDGE_CURVE('',#4873,#4872,#705,.T.);
#4186=EDGE_CURVE('',#4547,#4873,#706,.T.);
#4187=EDGE_CURVE('',#4542,#4874,#707,.T.);
#4188=EDGE_CURVE('',#4875,#4874,#708,.T.);
#4189=EDGE_CURVE('',#4543,#4875,#709,.T.);
#4190=EDGE_CURVE('',#4540,#4876,#710,.T.);
#4191=EDGE_CURVE('',#4877,#4876,#711,.T.);
#4192=EDGE_CURVE('',#4541,#4877,#712,.T.);
#4193=EDGE_CURVE('',#4534,#4878,#713,.T.);
#4194=EDGE_CURVE('',#4879,#4878,#714,.T.);
#4195=EDGE_CURVE('',#4535,#4879,#715,.T.);
#4196=EDGE_CURVE('',#4532,#4880,#716,.T.);
#4197=EDGE_CURVE('',#4881,#4880,#717,.T.);
#4198=EDGE_CURVE('',#4533,#4881,#718,.T.);
#4199=EDGE_CURVE('',#4528,#4882,#719,.T.);
#4200=EDGE_CURVE('',#4883,#4882,#720,.T.);
#4201=EDGE_CURVE('',#4529,#4883,#721,.T.);
#4202=EDGE_CURVE('',#4882,#4869,#722,.T.);
#4203=EDGE_CURVE('',#4884,#4623,#723,.T.);
#4204=EDGE_CURVE('',#4866,#4884,#724,.T.);
#4205=EDGE_CURVE('',#4885,#4868,#725,.T.);
#4206=EDGE_CURVE('',#4886,#4884,#726,.T.);
#4207=EDGE_CURVE('',#4886,#4885,#727,.T.);
#4208=EDGE_CURVE('',#4885,#4887,#728,.T.);
#4209=EDGE_CURVE('',#4886,#4888,#729,.T.);
#4210=EDGE_CURVE('',#4888,#4887,#730,.T.);
#4211=EDGE_CURVE('',#4887,#4871,#731,.T.);
#4212=EDGE_CURVE('',#4888,#4889,#732,.T.);
#4213=EDGE_CURVE('',#4889,#4627,#733,.T.);
#4214=EDGE_CURVE('',#4889,#4861,#734,.T.);
#4215=EDGE_CURVE('',#4870,#4873,#735,.T.);
#4216=EDGE_CURVE('',#4890,#4630,#736,.T.);
#4217=EDGE_CURVE('',#4860,#4890,#737,.T.);
#4218=EDGE_CURVE('',#4872,#4875,#738,.T.);
#4219=EDGE_CURVE('',#4890,#4891,#739,.T.);
#4220=EDGE_CURVE('',#4891,#4633,#740,.T.);
#4221=EDGE_CURVE('',#4891,#4863,#741,.T.);
#4222=EDGE_CURVE('',#4874,#4877,#742,.T.);
#4223=EDGE_CURVE('',#4892,#4636,#743,.T.);
#4224=EDGE_CURVE('',#4862,#4892,#744,.T.);
#4225=EDGE_CURVE('',#4876,#4893,#745,.T.);
#4226=EDGE_CURVE('',#4892,#4894,#746,.T.);
#4227=EDGE_CURVE('',#4894,#4893,#747,.T.);
#4228=EDGE_CURVE('',#4893,#4895,#748,.T.);
#4229=EDGE_CURVE('',#4894,#4896,#749,.T.);
#4230=EDGE_CURVE('',#4896,#4895,#750,.T.);
#4231=EDGE_CURVE('',#4879,#4895,#751,.T.);
#4232=EDGE_CURVE('',#4897,#4896,#752,.T.);
#4233=EDGE_CURVE('',#4897,#4641,#753,.T.);
#4234=EDGE_CURVE('',#4897,#4865,#754,.T.);
#4235=EDGE_CURVE('',#4878,#4881,#755,.T.);
#4236=EDGE_CURVE('',#4898,#4644,#756,.T.);
#4237=EDGE_CURVE('',#4864,#4898,#757,.T.);
#4238=EDGE_CURVE('',#4883,#4880,#758,.T.);
#4239=EDGE_CURVE('',#4899,#4898,#759,.T.);
#4240=EDGE_CURVE('',#4899,#4647,#760,.T.);
#4241=EDGE_CURVE('',#4899,#4867,#761,.T.);
#4242=EDGE_CURVE('',#4900,#4601,#762,.T.);
#4243=EDGE_CURVE('',#4901,#4600,#763,.T.);
#4244=EDGE_CURVE('',#4901,#4900,#764,.T.);
#4245=EDGE_CURVE('',#4902,#4607,#765,.T.);
#4246=EDGE_CURVE('',#4903,#4606,#766,.T.);
#4247=EDGE_CURVE('',#4903,#4902,#767,.T.);
#4248=EDGE_CURVE('',#4904,#4615,#768,.T.);
#4249=EDGE_CURVE('',#4905,#4614,#769,.T.);
#4250=EDGE_CURVE('',#4905,#4904,#770,.T.);
#4251=EDGE_CURVE('',#4906,#4621,#771,.T.);
#4252=EDGE_CURVE('',#4907,#4620,#772,.T.);
#4253=EDGE_CURVE('',#4907,#4906,#773,.T.);
#4254=EDGE_CURVE('',#4554,#4908,#774,.T.);
#4255=EDGE_CURVE('',#4909,#4908,#775,.T.);
#4256=EDGE_CURVE('',#4555,#4909,#776,.T.);
#4257=EDGE_CURVE('',#4576,#4910,#777,.T.);
#4258=EDGE_CURVE('',#4911,#4910,#778,.T.);
#4259=EDGE_CURVE('',#4577,#4911,#779,.T.);
#4260=EDGE_CURVE('',#4574,#4912,#780,.T.);
#4261=EDGE_CURVE('',#4913,#4912,#781,.T.);
#4262=EDGE_CURVE('',#4575,#4913,#782,.T.);
#4263=EDGE_CURVE('',#4570,#4914,#783,.T.);
#4264=EDGE_CURVE('',#4915,#4914,#784,.T.);
#4265=EDGE_CURVE('',#4571,#4915,#785,.T.);
#4266=EDGE_CURVE('',#4568,#4916,#786,.T.);
#4267=EDGE_CURVE('',#4917,#4916,#787,.T.);
#4268=EDGE_CURVE('',#4569,#4917,#788,.T.);
#4269=EDGE_CURVE('',#4562,#4918,#789,.T.);
#4270=EDGE_CURVE('',#4919,#4918,#790,.T.);
#4271=EDGE_CURVE('',#4563,#4919,#791,.T.);
#4272=EDGE_CURVE('',#4560,#4920,#792,.T.);
#4273=EDGE_CURVE('',#4921,#4920,#793,.T.);
#4274=EDGE_CURVE('',#4561,#4921,#794,.T.);
#4275=EDGE_CURVE('',#4556,#4922,#795,.T.);
#4276=EDGE_CURVE('',#4923,#4922,#796,.T.);
#4277=EDGE_CURVE('',#4557,#4923,#797,.T.);
#4278=EDGE_CURVE('',#4922,#4909,#798,.T.);
#4279=EDGE_CURVE('',#4924,#4595,#799,.T.);
#4280=EDGE_CURVE('',#4906,#4924,#800,.T.);
#4281=EDGE_CURVE('',#4925,#4908,#801,.T.);
#4282=EDGE_CURVE('',#4926,#4924,#802,.T.);
#4283=EDGE_CURVE('',#4926,#4925,#803,.T.);
#4284=EDGE_CURVE('',#4925,#4927,#804,.T.);
#4285=EDGE_CURVE('',#4926,#4928,#805,.T.);
#4286=EDGE_CURVE('',#4928,#4927,#806,.T.);
#4287=EDGE_CURVE('',#4927,#4911,#807,.T.);
#4288=EDGE_CURVE('',#4928,#4929,#808,.T.);
#4289=EDGE_CURVE('',#4929,#4599,#809,.T.);
#4290=EDGE_CURVE('',#4929,#4901,#810,.T.);
#4291=EDGE_CURVE('',#4910,#4913,#811,.T.);
#4292=EDGE_CURVE('',#4930,#4602,#812,.T.);
#4293=EDGE_CURVE('',#4900,#4930,#813,.T.);
#4294=EDGE_CURVE('',#4912,#4915,#814,.T.);
#4295=EDGE_CURVE('',#4930,#4931,#815,.T.);
#4296=EDGE_CURVE('',#4931,#4605,#816,.T.);
#4297=EDGE_CURVE('',#4931,#4903,#817,.T.);
#4298=EDGE_CURVE('',#4914,#4917,#818,.T.);
#4299=EDGE_CURVE('',#4932,#4608,#819,.T.);
#4300=EDGE_CURVE('',#4902,#4932,#820,.T.);
#4301=EDGE_CURVE('',#4916,#4933,#821,.T.);
#4302=EDGE_CURVE('',#4932,#4934,#822,.T.);
#4303=EDGE_CURVE('',#4934,#4933,#823,.T.);
#4304=EDGE_CURVE('',#4933,#4935,#824,.T.);
#4305=EDGE_CURVE('',#4934,#4936,#825,.T.);
#4306=EDGE_CURVE('',#4936,#4935,#826,.T.);
#4307=EDGE_CURVE('',#4919,#4935,#827,.T.);
#4308=EDGE_CURVE('',#4937,#4936,#828,.T.);
#4309=EDGE_CURVE('',#4937,#4613,#829,.T.);
#4310=EDGE_CURVE('',#4937,#4905,#830,.T.);
#4311=EDGE_CURVE('',#4918,#4921,#831,.T.);
#4312=EDGE_CURVE('',#4938,#4616,#832,.T.);
#4313=EDGE_CURVE('',#4904,#4938,#833,.T.);
#4314=EDGE_CURVE('',#4923,#4920,#834,.T.);
#4315=EDGE_CURVE('',#4939,#4938,#835,.T.);
#4316=EDGE_CURVE('',#4939,#4619,#836,.T.);
#4317=EDGE_CURVE('',#4939,#4907,#837,.T.);
#4318=EDGE_CURVE('',#4436,#4591,#5024,.F.);
#4319=EDGE_CURVE('',#4591,#4435,#5025,.F.);
#4320=EDGE_CURVE('',#4592,#4434,#5026,.T.);
#4321=EDGE_CURVE('',#4437,#4590,#5027,.T.);
#4322=EDGE_CURVE('',#4592,#4433,#5028,.F.);
#4323=EDGE_CURVE('',#4430,#4590,#5029,.F.);
#4324=EDGE_CURVE('',#4593,#4432,#5030,.T.);
#4325=EDGE_CURVE('',#4431,#4593,#5031,.T.);
#4326=EDGE_CURVE('',#4586,#4581,#14,.T.);
#4327=EDGE_CURVE('',#4582,#4589,#15,.F.);
#4328=EDGE_CURVE('',#4583,#4588,#16,.F.);
#4329=EDGE_CURVE('',#4587,#4580,#17,.T.);
#4330=EDGE_CURVE('',#4940,#4940,#5032,.T.);
#4331=EDGE_CURVE('',#4941,#4941,#5033,.T.);
#4332=EDGE_CURVE('',#4942,#4942,#5034,.T.);
#4333=EDGE_CURVE('',#4943,#4943,#5035,.T.);
#4334=EDGE_CURVE('',#4944,#4944,#5036,.T.);
#4335=EDGE_CURVE('',#4945,#4945,#5037,.T.);
#4336=EDGE_CURVE('',#4946,#4946,#5038,.T.);
#4337=EDGE_CURVE('',#4947,#4947,#5039,.T.);
#4338=EDGE_CURVE('',#4948,#4948,#5040,.T.);
#4339=EDGE_CURVE('',#4949,#4949,#5041,.T.);
#4340=EDGE_CURVE('',#4950,#4950,#5042,.T.);
#4341=EDGE_CURVE('',#4951,#4951,#5043,.T.);
#4342=EDGE_CURVE('',#4952,#4952,#5044,.F.);
#4343=EDGE_CURVE('',#4953,#4953,#5045,.T.);
#4344=EDGE_CURVE('',#4954,#4954,#5046,.T.);
#4345=EDGE_CURVE('',#4955,#4956,#838,.T.);
#4346=EDGE_CURVE('',#4955,#4957,#839,.T.);
#4347=EDGE_CURVE('',#4957,#4958,#840,.T.);
#4348=EDGE_CURVE('',#4956,#4958,#841,.T.);
#4349=EDGE_CURVE('',#4959,#4959,#5047,.F.);
#4350=EDGE_CURVE('',#4960,#4960,#5048,.T.);
#4351=EDGE_CURVE('',#4961,#4961,#5049,.T.);
#4352=EDGE_CURVE('',#4962,#4963,#842,.T.);
#4353=EDGE_CURVE('',#4963,#4964,#843,.F.);
#4354=EDGE_CURVE('',#4964,#4965,#844,.F.);
#4355=EDGE_CURVE('',#4965,#4962,#845,.T.);
#4356=EDGE_CURVE('',#4966,#4966,#5050,.T.);
#4357=EDGE_CURVE('',#4967,#4967,#5051,.T.);
#4358=EDGE_CURVE('',#4968,#4969,#846,.T.);
#4359=EDGE_CURVE('',#4958,#4969,#847,.T.);
#4360=EDGE_CURVE('',#4957,#4968,#848,.T.);
#4361=EDGE_CURVE('',#4970,#4971,#5052,.T.);
#4362=EDGE_CURVE('',#4972,#4970,#849,.T.);
#4363=EDGE_CURVE('',#4973,#4972,#5053,.T.);
#4364=EDGE_CURVE('',#4974,#4973,#850,.T.);
#4365=EDGE_CURVE('',#4975,#4974,#5054,.T.);
#4366=EDGE_CURVE('',#4975,#4976,#851,.T.);
#4367=EDGE_CURVE('',#4976,#4977,#852,.T.);
#4368=EDGE_CURVE('',#4977,#4978,#853,.T.);
#4369=EDGE_CURVE('',#4979,#4978,#5055,.T.);
#4370=EDGE_CURVE('',#4971,#4979,#854,.T.);
#4371=EDGE_CURVE('',#4980,#4981,#855,.T.);
#4372=EDGE_CURVE('',#4955,#4980,#856,.T.);
#4373=EDGE_CURVE('',#4956,#4981,#857,.T.);
#4374=EDGE_CURVE('',#4980,#4968,#858,.T.);
#4375=EDGE_CURVE('',#4981,#4969,#859,.T.);
#4376=EDGE_CURVE('',#4982,#4983,#860,.T.);
#4377=EDGE_CURVE('',#4983,#4984,#5056,.T.);
#4378=EDGE_CURVE('',#4984,#4985,#861,.T.);
#4379=EDGE_CURVE('',#4985,#4986,#5057,.T.);
#4380=EDGE_CURVE('',#4987,#4986,#862,.T.);
#4381=EDGE_CURVE('',#4987,#4988,#5058,.T.);
#4382=EDGE_CURVE('',#4989,#4988,#863,.T.);
#4383=EDGE_CURVE('',#4989,#4982,#5059,.T.);
#4384=EDGE_CURVE('',#4984,#4990,#864,.F.);
#4385=EDGE_CURVE('',#4990,#4991,#865,.F.);
#4386=EDGE_CURVE('',#4991,#4985,#866,.T.);
#4387=EDGE_CURVE('',#4986,#4992,#867,.F.);
#4388=EDGE_CURVE('',#4992,#4993,#868,.T.);
#4389=EDGE_CURVE('',#4993,#4987,#869,.T.);
#4390=EDGE_CURVE('',#4994,#4995,#870,.T.);
#4391=EDGE_CURVE('',#4996,#4994,#5060,.T.);
#4392=EDGE_CURVE('',#4997,#4996,#871,.T.);
#4393=EDGE_CURVE('',#4998,#4997,#5061,.T.);
#4394=EDGE_CURVE('',#4998,#4999,#872,.T.);
#4395=EDGE_CURVE('',#4999,#5000,#873,.T.);
#4396=EDGE_CURVE('',#5000,#5001,#874,.T.);
#4397=EDGE_CURVE('',#5002,#5001,#5062,.T.);
#4398=EDGE_CURVE('',#5003,#5002,#875,.T.);
#4399=EDGE_CURVE('',#4995,#5003,#5063,.T.);
#4400=EDGE_CURVE('',#5004,#5005,#876,.T.);
#4401=EDGE_CURVE('',#5005,#4989,#877,.T.);
#4402=EDGE_CURVE('',#4988,#5004,#878,.F.);
#4403=EDGE_CURVE('',#5006,#5007,#879,.F.);
#4404=EDGE_CURVE('',#5007,#4983,#880,.T.);
#4405=EDGE_CURVE('',#4982,#5006,#881,.F.);
#4406=EDGE_CURVE('',#5004,#4993,#5064,.T.);
#4407=EDGE_CURVE('',#5004,#4964,#5065,.F.);
#4408=EDGE_CURVE('',#4964,#4993,#5066,.F.);
#4409=EDGE_CURVE('',#4992,#4991,#5067,.T.);
#4410=EDGE_CURVE('',#4965,#4992,#5068,.T.);
#4411=EDGE_CURVE('',#5005,#4963,#5069,.T.);
#4412=EDGE_CURVE('',#5006,#5005,#5070,.T.);
#4413=EDGE_CURVE('',#4965,#4991,#5071,.F.);
#4414=EDGE_CURVE('',#5006,#4963,#5072,.F.);
#4415=EDGE_CURVE('',#4962,#4990,#5073,.T.);
#4416=EDGE_CURVE('',#5007,#4962,#5074,.T.);
#4417=EDGE_CURVE('',#5007,#4990,#5075,.F.);
#4418=EDGE_CURVE('',#4995,#4972,#882,.T.);
#4419=EDGE_CURVE('',#4994,#4970,#883,.T.);
#4420=EDGE_CURVE('',#4996,#4971,#884,.T.);
#4421=EDGE_CURVE('',#4997,#4979,#885,.T.);
#4422=EDGE_CURVE('',#4998,#4978,#886,.T.);
#4423=EDGE_CURVE('',#4999,#4977,#887,.T.);
#4424=EDGE_CURVE('',#5000,#4976,#888,.T.);
#4425=EDGE_CURVE('',#5001,#4975,#889,.T.);
#4426=EDGE_CURVE('',#5002,#4974,#890,.T.);
#4427=EDGE_CURVE('',#5003,#4973,#891,.T.);
#4428=VERTEX_POINT('',#8487);
#4429=VERTEX_POINT('',#8489);
#4430=VERTEX_POINT('',#8491);
#4431=VERTEX_POINT('',#8492);
#4432=VERTEX_POINT('',#8494);
#4433=VERTEX_POINT('',#8496);
#4434=VERTEX_POINT('',#8498);
#4435=VERTEX_POINT('',#8500);
#4436=VERTEX_POINT('',#8502);
#4437=VERTEX_POINT('',#8504);
#4438=VERTEX_POINT('',#8507);
#4439=VERTEX_POINT('',#8509);
#4440=VERTEX_POINT('',#8511);
#4441=VERTEX_POINT('',#8512);
#4442=VERTEX_POINT('',#8514);
#4443=VERTEX_POINT('',#8516);
#4444=VERTEX_POINT('',#8518);
#4445=VERTEX_POINT('',#8520);
#4446=VERTEX_POINT('',#8522);
#4447=VERTEX_POINT('',#8524);
#4448=VERTEX_POINT('',#8526);
#4449=VERTEX_POINT('',#8528);
#4450=VERTEX_POINT('',#8530);
#4451=VERTEX_POINT('',#8532);
#4452=VERTEX_POINT('',#8534);
#4453=VERTEX_POINT('',#8536);
#4454=VERTEX_POINT('',#8538);
#4455=VERTEX_POINT('',#8540);
#4456=VERTEX_POINT('',#8542);
#4457=VERTEX_POINT('',#8544);
#4458=VERTEX_POINT('',#8546);
#4459=VERTEX_POINT('',#8548);
#4460=VERTEX_POINT('',#8550);
#4461=VERTEX_POINT('',#8552);
#4462=VERTEX_POINT('',#8554);
#4463=VERTEX_POINT('',#8556);
#4464=VERTEX_POINT('',#8558);
#4465=VERTEX_POINT('',#8560);
#4466=VERTEX_POINT('',#8562);
#4467=VERTEX_POINT('',#8564);
#4468=VERTEX_POINT('',#8567);
#4469=VERTEX_POINT('',#8568);
#4470=VERTEX_POINT('',#8570);
#4471=VERTEX_POINT('',#8572);
#4472=VERTEX_POINT('',#8574);
#4473=VERTEX_POINT('',#8576);
#4474=VERTEX_POINT('',#8578);
#4475=VERTEX_POINT('',#8580);
#4476=VERTEX_POINT('',#8582);
#4477=VERTEX_POINT('',#8584);
#4478=VERTEX_POINT('',#8586);
#4479=VERTEX_POINT('',#8588);
#4480=VERTEX_POINT('',#8590);
#4481=VERTEX_POINT('',#8592);
#4482=VERTEX_POINT('',#8594);
#4483=VERTEX_POINT('',#8596);
#4484=VERTEX_POINT('',#8598);
#4485=VERTEX_POINT('',#8600);
#4486=VERTEX_POINT('',#8602);
#4487=VERTEX_POINT('',#8604);
#4488=VERTEX_POINT('',#8606);
#4489=VERTEX_POINT('',#8608);
#4490=VERTEX_POINT('',#8610);
#4491=VERTEX_POINT('',#8612);
#4492=VERTEX_POINT('',#8614);
#4493=VERTEX_POINT('',#8616);
#4494=VERTEX_POINT('',#8618);
#4495=VERTEX_POINT('',#8620);
#4496=VERTEX_POINT('',#8623);
#4497=VERTEX_POINT('',#8624);
#4498=VERTEX_POINT('',#8626);
#4499=VERTEX_POINT('',#8628);
#4500=VERTEX_POINT('',#8630);
#4501=VERTEX_POINT('',#8632);
#4502=VERTEX_POINT('',#8634);
#4503=VERTEX_POINT('',#8636);
#4504=VERTEX_POINT('',#8638);
#4505=VERTEX_POINT('',#8640);
#4506=VERTEX_POINT('',#8642);
#4507=VERTEX_POINT('',#8644);
#4508=VERTEX_POINT('',#8646);
#4509=VERTEX_POINT('',#8648);
#4510=VERTEX_POINT('',#8650);
#4511=VERTEX_POINT('',#8652);
#4512=VERTEX_POINT('',#8654);
#4513=VERTEX_POINT('',#8656);
#4514=VERTEX_POINT('',#8658);
#4515=VERTEX_POINT('',#8660);
#4516=VERTEX_POINT('',#8662);
#4517=VERTEX_POINT('',#8664);
#4518=VERTEX_POINT('',#8666);
#4519=VERTEX_POINT('',#8668);
#4520=VERTEX_POINT('',#8670);
#4521=VERTEX_POINT('',#8672);
#4522=VERTEX_POINT('',#8674);
#4523=VERTEX_POINT('',#8676);
#4524=VERTEX_POINT('',#8679);
#4525=VERTEX_POINT('',#8680);
#4526=VERTEX_POINT('',#8682);
#4527=VERTEX_POINT('',#8684);
#4528=VERTEX_POINT('',#8686);
#4529=VERTEX_POINT('',#8688);
#4530=VERTEX_POINT('',#8690);
#4531=VERTEX_POINT('',#8692);
#4532=VERTEX_POINT('',#8694);
#4533=VERTEX_POINT('',#8696);
#4534=VERTEX_POINT('',#8698);
#4535=VERTEX_POINT('',#8700);
#4536=VERTEX_POINT('',#8702);
#4537=VERTEX_POINT('',#8704);
#4538=VERTEX_POINT('',#8706);
#4539=VERTEX_POINT('',#8708);
#4540=VERTEX_POINT('',#8710);
#4541=VERTEX_POINT('',#8712);
#4542=VERTEX_POINT('',#8714);
#4543=VERTEX_POINT('',#8716);
#4544=VERTEX_POINT('',#8718);
#4545=VERTEX_POINT('',#8720);
#4546=VERTEX_POINT('',#8722);
#4547=VERTEX_POINT('',#8724);
#4548=VERTEX_POINT('',#8726);
#4549=VERTEX_POINT('',#8728);
#4550=VERTEX_POINT('',#8730);
#4551=VERTEX_POINT('',#8732);
#4552=VERTEX_POINT('',#8735);
#4553=VERTEX_POINT('',#8736);
#4554=VERTEX_POINT('',#8738);
#4555=VERTEX_POINT('',#8740);
#4556=VERTEX_POINT('',#8742);
#4557=VERTEX_POINT('',#8744);
#4558=VERTEX_POINT('',#8746);
#4559=VERTEX_POINT('',#8748);
#4560=VERTEX_POINT('',#8750);
#4561=VERTEX_POINT('',#8752);
#4562=VERTEX_POINT('',#8754);
#4563=VERTEX_POINT('',#8756);
#4564=VERTEX_POINT('',#8758);
#4565=VERTEX_POINT('',#8760);
#4566=VERTEX_POINT('',#8762);
#4567=VERTEX_POINT('',#8764);
#4568=VERTEX_POINT('',#8766);
#4569=VERTEX_POINT('',#8768);
#4570=VERTEX_POINT('',#8770);
#4571=VERTEX_POINT('',#8772);
#4572=VERTEX_POINT('',#8774);
#4573=VERTEX_POINT('',#8776);
#4574=VERTEX_POINT('',#8778);
#4575=VERTEX_POINT('',#8780);
#4576=VERTEX_POINT('',#8782);
#4577=VERTEX_POINT('',#8784);
#4578=VERTEX_POINT('',#8786);
#4579=VERTEX_POINT('',#8788);
#4580=VERTEX_POINT('',#8791);
#4581=VERTEX_POINT('',#8792);
#4582=VERTEX_POINT('',#8794);
#4583=VERTEX_POINT('',#8796);
#4584=VERTEX_POINT('',#8799);
#4585=VERTEX_POINT('',#8801);
#4586=VERTEX_POINT('',#8804);
#4587=VERTEX_POINT('',#8805);
#4588=VERTEX_POINT('',#8807);
#4589=VERTEX_POINT('',#8809);
#4590=VERTEX_POINT('',#8812);
#4591=VERTEX_POINT('',#8813);
#4592=VERTEX_POINT('',#8815);
#4593=VERTEX_POINT('',#8817);
#4594=VERTEX_POINT('',#8820);
#4595=VERTEX_POINT('',#8821);
#4596=VERTEX_POINT('',#8823);
#4597=VERTEX_POINT('',#8825);
#4598=VERTEX_POINT('',#8827);
#4599=VERTEX_POINT('',#8829);
#4600=VERTEX_POINT('',#8831);
#4601=VERTEX_POINT('',#8833);
#4602=VERTEX_POINT('',#8835);
#4603=VERTEX_POINT('',#8837);
#4604=VERTEX_POINT('',#8839);
#4605=VERTEX_POINT('',#8841);
#4606=VERTEX_POINT('',#8843);
#4607=VERTEX_POINT('',#8845);
#4608=VERTEX_POINT('',#8847);
#4609=VERTEX_POINT('',#8849);
#4610=VERTEX_POINT('',#8851);
#4611=VERTEX_POINT('',#8853);
#4612=VERTEX_POINT('',#8855);
#4613=VERTEX_POINT('',#8857);
#4614=VERTEX_POINT('',#8859);
#4615=VERTEX_POINT('',#8861);
#4616=VERTEX_POINT('',#8863);
#4617=VERTEX_POINT('',#8865);
#4618=VERTEX_POINT('',#8867);
#4619=VERTEX_POINT('',#8869);
#4620=VERTEX_POINT('',#8871);
#4621=VERTEX_POINT('',#8873);
#4622=VERTEX_POINT('',#8876);
#4623=VERTEX_POINT('',#8877);
#4624=VERTEX_POINT('',#8879);
#4625=VERTEX_POINT('',#8881);
#4626=VERTEX_POINT('',#8883);
#4627=VERTEX_POINT('',#8885);
#4628=VERTEX_POINT('',#8887);
#4629=VERTEX_POINT('',#8889);
#4630=VERTEX_POINT('',#8891);
#4631=VERTEX_POINT('',#8893);
#4632=VERTEX_POINT('',#8895);
#4633=VERTEX_POINT('',#8897);
#4634=VERTEX_POINT('',#8899);
#4635=VERTEX_POINT('',#8901);
#4636=VERTEX_POINT('',#8903);
#4637=VERTEX_POINT('',#8905);
#4638=VERTEX_POINT('',#8907);
#4639=VERTEX_POINT('',#8909);
#4640=VERTEX_POINT('',#8911);
#4641=VERTEX_POINT('',#8913);
#4642=VERTEX_POINT('',#8915);
#4643=VERTEX_POINT('',#8917);
#4644=VERTEX_POINT('',#8919);
#4645=VERTEX_POINT('',#8921);
#4646=VERTEX_POINT('',#8923);
#4647=VERTEX_POINT('',#8925);
#4648=VERTEX_POINT('',#8927);
#4649=VERTEX_POINT('',#8929);
#4650=VERTEX_POINT('',#8932);
#4651=VERTEX_POINT('',#8933);
#4652=VERTEX_POINT('',#8935);
#4653=VERTEX_POINT('',#8937);
#4654=VERTEX_POINT('',#8939);
#4655=VERTEX_POINT('',#8941);
#4656=VERTEX_POINT('',#8943);
#4657=VERTEX_POINT('',#8945);
#4658=VERTEX_POINT('',#8947);
#4659=VERTEX_POINT('',#8949);
#4660=VERTEX_POINT('',#8951);
#4661=VERTEX_POINT('',#8953);
#4662=VERTEX_POINT('',#8955);
#4663=VERTEX_POINT('',#8957);
#4664=VERTEX_POINT('',#8959);
#4665=VERTEX_POINT('',#8961);
#4666=VERTEX_POINT('',#8963);
#4667=VERTEX_POINT('',#8965);
#4668=VERTEX_POINT('',#8967);
#4669=VERTEX_POINT('',#8969);
#4670=VERTEX_POINT('',#8971);
#4671=VERTEX_POINT('',#8973);
#4672=VERTEX_POINT('',#8975);
#4673=VERTEX_POINT('',#8977);
#4674=VERTEX_POINT('',#8979);
#4675=VERTEX_POINT('',#8981);
#4676=VERTEX_POINT('',#8983);
#4677=VERTEX_POINT('',#8985);
#4678=VERTEX_POINT('',#8988);
#4679=VERTEX_POINT('',#8989);
#4680=VERTEX_POINT('',#8991);
#4681=VERTEX_POINT('',#8993);
#4682=VERTEX_POINT('',#8995);
#4683=VERTEX_POINT('',#8997);
#4684=VERTEX_POINT('',#8999);
#4685=VERTEX_POINT('',#9001);
#4686=VERTEX_POINT('',#9003);
#4687=VERTEX_POINT('',#9005);
#4688=VERTEX_POINT('',#9007);
#4689=VERTEX_POINT('',#9009);
#4690=VERTEX_POINT('',#9011);
#4691=VERTEX_POINT('',#9013);
#4692=VERTEX_POINT('',#9015);
#4693=VERTEX_POINT('',#9017);
#4694=VERTEX_POINT('',#9019);
#4695=VERTEX_POINT('',#9021);
#4696=VERTEX_POINT('',#9023);
#4697=VERTEX_POINT('',#9025);
#4698=VERTEX_POINT('',#9027);
#4699=VERTEX_POINT('',#9029);
#4700=VERTEX_POINT('',#9031);
#4701=VERTEX_POINT('',#9033);
#4702=VERTEX_POINT('',#9035);
#4703=VERTEX_POINT('',#9037);
#4704=VERTEX_POINT('',#9039);
#4705=VERTEX_POINT('',#9041);
#4706=VERTEX_POINT('',#9044);
#4707=VERTEX_POINT('',#9045);
#4708=VERTEX_POINT('',#9047);
#4709=VERTEX_POINT('',#9049);
#4710=VERTEX_POINT('',#9051);
#4711=VERTEX_POINT('',#9053);
#4712=VERTEX_POINT('',#9055);
#4713=VERTEX_POINT('',#9057);
#4714=VERTEX_POINT('',#9059);
#4715=VERTEX_POINT('',#9061);
#4716=VERTEX_POINT('',#9063);
#4717=VERTEX_POINT('',#9065);
#4718=VERTEX_POINT('',#9067);
#4719=VERTEX_POINT('',#9069);
#4720=VERTEX_POINT('',#9071);
#4721=VERTEX_POINT('',#9073);
#4722=VERTEX_POINT('',#9075);
#4723=VERTEX_POINT('',#9077);
#4724=VERTEX_POINT('',#9079);
#4725=VERTEX_POINT('',#9081);
#4726=VERTEX_POINT('',#9083);
#4727=VERTEX_POINT('',#9085);
#4728=VERTEX_POINT('',#9087);
#4729=VERTEX_POINT('',#9089);
#4730=VERTEX_POINT('',#9091);
#4731=VERTEX_POINT('',#9093);
#4732=VERTEX_POINT('',#9095);
#4733=VERTEX_POINT('',#9097);
#4734=VERTEX_POINT('',#9161);
#4735=VERTEX_POINT('',#9163);
#4736=VERTEX_POINT('',#9166);
#4737=VERTEX_POINT('',#9170);
#4738=VERTEX_POINT('',#9172);
#4739=VERTEX_POINT('',#9175);
#4740=VERTEX_POINT('',#9301);
#4741=VERTEX_POINT('',#9303);
#4742=VERTEX_POINT('',#9307);
#4743=VERTEX_POINT('',#9309);
#4744=VERTEX_POINT('',#9313);
#4745=VERTEX_POINT('',#9315);
#4746=VERTEX_POINT('',#9319);
#4747=VERTEX_POINT('',#9321);
#4748=VERTEX_POINT('',#9325);
#4749=VERTEX_POINT('',#9327);
#4750=VERTEX_POINT('',#9331);
#4751=VERTEX_POINT('',#9333);
#4752=VERTEX_POINT('',#9337);
#4753=VERTEX_POINT('',#9339);
#4754=VERTEX_POINT('',#9343);
#4755=VERTEX_POINT('',#9345);
#4756=VERTEX_POINT('',#9349);
#4757=VERTEX_POINT('',#9351);
#4758=VERTEX_POINT('',#9355);
#4759=VERTEX_POINT('',#9357);
#4760=VERTEX_POINT('',#9361);
#4761=VERTEX_POINT('',#9363);
#4762=VERTEX_POINT('',#9367);
#4763=VERTEX_POINT('',#9369);
#4764=VERTEX_POINT('',#9375);
#4765=VERTEX_POINT('',#9379);
#4766=VERTEX_POINT('',#9381);
#4767=VERTEX_POINT('',#9385);
#4768=VERTEX_POINT('',#9387);
#4769=VERTEX_POINT('',#9392);
#4770=VERTEX_POINT('',#9400);
#4771=VERTEX_POINT('',#9405);
#4772=VERTEX_POINT('',#9413);
#4773=VERTEX_POINT('',#9417);
#4774=VERTEX_POINT('',#9419);
#4775=VERTEX_POINT('',#9423);
#4776=VERTEX_POINT('',#9425);
#4777=VERTEX_POINT('',#9430);
#4778=VERTEX_POINT('',#9438);
#4779=VERTEX_POINT('',#9443);
#4780=VERTEX_POINT('',#9451);
#4781=VERTEX_POINT('',#9453);
#4782=VERTEX_POINT('',#9457);
#4783=VERTEX_POINT('',#9459);
#4784=VERTEX_POINT('',#9463);
#4785=VERTEX_POINT('',#9465);
#4786=VERTEX_POINT('',#9469);
#4787=VERTEX_POINT('',#9471);
#4788=VERTEX_POINT('',#9475);
#4789=VERTEX_POINT('',#9477);
#4790=VERTEX_POINT('',#9481);
#4791=VERTEX_POINT('',#9483);
#4792=VERTEX_POINT('',#9487);
#4793=VERTEX_POINT('',#9489);
#4794=VERTEX_POINT('',#9493);
#4795=VERTEX_POINT('',#9495);
#4796=VERTEX_POINT('',#9499);
#4797=VERTEX_POINT('',#9501);
#4798=VERTEX_POINT('',#9505);
#4799=VERTEX_POINT('',#9507);
#4800=VERTEX_POINT('',#9511);
#4801=VERTEX_POINT('',#9513);
#4802=VERTEX_POINT('',#9517);
#4803=VERTEX_POINT('',#9519);
#4804=VERTEX_POINT('',#9525);
#4805=VERTEX_POINT('',#9529);
#4806=VERTEX_POINT('',#9531);
#4807=VERTEX_POINT('',#9535);
#4808=VERTEX_POINT('',#9537);
#4809=VERTEX_POINT('',#9542);
#4810=VERTEX_POINT('',#9550);
#4811=VERTEX_POINT('',#9555);
#4812=VERTEX_POINT('',#9563);
#4813=VERTEX_POINT('',#9567);
#4814=VERTEX_POINT('',#9569);
#4815=VERTEX_POINT('',#9573);
#4816=VERTEX_POINT('',#9575);
#4817=VERTEX_POINT('',#9580);
#4818=VERTEX_POINT('',#9588);
#4819=VERTEX_POINT('',#9593);
#4820=VERTEX_POINT('',#9601);
#4821=VERTEX_POINT('',#9603);
#4822=VERTEX_POINT('',#9607);
#4823=VERTEX_POINT('',#9609);
#4824=VERTEX_POINT('',#9613);
#4825=VERTEX_POINT('',#9615);
#4826=VERTEX_POINT('',#9619);
#4827=VERTEX_POINT('',#9621);
#4828=VERTEX_POINT('',#9625);
#4829=VERTEX_POINT('',#9627);
#4830=VERTEX_POINT('',#9631);
#4831=VERTEX_POINT('',#9633);
#4832=VERTEX_POINT('',#9637);
#4833=VERTEX_POINT('',#9639);
#4834=VERTEX_POINT('',#9643);
#4835=VERTEX_POINT('',#9645);
#4836=VERTEX_POINT('',#9649);
#4837=VERTEX_POINT('',#9651);
#4838=VERTEX_POINT('',#9655);
#4839=VERTEX_POINT('',#9657);
#4840=VERTEX_POINT('',#9661);
#4841=VERTEX_POINT('',#9663);
#4842=VERTEX_POINT('',#9667);
#4843=VERTEX_POINT('',#9669);
#4844=VERTEX_POINT('',#9675);
#4845=VERTEX_POINT('',#9679);
#4846=VERTEX_POINT('',#9681);
#4847=VERTEX_POINT('',#9685);
#4848=VERTEX_POINT('',#9687);
#4849=VERTEX_POINT('',#9692);
#4850=VERTEX_POINT('',#9700);
#4851=VERTEX_POINT('',#9705);
#4852=VERTEX_POINT('',#9713);
#4853=VERTEX_POINT('',#9717);
#4854=VERTEX_POINT('',#9719);
#4855=VERTEX_POINT('',#9723);
#4856=VERTEX_POINT('',#9725);
#4857=VERTEX_POINT('',#9730);
#4858=VERTEX_POINT('',#9738);
#4859=VERTEX_POINT('',#9743);
#4860=VERTEX_POINT('',#9751);
#4861=VERTEX_POINT('',#9753);
#4862=VERTEX_POINT('',#9757);
#4863=VERTEX_POINT('',#9759);
#4864=VERTEX_POINT('',#9763);
#4865=VERTEX_POINT('',#9765);
#4866=VERTEX_POINT('',#9769);
#4867=VERTEX_POINT('',#9771);
#4868=VERTEX_POINT('',#9775);
#4869=VERTEX_POINT('',#9777);
#4870=VERTEX_POINT('',#9781);
#4871=VERTEX_POINT('',#9783);
#4872=VERTEX_POINT('',#9787);
#4873=VERTEX_POINT('',#9789);
#4874=VERTEX_POINT('',#9793);
#4875=VERTEX_POINT('',#9795);
#4876=VERTEX_POINT('',#9799);
#4877=VERTEX_POINT('',#9801);
#4878=VERTEX_POINT('',#9805);
#4879=VERTEX_POINT('',#9807);
#4880=VERTEX_POINT('',#9811);
#4881=VERTEX_POINT('',#9813);
#4882=VERTEX_POINT('',#9817);
#4883=VERTEX_POINT('',#9819);
#4884=VERTEX_POINT('',#9825);
#4885=VERTEX_POINT('',#9829);
#4886=VERTEX_POINT('',#9831);
#4887=VERTEX_POINT('',#9835);
#4888=VERTEX_POINT('',#9837);
#4889=VERTEX_POINT('',#9842);
#4890=VERTEX_POINT('',#9850);
#4891=VERTEX_POINT('',#9855);
#4892=VERTEX_POINT('',#9863);
#4893=VERTEX_POINT('',#9867);
#4894=VERTEX_POINT('',#9869);
#4895=VERTEX_POINT('',#9873);
#4896=VERTEX_POINT('',#9875);
#4897=VERTEX_POINT('',#9880);
#4898=VERTEX_POINT('',#9888);
#4899=VERTEX_POINT('',#9893);
#4900=VERTEX_POINT('',#9901);
#4901=VERTEX_POINT('',#9903);
#4902=VERTEX_POINT('',#9907);
#4903=VERTEX_POINT('',#9909);
#4904=VERTEX_POINT('',#9913);
#4905=VERTEX_POINT('',#9915);
#4906=VERTEX_POINT('',#9919);
#4907=VERTEX_POINT('',#9921);
#4908=VERTEX_POINT('',#9925);
#4909=VERTEX_POINT('',#9927);
#4910=VERTEX_POINT('',#9931);
#4911=VERTEX_POINT('',#9933);
#4912=VERTEX_POINT('',#9937);
#4913=VERTEX_POINT('',#9939);
#4914=VERTEX_POINT('',#9943);
#4915=VERTEX_POINT('',#9945);
#4916=VERTEX_POINT('',#9949);
#4917=VERTEX_POINT('',#9951);
#4918=VERTEX_POINT('',#9955);
#4919=VERTEX_POINT('',#9957);
#4920=VERTEX_POINT('',#9961);
#4921=VERTEX_POINT('',#9963);
#4922=VERTEX_POINT('',#9967);
#4923=VERTEX_POINT('',#9969);
#4924=VERTEX_POINT('',#9975);
#4925=VERTEX_POINT('',#9979);
#4926=VERTEX_POINT('',#9981);
#4927=VERTEX_POINT('',#9985);
#4928=VERTEX_POINT('',#9987);
#4929=VERTEX_POINT('',#9992);
#4930=VERTEX_POINT('',#10000);
#4931=VERTEX_POINT('',#10005);
#4932=VERTEX_POINT('',#10013);
#4933=VERTEX_POINT('',#10017);
#4934=VERTEX_POINT('',#10019);
#4935=VERTEX_POINT('',#10023);
#4936=VERTEX_POINT('',#10025);
#4937=VERTEX_POINT('',#10030);
#4938=VERTEX_POINT('',#10038);
#4939=VERTEX_POINT('',#10043);
#4940=VERTEX_POINT('',#10075);
#4941=VERTEX_POINT('',#10077);
#4942=VERTEX_POINT('',#10080);
#4943=VERTEX_POINT('',#10085);
#4944=VERTEX_POINT('',#10087);
#4945=VERTEX_POINT('',#10090);
#4946=VERTEX_POINT('',#10095);
#4947=VERTEX_POINT('',#10098);
#4948=VERTEX_POINT('',#10100);
#4949=VERTEX_POINT('',#10105);
#4950=VERTEX_POINT('',#10108);
#4951=VERTEX_POINT('',#10110);
#4952=VERTEX_POINT('',#10116);
#4953=VERTEX_POINT('',#10118);
#4954=VERTEX_POINT('',#10120);
#4955=VERTEX_POINT('',#10122);
#4956=VERTEX_POINT('',#10123);
#4957=VERTEX_POINT('',#10125);
#4958=VERTEX_POINT('',#10127);
#4959=VERTEX_POINT('',#10130);
#4960=VERTEX_POINT('',#10133);
#4961=VERTEX_POINT('',#10135);
#4962=VERTEX_POINT('',#10137);
#4963=VERTEX_POINT('',#10138);
#4964=VERTEX_POINT('',#10140);
#4965=VERTEX_POINT('',#10142);
#4966=VERTEX_POINT('',#10145);
#4967=VERTEX_POINT('',#10147);
#4968=VERTEX_POINT('',#10150);
#4969=VERTEX_POINT('',#10151);
#4970=VERTEX_POINT('',#10155);
#4971=VERTEX_POINT('',#10156);
#4972=VERTEX_POINT('',#10158);
#4973=VERTEX_POINT('',#10160);
#4974=VERTEX_POINT('',#10162);
#4975=VERTEX_POINT('',#10164);
#4976=VERTEX_POINT('',#10166);
#4977=VERTEX_POINT('',#10168);
#4978=VERTEX_POINT('',#10170);
#4979=VERTEX_POINT('',#10172);
#4980=VERTEX_POINT('',#10176);
#4981=VERTEX_POINT('',#10177);
#4982=VERTEX_POINT('',#10186);
#4983=VERTEX_POINT('',#10187);
#4984=VERTEX_POINT('',#10189);
#4985=VERTEX_POINT('',#10191);
#4986=VERTEX_POINT('',#10193);
#4987=VERTEX_POINT('',#10195);
#4988=VERTEX_POINT('',#10197);
#4989=VERTEX_POINT('',#10199);
#4990=VERTEX_POINT('',#10203);
#4991=VERTEX_POINT('',#10205);
#4992=VERTEX_POINT('',#10209);
#4993=VERTEX_POINT('',#10211);
#4994=VERTEX_POINT('',#10215);
#4995=VERTEX_POINT('',#10216);
#4996=VERTEX_POINT('',#10218);
#4997=VERTEX_POINT('',#10220);
#4998=VERTEX_POINT('',#10222);
#4999=VERTEX_POINT('',#10224);
#5000=VERTEX_POINT('',#10226);
#5001=VERTEX_POINT('',#10228);
#5002=VERTEX_POINT('',#10230);
#5003=VERTEX_POINT('',#10232);
#5004=VERTEX_POINT('',#10235);
#5005=VERTEX_POINT('',#10236);
#5006=VERTEX_POINT('',#10241);
#5007=VERTEX_POINT('',#10242);
#5008=CIRCLE('',#6459,4.);
#5009=CIRCLE('',#6460,4.);
#5010=CIRCLE('',#6461,2.);
#5011=CIRCLE('',#6462,2.);
#5012=CIRCLE('',#6463,2.);
#5013=CIRCLE('',#6464,2.);
#5014=CIRCLE('',#6465,2.35);
#5015=CIRCLE('',#6466,2.35);
#5016=CIRCLE('',#6467,4.);
#5017=CIRCLE('',#6468,4.);
#5018=CIRCLE('',#6491,1.6);
#5019=CIRCLE('',#6492,1.6);
#5020=CIRCLE('',#6494,2.35);
#5021=CIRCLE('',#6497,1.6);
#5022=CIRCLE('',#6498,1.6);
#5023=CIRCLE('',#6500,2.35);
#5024=CIRCLE('',#6735,2.);
#5025=CIRCLE('',#6736,2.);
#5026=CIRCLE('',#6738,2.);
#5027=CIRCLE('',#6740,2.);
#5028=CIRCLE('',#6742,2.);
#5029=CIRCLE('',#6744,2.);
#5030=CIRCLE('',#6746,2.);
#5031=CIRCLE('',#6748,2.);
#5032=CIRCLE('',#6759,2.5);
#5033=CIRCLE('',#6760,2.5);
#5034=CIRCLE('',#6762,4.);
#5035=CIRCLE('',#6766,2.5);
#5036=CIRCLE('',#6767,2.5);
#5037=CIRCLE('',#6769,4.);
#5038=CIRCLE('',#6773,4.);
#5039=CIRCLE('',#6775,2.5);
#5040=CIRCLE('',#6776,2.5);
#5041=CIRCLE('',#6780,4.);
#5042=CIRCLE('',#6782,2.5);
#5043=CIRCLE('',#6783,2.5);
#5044=CIRCLE('',#6788,2.5);
#5045=CIRCLE('',#6789,2.5);
#5046=CIRCLE('',#6790,2.5);
#5047=CIRCLE('',#6791,2.5);
#5048=CIRCLE('',#6793,2.5);
#5049=CIRCLE('',#6794,2.5);
#5050=CIRCLE('',#6795,2.5);
#5051=CIRCLE('',#6796,2.5);
#5052=CIRCLE('',#6798,1.);
#5053=CIRCLE('',#6799,1.);
#5054=CIRCLE('',#6800,1.);
#5055=CIRCLE('',#6801,1.);
#5056=CIRCLE('',#6806,2.);
#5057=CIRCLE('',#6807,2.);
#5058=CIRCLE('',#6808,2.);
#5059=CIRCLE('',#6809,2.);
#5060=CIRCLE('',#6813,1.);
#5061=CIRCLE('',#6814,1.);
#5062=CIRCLE('',#6815,1.);
#5063=CIRCLE('',#6816,1.);
#5064=CIRCLE('',#6819,2.);
#5065=CIRCLE('',#6821,2.);
#5066=CIRCLE('',#6822,2.);
#5067=CIRCLE('',#6824,2.);
#5068=CIRCLE('',#6826,2.);
#5069=CIRCLE('',#6828,2.);
#5070=CIRCLE('',#6830,2.);
#5071=CIRCLE('',#6832,2.);
#5072=CIRCLE('',#6834,2.);
#5073=CIRCLE('',#6836,2.);
#5074=CIRCLE('',#6838,2.);
#5075=CIRCLE('',#6840,2.);
#5076=EDGE_LOOP('',(#1722));
#5077=EDGE_LOOP('',(#1723));
#5078=EDGE_LOOP('',(#1724,#1725,#1726,#1727,#1728,#1729,#1730,#1731));
#5079=EDGE_LOOP('',(#1732));
#5080=EDGE_LOOP('',(#1733));
#5081=EDGE_LOOP('',(#1734,#1735,#1736,#1737,#1738,#1739,#1740,#1741,#1742,
#1743,#1744,#1745,#1746,#1747,#1748,#1749,#1750,#1751,#1752,#1753,#1754,
#1755,#1756,#1757,#1758,#1759,#1760,#1761));
#5082=EDGE_LOOP('',(#1762,#1763,#1764,#1765,#1766,#1767,#1768,#1769,#1770,
#1771,#1772,#1773,#1774,#1775,#1776,#1777,#1778,#1779,#1780,#1781,#1782,
#1783,#1784,#1785,#1786,#1787,#1788,#1789));
#5083=EDGE_LOOP('',(#1790,#1791,#1792,#1793,#1794,#1795,#1796,#1797,#1798,
#1799,#1800,#1801,#1802,#1803,#1804,#1805,#1806,#1807,#1808,#1809,#1810,
#1811,#1812,#1813,#1814,#1815,#1816,#1817));
#5084=EDGE_LOOP('',(#1818,#1819,#1820,#1821,#1822,#1823,#1824,#1825,#1826,
#1827,#1828,#1829,#1830,#1831,#1832,#1833,#1834,#1835,#1836,#1837,#1838,
#1839,#1840,#1841,#1842,#1843,#1844,#1845));
#5085=EDGE_LOOP('',(#1846,#1847,#1848,#1849,#1850,#1851,#1852,#1853,#1854,
#1855,#1856,#1857,#1858,#1859,#1860,#1861,#1862,#1863,#1864,#1865,#1866,
#1867,#1868,#1869,#1870,#1871,#1872,#1873));
#5086=EDGE_LOOP('',(#1874,#1875,#1876,#1877));
#5087=EDGE_LOOP('',(#1878));
#5088=EDGE_LOOP('',(#1879));
#5089=EDGE_LOOP('',(#1880,#1881,#1882,#1883));
#5090=EDGE_LOOP('',(#1884,#1885,#1886,#1887));
#5091=EDGE_LOOP('',(#1888,#1889,#1890,#1891,#1892,#1893,#1894,#1895,#1896,
#1897,#1898,#1899,#1900,#1901,#1902,#1903,#1904,#1905,#1906,#1907,#1908,
#1909,#1910,#1911,#1912,#1913,#1914,#1915));
#5092=EDGE_LOOP('',(#1916,#1917,#1918,#1919,#1920,#1921,#1922,#1923,#1924,
#1925,#1926,#1927,#1928,#1929,#1930,#1931,#1932,#1933,#1934,#1935,#1936,
#1937,#1938,#1939,#1940,#1941,#1942,#1943));
#5093=EDGE_LOOP('',(#1944,#1945,#1946,#1947,#1948,#1949,#1950,#1951,#1952,
#1953,#1954,#1955,#1956,#1957,#1958,#1959,#1960,#1961,#1962,#1963,#1964,
#1965,#1966,#1967,#1968,#1969,#1970,#1971));
#5094=EDGE_LOOP('',(#1972,#1973,#1974,#1975,#1976,#1977,#1978,#1979,#1980,
#1981,#1982,#1983,#1984,#1985,#1986,#1987,#1988,#1989,#1990,#1991,#1992,
#1993,#1994,#1995,#1996,#1997,#1998,#1999));
#5095=EDGE_LOOP('',(#2000,#2001,#2002,#2003,#2004,#2005,#2006,#2007,#2008,
#2009,#2010,#2011,#2012,#2013,#2014,#2015,#2016,#2017,#2018,#2019,#2020,
#2021,#2022,#2023,#2024,#2025,#2026,#2027));
#5096=EDGE_LOOP('',(#2028,#2029,#2030,#2031));
#5097=EDGE_LOOP('',(#2032,#2033,#2034,#2035));
#5098=EDGE_LOOP('',(#2036,#2037,#2038,#2039));
#5099=EDGE_LOOP('',(#2040,#2041,#2042,#2043));
#5100=EDGE_LOOP('',(#2044,#2045,#2046,#2047));
#5101=EDGE_LOOP('',(#2048,#2049,#2050,#2051));
#5102=EDGE_LOOP('',(#2052,#2053,#2054,#2055));
#5103=EDGE_LOOP('',(#2056,#2057,#2058,#2059));
#5104=EDGE_LOOP('',(#2060,#2061,#2062,#2063));
#5105=EDGE_LOOP('',(#2064,#2065,#2066,#2067));
#5106=EDGE_LOOP('',(#2068,#2069,#2070,#2071));
#5107=EDGE_LOOP('',(#2072,#2073,#2074,#2075));
#5108=EDGE_LOOP('',(#2076,#2077,#2078,#2079));
#5109=EDGE_LOOP('',(#2080,#2081,#2082,#2083));
#5110=EDGE_LOOP('',(#2084,#2085,#2086,#2087));
#5111=EDGE_LOOP('',(#2088,#2089,#2090,#2091));
#5112=EDGE_LOOP('',(#2092,#2093,#2094,#2095));
#5113=EDGE_LOOP('',(#2096,#2097,#2098,#2099));
#5114=EDGE_LOOP('',(#2100,#2101,#2102,#2103));
#5115=EDGE_LOOP('',(#2104,#2105,#2106,#2107));
#5116=EDGE_LOOP('',(#2108));
#5117=EDGE_LOOP('',(#2109));
#5118=EDGE_LOOP('',(#2110));
#5119=EDGE_LOOP('',(#2111));
#5120=EDGE_LOOP('',(#2112));
#5121=EDGE_LOOP('',(#2113));
#5122=EDGE_LOOP('',(#2114));
#5123=EDGE_LOOP('',(#2115));
#5124=EDGE_LOOP('',(#2116));
#5125=EDGE_LOOP('',(#2117));
#5126=EDGE_LOOP('',(#2118));
#5127=EDGE_LOOP('',(#2119));
#5128=EDGE_LOOP('',(#2120));
#5129=EDGE_LOOP('',(#2121));
#5130=EDGE_LOOP('',(#2122,#2123,#2124,#2125));
#5131=EDGE_LOOP('',(#2126,#2127,#2128,#2129));
#5132=EDGE_LOOP('',(#2130,#2131,#2132,#2133));
#5133=EDGE_LOOP('',(#2134,#2135,#2136,#2137));
#5134=EDGE_LOOP('',(#2138,#2139,#2140,#2141));
#5135=EDGE_LOOP('',(#2142,#2143,#2144,#2145));
#5136=EDGE_LOOP('',(#2146,#2147,#2148,#2149));
#5137=EDGE_LOOP('',(#2150,#2151,#2152,#2153));
#5138=EDGE_LOOP('',(#2154,#2155,#2156,#2157));
#5139=EDGE_LOOP('',(#2158,#2159,#2160,#2161));
#5140=EDGE_LOOP('',(#2162,#2163,#2164,#2165));
#5141=EDGE_LOOP('',(#2166,#2167,#2168,#2169));
#5142=EDGE_LOOP('',(#2170,#2171,#2172,#2173));
#5143=EDGE_LOOP('',(#2174,#2175,#2176,#2177));
#5144=EDGE_LOOP('',(#2178,#2179,#2180,#2181));
#5145=EDGE_LOOP('',(#2182,#2183,#2184,#2185));
#5146=EDGE_LOOP('',(#2186,#2187,#2188,#2189));
#5147=EDGE_LOOP('',(#2190,#2191,#2192,#2193));
#5148=EDGE_LOOP('',(#2194,#2195,#2196,#2197));
#5149=EDGE_LOOP('',(#2198,#2199,#2200,#2201));
#5150=EDGE_LOOP('',(#2202,#2203,#2204,#2205));
#5151=EDGE_LOOP('',(#2206,#2207,#2208,#2209));
#5152=EDGE_LOOP('',(#2210,#2211,#2212,#2213));
#5153=EDGE_LOOP('',(#2214,#2215,#2216,#2217));
#5154=EDGE_LOOP('',(#2218,#2219,#2220,#2221));
#5155=EDGE_LOOP('',(#2222,#2223,#2224,#2225));
#5156=EDGE_LOOP('',(#2226,#2227,#2228,#2229));
#5157=EDGE_LOOP('',(#2230,#2231,#2232,#2233));
#5158=EDGE_LOOP('',(#2234,#2235,#2236,#2237));
#5159=EDGE_LOOP('',(#2238,#2239,#2240,#2241));
#5160=EDGE_LOOP('',(#2242,#2243,#2244,#2245));
#5161=EDGE_LOOP('',(#2246,#2247,#2248,#2249));
#5162=EDGE_LOOP('',(#2250,#2251,#2252,#2253));
#5163=EDGE_LOOP('',(#2254,#2255,#2256,#2257));
#5164=EDGE_LOOP('',(#2258,#2259,#2260,#2261));
#5165=EDGE_LOOP('',(#2262,#2263,#2264,#2265));
#5166=EDGE_LOOP('',(#2266,#2267,#2268,#2269));
#5167=EDGE_LOOP('',(#2270,#2271,#2272,#2273));
#5168=EDGE_LOOP('',(#2274,#2275,#2276,#2277));
#5169=EDGE_LOOP('',(#2278,#2279,#2280,#2281));
#5170=EDGE_LOOP('',(#2282,#2283,#2284,#2285));
#5171=EDGE_LOOP('',(#2286,#2287,#2288,#2289));
#5172=EDGE_LOOP('',(#2290,#2291,#2292,#2293));
#5173=EDGE_LOOP('',(#2294,#2295,#2296,#2297));
#5174=EDGE_LOOP('',(#2298,#2299,#2300,#2301));
#5175=EDGE_LOOP('',(#2302,#2303,#2304,#2305));
#5176=EDGE_LOOP('',(#2306,#2307,#2308,#2309));
#5177=EDGE_LOOP('',(#2310,#2311,#2312,#2313));
#5178=EDGE_LOOP('',(#2314,#2315,#2316,#2317));
#5179=EDGE_LOOP('',(#2318,#2319,#2320,#2321));
#5180=EDGE_LOOP('',(#2322,#2323,#2324,#2325));
#5181=EDGE_LOOP('',(#2326,#2327,#2328,#2329));
#5182=EDGE_LOOP('',(#2330,#2331,#2332,#2333));
#5183=EDGE_LOOP('',(#2334,#2335,#2336,#2337));
#5184=EDGE_LOOP('',(#2338,#2339,#2340,#2341));
#5185=EDGE_LOOP('',(#2342,#2343,#2344,#2345));
#5186=EDGE_LOOP('',(#2346,#2347,#2348,#2349));
#5187=EDGE_LOOP('',(#2350,#2351,#2352,#2353));
#5188=EDGE_LOOP('',(#2354,#2355,#2356,#2357));
#5189=EDGE_LOOP('',(#2358,#2359,#2360,#2361));
#5190=EDGE_LOOP('',(#2362,#2363,#2364,#2365));
#5191=EDGE_LOOP('',(#2366,#2367,#2368,#2369));
#5192=EDGE_LOOP('',(#2370,#2371,#2372,#2373));
#5193=EDGE_LOOP('',(#2374,#2375,#2376,#2377));
#5194=EDGE_LOOP('',(#2378,#2379,#2380,#2381));
#5195=EDGE_LOOP('',(#2382,#2383,#2384,#2385));
#5196=EDGE_LOOP('',(#2386,#2387,#2388,#2389));
#5197=EDGE_LOOP('',(#2390,#2391,#2392,#2393));
#5198=EDGE_LOOP('',(#2394,#2395,#2396,#2397));
#5199=EDGE_LOOP('',(#2398,#2399,#2400,#2401));
#5200=EDGE_LOOP('',(#2402,#2403,#2404,#2405));
#5201=EDGE_LOOP('',(#2406,#2407,#2408,#2409));
#5202=EDGE_LOOP('',(#2410,#2411,#2412,#2413));
#5203=EDGE_LOOP('',(#2414,#2415,#2416,#2417));
#5204=EDGE_LOOP('',(#2418,#2419,#2420,#2421,#2422,#2423));
#5205=EDGE_LOOP('',(#2424,#2425,#2426,#2427));
#5206=EDGE_LOOP('',(#2428,#2429,#2430,#2431,#2432,#2433));
#5207=EDGE_LOOP('',(#2434,#2435,#2436,#2437));
#5208=EDGE_LOOP('',(#2438,#2439,#2440,#2441));
#5209=EDGE_LOOP('',(#2442,#2443,#2444,#2445));
#5210=EDGE_LOOP('',(#2446,#2447,#2448,#2449,#2450,#2451,#2452,#2453));
#5211=EDGE_LOOP('',(#2454,#2455,#2456,#2457));
#5212=EDGE_LOOP('',(#2458,#2459,#2460,#2461));
#5213=EDGE_LOOP('',(#2462,#2463,#2464,#2465));
#5214=EDGE_LOOP('',(#2466,#2467,#2468,#2469,#2470,#2471));
#5215=EDGE_LOOP('',(#2472,#2473,#2474,#2475));
#5216=EDGE_LOOP('',(#2476,#2477,#2478,#2479,#2480,#2481));
#5217=EDGE_LOOP('',(#2482,#2483,#2484,#2485));
#5218=EDGE_LOOP('',(#2486,#2487,#2488,#2489));
#5219=EDGE_LOOP('',(#2490,#2491,#2492,#2493));
#5220=EDGE_LOOP('',(#2494,#2495,#2496,#2497,#2498,#2499,#2500,#2501));
#5221=EDGE_LOOP('',(#2502,#2503,#2504,#2505));
#5222=EDGE_LOOP('',(#2506,#2507,#2508,#2509,#2510,#2511,#2512,#2513,#2514,
#2515,#2516,#2517,#2518,#2519,#2520,#2521,#2522,#2523,#2524,#2525));
#5223=EDGE_LOOP('',(#2526,#2527,#2528,#2529,#2530,#2531,#2532,#2533,#2534,
#2535,#2536,#2537,#2538,#2539,#2540,#2541,#2542,#2543,#2544,#2545));
#5224=EDGE_LOOP('',(#2546,#2547,#2548,#2549));
#5225=EDGE_LOOP('',(#2550,#2551,#2552,#2553));
#5226=EDGE_LOOP('',(#2554,#2555,#2556,#2557));
#5227=EDGE_LOOP('',(#2558,#2559,#2560,#2561));
#5228=EDGE_LOOP('',(#2562,#2563,#2564,#2565));
#5229=EDGE_LOOP('',(#2566,#2567,#2568,#2569));
#5230=EDGE_LOOP('',(#2570,#2571,#2572,#2573));
#5231=EDGE_LOOP('',(#2574,#2575,#2576,#2577));
#5232=EDGE_LOOP('',(#2578,#2579,#2580,#2581));
#5233=EDGE_LOOP('',(#2582,#2583,#2584,#2585));
#5234=EDGE_LOOP('',(#2586,#2587,#2588,#2589));
#5235=EDGE_LOOP('',(#2590,#2591,#2592,#2593));
#5236=EDGE_LOOP('',(#2594,#2595,#2596,#2597));
#5237=EDGE_LOOP('',(#2598,#2599,#2600,#2601));
#5238=EDGE_LOOP('',(#2602,#2603,#2604,#2605,#2606,#2607));
#5239=EDGE_LOOP('',(#2608,#2609,#2610,#2611));
#5240=EDGE_LOOP('',(#2612,#2613,#2614,#2615,#2616,#2617));
#5241=EDGE_LOOP('',(#2618,#2619,#2620,#2621));
#5242=EDGE_LOOP('',(#2622,#2623,#2624,#2625));
#5243=EDGE_LOOP('',(#2626,#2627,#2628,#2629));
#5244=EDGE_LOOP('',(#2630,#2631,#2632,#2633,#2634,#2635,#2636,#2637));
#5245=EDGE_LOOP('',(#2638,#2639,#2640,#2641));
#5246=EDGE_LOOP('',(#2642,#2643,#2644,#2645));
#5247=EDGE_LOOP('',(#2646,#2647,#2648,#2649));
#5248=EDGE_LOOP('',(#2650,#2651,#2652,#2653,#2654,#2655));
#5249=EDGE_LOOP('',(#2656,#2657,#2658,#2659));
#5250=EDGE_LOOP('',(#2660,#2661,#2662,#2663,#2664,#2665));
#5251=EDGE_LOOP('',(#2666,#2667,#2668,#2669));
#5252=EDGE_LOOP('',(#2670,#2671,#2672,#2673));
#5253=EDGE_LOOP('',(#2674,#2675,#2676,#2677));
#5254=EDGE_LOOP('',(#2678,#2679,#2680,#2681,#2682,#2683,#2684,#2685));
#5255=EDGE_LOOP('',(#2686,#2687,#2688,#2689));
#5256=EDGE_LOOP('',(#2690,#2691,#2692,#2693,#2694,#2695,#2696,#2697,#2698,
#2699,#2700,#2701,#2702,#2703,#2704,#2705,#2706,#2707,#2708,#2709));
#5257=EDGE_LOOP('',(#2710,#2711,#2712,#2713,#2714,#2715,#2716,#2717,#2718,
#2719,#2720,#2721,#2722,#2723,#2724,#2725,#2726,#2727,#2728,#2729));
#5258=EDGE_LOOP('',(#2730,#2731,#2732,#2733));
#5259=EDGE_LOOP('',(#2734,#2735,#2736,#2737));
#5260=EDGE_LOOP('',(#2738,#2739,#2740,#2741));
#5261=EDGE_LOOP('',(#2742,#2743,#2744,#2745));
#5262=EDGE_LOOP('',(#2746,#2747,#2748,#2749));
#5263=EDGE_LOOP('',(#2750,#2751,#2752,#2753));
#5264=EDGE_LOOP('',(#2754,#2755,#2756,#2757));
#5265=EDGE_LOOP('',(#2758,#2759,#2760,#2761));
#5266=EDGE_LOOP('',(#2762,#2763,#2764,#2765));
#5267=EDGE_LOOP('',(#2766,#2767,#2768,#2769));
#5268=EDGE_LOOP('',(#2770,#2771,#2772,#2773));
#5269=EDGE_LOOP('',(#2774,#2775,#2776,#2777));
#5270=EDGE_LOOP('',(#2778,#2779,#2780,#2781));
#5271=EDGE_LOOP('',(#2782,#2783,#2784,#2785));
#5272=EDGE_LOOP('',(#2786,#2787,#2788,#2789,#2790,#2791));
#5273=EDGE_LOOP('',(#2792,#2793,#2794,#2795));
#5274=EDGE_LOOP('',(#2796,#2797,#2798,#2799,#2800,#2801));
#5275=EDGE_LOOP('',(#2802,#2803,#2804,#2805));
#5276=EDGE_LOOP('',(#2806,#2807,#2808,#2809));
#5277=EDGE_LOOP('',(#2810,#2811,#2812,#2813));
#5278=EDGE_LOOP('',(#2814,#2815,#2816,#2817,#2818,#2819,#2820,#2821));
#5279=EDGE_LOOP('',(#2822,#2823,#2824,#2825));
#5280=EDGE_LOOP('',(#2826,#2827,#2828,#2829));
#5281=EDGE_LOOP('',(#2830,#2831,#2832,#2833));
#5282=EDGE_LOOP('',(#2834,#2835,#2836,#2837,#2838,#2839));
#5283=EDGE_LOOP('',(#2840,#2841,#2842,#2843));
#5284=EDGE_LOOP('',(#2844,#2845,#2846,#2847,#2848,#2849));
#5285=EDGE_LOOP('',(#2850,#2851,#2852,#2853));
#5286=EDGE_LOOP('',(#2854,#2855,#2856,#2857));
#5287=EDGE_LOOP('',(#2858,#2859,#2860,#2861));
#5288=EDGE_LOOP('',(#2862,#2863,#2864,#2865,#2866,#2867,#2868,#2869));
#5289=EDGE_LOOP('',(#2870,#2871,#2872,#2873));
#5290=EDGE_LOOP('',(#2874,#2875,#2876,#2877,#2878,#2879,#2880,#2881,#2882,
#2883,#2884,#2885,#2886,#2887,#2888,#2889,#2890,#2891,#2892,#2893));
#5291=EDGE_LOOP('',(#2894,#2895,#2896,#2897,#2898,#2899,#2900,#2901,#2902,
#2903,#2904,#2905,#2906,#2907,#2908,#2909,#2910,#2911,#2912,#2913));
#5292=EDGE_LOOP('',(#2914,#2915,#2916,#2917));
#5293=EDGE_LOOP('',(#2918,#2919,#2920,#2921));
#5294=EDGE_LOOP('',(#2922,#2923,#2924,#2925));
#5295=EDGE_LOOP('',(#2926,#2927,#2928,#2929));
#5296=EDGE_LOOP('',(#2930,#2931,#2932,#2933));
#5297=EDGE_LOOP('',(#2934,#2935,#2936,#2937));
#5298=EDGE_LOOP('',(#2938,#2939,#2940,#2941));
#5299=EDGE_LOOP('',(#2942,#2943,#2944,#2945));
#5300=EDGE_LOOP('',(#2946,#2947,#2948,#2949));
#5301=EDGE_LOOP('',(#2950,#2951,#2952,#2953));
#5302=EDGE_LOOP('',(#2954,#2955,#2956,#2957));
#5303=EDGE_LOOP('',(#2958,#2959,#2960,#2961));
#5304=EDGE_LOOP('',(#2962,#2963,#2964,#2965));
#5305=EDGE_LOOP('',(#2966,#2967,#2968,#2969));
#5306=EDGE_LOOP('',(#2970,#2971,#2972,#2973,#2974,#2975));
#5307=EDGE_LOOP('',(#2976,#2977,#2978,#2979));
#5308=EDGE_LOOP('',(#2980,#2981,#2982,#2983,#2984,#2985));
#5309=EDGE_LOOP('',(#2986,#2987,#2988,#2989));
#5310=EDGE_LOOP('',(#2990,#2991,#2992,#2993));
#5311=EDGE_LOOP('',(#2994,#2995,#2996,#2997));
#5312=EDGE_LOOP('',(#2998,#2999,#3000,#3001,#3002,#3003,#3004,#3005));
#5313=EDGE_LOOP('',(#3006,#3007,#3008,#3009));
#5314=EDGE_LOOP('',(#3010,#3011,#3012,#3013));
#5315=EDGE_LOOP('',(#3014,#3015,#3016,#3017));
#5316=EDGE_LOOP('',(#3018,#3019,#3020,#3021,#3022,#3023));
#5317=EDGE_LOOP('',(#3024,#3025,#3026,#3027));
#5318=EDGE_LOOP('',(#3028,#3029,#3030,#3031,#3032,#3033));
#5319=EDGE_LOOP('',(#3034,#3035,#3036,#3037));
#5320=EDGE_LOOP('',(#3038,#3039,#3040,#3041));
#5321=EDGE_LOOP('',(#3042,#3043,#3044,#3045));
#5322=EDGE_LOOP('',(#3046,#3047,#3048,#3049,#3050,#3051,#3052,#3053));
#5323=EDGE_LOOP('',(#3054,#3055,#3056,#3057));
#5324=EDGE_LOOP('',(#3058,#3059,#3060,#3061,#3062,#3063,#3064,#3065,#3066,
#3067,#3068,#3069,#3070,#3071,#3072,#3073,#3074,#3075,#3076,#3077));
#5325=EDGE_LOOP('',(#3078,#3079,#3080,#3081,#3082,#3083,#3084,#3085,#3086,
#3087,#3088,#3089,#3090,#3091,#3092,#3093,#3094,#3095,#3096,#3097));
#5326=EDGE_LOOP('',(#3098,#3099,#3100,#3101));
#5327=EDGE_LOOP('',(#3102,#3103,#3104,#3105));
#5328=EDGE_LOOP('',(#3106,#3107,#3108,#3109));
#5329=EDGE_LOOP('',(#3110,#3111,#3112,#3113));
#5330=EDGE_LOOP('',(#3114,#3115,#3116,#3117));
#5331=EDGE_LOOP('',(#3118,#3119,#3120,#3121));
#5332=EDGE_LOOP('',(#3122,#3123,#3124,#3125));
#5333=EDGE_LOOP('',(#3126,#3127,#3128,#3129));
#5334=EDGE_LOOP('',(#3130,#3131,#3132,#3133));
#5335=EDGE_LOOP('',(#3134,#3135,#3136,#3137));
#5336=EDGE_LOOP('',(#3138,#3139,#3140,#3141));
#5337=EDGE_LOOP('',(#3142,#3143,#3144,#3145));
#5338=EDGE_LOOP('',(#3146,#3147,#3148,#3149));
#5339=EDGE_LOOP('',(#3150,#3151,#3152,#3153));
#5340=EDGE_LOOP('',(#3154,#3155,#3156,#3157,#3158,#3159));
#5341=EDGE_LOOP('',(#3160,#3161,#3162,#3163));
#5342=EDGE_LOOP('',(#3164,#3165,#3166,#3167,#3168,#3169));
#5343=EDGE_LOOP('',(#3170,#3171,#3172,#3173));
#5344=EDGE_LOOP('',(#3174,#3175,#3176,#3177));
#5345=EDGE_LOOP('',(#3178,#3179,#3180,#3181));
#5346=EDGE_LOOP('',(#3182,#3183,#3184,#3185,#3186,#3187,#3188,#3189));
#5347=EDGE_LOOP('',(#3190,#3191,#3192,#3193));
#5348=EDGE_LOOP('',(#3194,#3195,#3196,#3197));
#5349=EDGE_LOOP('',(#3198,#3199,#3200,#3201));
#5350=EDGE_LOOP('',(#3202,#3203,#3204,#3205,#3206,#3207));
#5351=EDGE_LOOP('',(#3208,#3209,#3210,#3211));
#5352=EDGE_LOOP('',(#3212,#3213,#3214,#3215,#3216,#3217));
#5353=EDGE_LOOP('',(#3218,#3219,#3220,#3221));
#5354=EDGE_LOOP('',(#3222,#3223,#3224,#3225));
#5355=EDGE_LOOP('',(#3226,#3227,#3228,#3229));
#5356=EDGE_LOOP('',(#3230,#3231,#3232,#3233,#3234,#3235,#3236,#3237));
#5357=EDGE_LOOP('',(#3238,#3239,#3240,#3241));
#5358=EDGE_LOOP('',(#3242,#3243,#3244,#3245,#3246,#3247,#3248,#3249,#3250,
#3251,#3252,#3253,#3254,#3255,#3256,#3257,#3258,#3259,#3260,#3261));
#5359=EDGE_LOOP('',(#3262,#3263,#3264,#3265,#3266,#3267,#3268,#3269,#3270,
#3271,#3272,#3273,#3274,#3275,#3276,#3277,#3278,#3279,#3280,#3281));
#5360=EDGE_LOOP('',(#3282,#3283,#3284));
#5361=EDGE_LOOP('',(#3285,#3286,#3287,#3288));
#5362=EDGE_LOOP('',(#3289,#3290,#3291,#3292));
#5363=EDGE_LOOP('',(#3293,#3294,#3295));
#5364=EDGE_LOOP('',(#3296,#3297,#3298));
#5365=EDGE_LOOP('',(#3299,#3300,#3301,#3302));
#5366=EDGE_LOOP('',(#3303,#3304,#3305,#3306));
#5367=EDGE_LOOP('',(#3307,#3308,#3309));
#5368=EDGE_LOOP('',(#3310,#3311,#3312,#3313));
#5369=EDGE_LOOP('',(#3314,#3315,#3316,#3317));
#5370=EDGE_LOOP('',(#3318,#3319,#3320,#3321));
#5371=EDGE_LOOP('',(#3322,#3323,#3324,#3325));
#5372=EDGE_LOOP('',(#3326));
#5373=EDGE_LOOP('',(#3327));
#5374=EDGE_LOOP('',(#3328));
#5375=EDGE_LOOP('',(#3329));
#5376=EDGE_LOOP('',(#3330));
#5377=EDGE_LOOP('',(#3331));
#5378=EDGE_LOOP('',(#3332));
#5379=EDGE_LOOP('',(#3333));
#5380=EDGE_LOOP('',(#3334));
#5381=EDGE_LOOP('',(#3335));
#5382=EDGE_LOOP('',(#3336));
#5383=EDGE_LOOP('',(#3337));
#5384=EDGE_LOOP('',(#3338));
#5385=EDGE_LOOP('',(#3339));
#5386=EDGE_LOOP('',(#3340));
#5387=EDGE_LOOP('',(#3341));
#5388=EDGE_LOOP('',(#3342));
#5389=EDGE_LOOP('',(#3343));
#5390=EDGE_LOOP('',(#3344));
#5391=EDGE_LOOP('',(#3345));
#5392=EDGE_LOOP('',(#3346));
#5393=EDGE_LOOP('',(#3347));
#5394=EDGE_LOOP('',(#3348));
#5395=EDGE_LOOP('',(#3349));
#5396=EDGE_LOOP('',(#3350));
#5397=EDGE_LOOP('',(#3351));
#5398=EDGE_LOOP('',(#3352));
#5399=EDGE_LOOP('',(#3353));
#5400=EDGE_LOOP('',(#3354));
#5401=EDGE_LOOP('',(#3355));
#5402=EDGE_LOOP('',(#3356));
#5403=EDGE_LOOP('',(#3357,#3358,#3359,#3360));
#5404=EDGE_LOOP('',(#3361));
#5405=EDGE_LOOP('',(#3362));
#5406=EDGE_LOOP('',(#3363));
#5407=EDGE_LOOP('',(#3364,#3365,#3366,#3367));
#5408=EDGE_LOOP('',(#3368));
#5409=EDGE_LOOP('',(#3369));
#5410=EDGE_LOOP('',(#3370,#3371,#3372,#3373));
#5411=EDGE_LOOP('',(#3374,#3375,#3376,#3377,#3378,#3379,#3380,#3381,#3382,
#3383));
#5412=EDGE_LOOP('',(#3384,#3385,#3386,#3387));
#5413=EDGE_LOOP('',(#3388,#3389,#3390,#3391));
#5414=EDGE_LOOP('',(#3392,#3393,#3394,#3395));
#5415=EDGE_LOOP('',(#3396,#3397,#3398,#3399));
#5416=EDGE_LOOP('',(#3400,#3401,#3402,#3403,#3404,#3405,#3406,#3407));
#5417=EDGE_LOOP('',(#3408,#3409,#3410,#3411));
#5418=EDGE_LOOP('',(#3412,#3413,#3414,#3415));
#5419=EDGE_LOOP('',(#3416,#3417,#3418,#3419,#3420,#3421,#3422,#3423,#3424,
#3425));
#5420=EDGE_LOOP('',(#3426,#3427,#3428,#3429));
#5421=EDGE_LOOP('',(#3430,#3431,#3432,#3433));
#5422=EDGE_LOOP('',(#3434,#3435,#3436,#3437));
#5423=EDGE_LOOP('',(#3438,#3439,#3440));
#5424=EDGE_LOOP('',(#3441,#3442,#3443,#3444));
#5425=EDGE_LOOP('',(#3445,#3446,#3447,#3448));
#5426=EDGE_LOOP('',(#3449,#3450,#3451,#3452));
#5427=EDGE_LOOP('',(#3453,#3454,#3455,#3456));
#5428=EDGE_LOOP('',(#3457,#3458,#3459));
#5429=EDGE_LOOP('',(#3460,#3461,#3462));
#5430=EDGE_LOOP('',(#3463,#3464,#3465,#3466));
#5431=EDGE_LOOP('',(#3467,#3468,#3469,#3470));
#5432=EDGE_LOOP('',(#3471,#3472,#3473));
#5433=EDGE_LOOP('',(#3474,#3475,#3476,#3477));
#5434=EDGE_LOOP('',(#3478,#3479,#3480,#3481));
#5435=EDGE_LOOP('',(#3482,#3483,#3484,#3485));
#5436=EDGE_LOOP('',(#3486,#3487,#3488,#3489));
#5437=EDGE_LOOP('',(#3490,#3491,#3492,#3493));
#5438=EDGE_LOOP('',(#3494,#3495,#3496,#3497));
#5439=EDGE_LOOP('',(#3498,#3499,#3500,#3501));
#5440=EDGE_LOOP('',(#3502,#3503,#3504,#3505));
#5441=EDGE_LOOP('',(#3506,#3507,#3508,#3509));
#5442=EDGE_LOOP('',(#3510,#3511,#3512,#3513));
#5443=EDGE_LOOP('',(#3514,#3515,#3516,#3517));
#5444=EDGE_LOOP('',(#3518));
#5445=EDGE_LOOP('',(#3519));
#5446=EDGE_LOOP('',(#3520));
#5447=EDGE_LOOP('',(#3521));
#5448=EDGE_LOOP('',(#3522));
#5449=EDGE_LOOP('',(#3523));
#5450=EDGE_LOOP('',(#3524));
#5451=EDGE_LOOP('',(#3525));
#5452=FACE_BOUND('',#5076,.T.);
#5453=FACE_BOUND('',#5077,.T.);
#5454=FACE_BOUND('',#5078,.T.);
#5455=FACE_BOUND('',#5079,.T.);
#5456=FACE_BOUND('',#5080,.T.);
#5457=FACE_BOUND('',#5081,.T.);
#5458=FACE_BOUND('',#5082,.T.);
#5459=FACE_BOUND('',#5083,.T.);
#5460=FACE_BOUND('',#5084,.T.);
#5461=FACE_BOUND('',#5085,.T.);
#5462=FACE_BOUND('',#5086,.T.);
#5463=FACE_BOUND('',#5087,.T.);
#5464=FACE_BOUND('',#5088,.T.);
#5465=FACE_BOUND('',#5089,.T.);
#5466=FACE_BOUND('',#5090,.T.);
#5467=FACE_BOUND('',#5091,.T.);
#5468=FACE_BOUND('',#5092,.T.);
#5469=FACE_BOUND('',#5093,.T.);
#5470=FACE_BOUND('',#5094,.T.);
#5471=FACE_BOUND('',#5095,.T.);
#5472=FACE_BOUND('',#5096,.T.);
#5473=FACE_BOUND('',#5097,.T.);
#5474=FACE_BOUND('',#5098,.T.);
#5475=FACE_BOUND('',#5099,.T.);
#5476=FACE_BOUND('',#5100,.T.);
#5477=FACE_BOUND('',#5101,.T.);
#5478=FACE_BOUND('',#5102,.T.);
#5479=FACE_BOUND('',#5103,.T.);
#5480=FACE_BOUND('',#5104,.T.);
#5481=FACE_BOUND('',#5105,.T.);
#5482=FACE_BOUND('',#5106,.T.);
#5483=FACE_BOUND('',#5107,.T.);
#5484=FACE_BOUND('',#5108,.T.);
#5485=FACE_BOUND('',#5109,.T.);
#5486=FACE_BOUND('',#5110,.T.);
#5487=FACE_BOUND('',#5111,.T.);
#5488=FACE_BOUND('',#5112,.T.);
#5489=FACE_BOUND('',#5113,.T.);
#5490=FACE_BOUND('',#5114,.T.);
#5491=FACE_BOUND('',#5115,.T.);
#5492=FACE_BOUND('',#5116,.T.);
#5493=FACE_BOUND('',#5117,.T.);
#5494=FACE_BOUND('',#5118,.T.);
#5495=FACE_BOUND('',#5119,.T.);
#5496=FACE_BOUND('',#5120,.T.);
#5497=FACE_BOUND('',#5121,.T.);
#5498=FACE_BOUND('',#5122,.T.);
#5499=FACE_BOUND('',#5123,.T.);
#5500=FACE_BOUND('',#5124,.T.);
#5501=FACE_BOUND('',#5125,.T.);
#5502=FACE_BOUND('',#5126,.T.);
#5503=FACE_BOUND('',#5127,.T.);
#5504=FACE_BOUND('',#5128,.T.);
#5505=FACE_BOUND('',#5129,.T.);
#5506=FACE_BOUND('',#5130,.T.);
#5507=FACE_BOUND('',#5131,.T.);
#5508=FACE_BOUND('',#5132,.T.);
#5509=FACE_BOUND('',#5133,.T.);
#5510=FACE_BOUND('',#5134,.T.);
#5511=FACE_BOUND('',#5135,.T.);
#5512=FACE_BOUND('',#5136,.T.);
#5513=FACE_BOUND('',#5137,.T.);
#5514=FACE_BOUND('',#5138,.T.);
#5515=FACE_BOUND('',#5139,.T.);
#5516=FACE_BOUND('',#5140,.T.);
#5517=FACE_BOUND('',#5141,.T.);
#5518=FACE_BOUND('',#5142,.T.);
#5519=FACE_BOUND('',#5143,.T.);
#5520=FACE_BOUND('',#5144,.T.);
#5521=FACE_BOUND('',#5145,.T.);
#5522=FACE_BOUND('',#5146,.T.);
#5523=FACE_BOUND('',#5147,.T.);
#5524=FACE_BOUND('',#5148,.T.);
#5525=FACE_BOUND('',#5149,.T.);
#5526=FACE_BOUND('',#5150,.T.);
#5527=FACE_BOUND('',#5151,.T.);
#5528=FACE_BOUND('',#5152,.T.);
#5529=FACE_BOUND('',#5153,.T.);
#5530=FACE_BOUND('',#5154,.T.);
#5531=FACE_BOUND('',#5155,.T.);
#5532=FACE_BOUND('',#5156,.T.);
#5533=FACE_BOUND('',#5157,.T.);
#5534=FACE_BOUND('',#5158,.T.);
#5535=FACE_BOUND('',#5159,.T.);
#5536=FACE_BOUND('',#5160,.T.);
#5537=FACE_BOUND('',#5161,.T.);
#5538=FACE_BOUND('',#5162,.T.);
#5539=FACE_BOUND('',#5163,.T.);
#5540=FACE_BOUND('',#5164,.T.);
#5541=FACE_BOUND('',#5165,.T.);
#5542=FACE_BOUND('',#5166,.T.);
#5543=FACE_BOUND('',#5167,.T.);
#5544=FACE_BOUND('',#5168,.T.);
#5545=FACE_BOUND('',#5169,.T.);
#5546=FACE_BOUND('',#5170,.T.);
#5547=FACE_BOUND('',#5171,.T.);
#5548=FACE_BOUND('',#5172,.T.);
#5549=FACE_BOUND('',#5173,.T.);
#5550=FACE_BOUND('',#5174,.T.);
#5551=FACE_BOUND('',#5175,.T.);
#5552=FACE_BOUND('',#5176,.T.);
#5553=FACE_BOUND('',#5177,.T.);
#5554=FACE_BOUND('',#5178,.T.);
#5555=FACE_BOUND('',#5179,.T.);
#5556=FACE_BOUND('',#5180,.T.);
#5557=FACE_BOUND('',#5181,.T.);
#5558=FACE_BOUND('',#5182,.T.);
#5559=FACE_BOUND('',#5183,.T.);
#5560=FACE_BOUND('',#5184,.T.);
#5561=FACE_BOUND('',#5185,.T.);
#5562=FACE_BOUND('',#5186,.T.);
#5563=FACE_BOUND('',#5187,.T.);
#5564=FACE_BOUND('',#5188,.T.);
#5565=FACE_BOUND('',#5189,.T.);
#5566=FACE_BOUND('',#5190,.T.);
#5567=FACE_BOUND('',#5191,.T.);
#5568=FACE_BOUND('',#5192,.T.);
#5569=FACE_BOUND('',#5193,.T.);
#5570=FACE_BOUND('',#5194,.T.);
#5571=FACE_BOUND('',#5195,.T.);
#5572=FACE_BOUND('',#5196,.T.);
#5573=FACE_BOUND('',#5197,.T.);
#5574=FACE_BOUND('',#5198,.T.);
#5575=FACE_BOUND('',#5199,.T.);
#5576=FACE_BOUND('',#5200,.T.);
#5577=FACE_BOUND('',#5201,.T.);
#5578=FACE_BOUND('',#5202,.T.);
#5579=FACE_BOUND('',#5203,.T.);
#5580=FACE_BOUND('',#5204,.T.);
#5581=FACE_BOUND('',#5205,.T.);
#5582=FACE_BOUND('',#5206,.T.);
#5583=FACE_BOUND('',#5207,.T.);
#5584=FACE_BOUND('',#5208,.T.);
#5585=FACE_BOUND('',#5209,.T.);
#5586=FACE_BOUND('',#5210,.T.);
#5587=FACE_BOUND('',#5211,.T.);
#5588=FACE_BOUND('',#5212,.T.);
#5589=FACE_BOUND('',#5213,.T.);
#5590=FACE_BOUND('',#5214,.T.);
#5591=FACE_BOUND('',#5215,.T.);
#5592=FACE_BOUND('',#5216,.T.);
#5593=FACE_BOUND('',#5217,.T.);
#5594=FACE_BOUND('',#5218,.T.);
#5595=FACE_BOUND('',#5219,.T.);
#5596=FACE_BOUND('',#5220,.T.);
#5597=FACE_BOUND('',#5221,.T.);
#5598=FACE_BOUND('',#5222,.T.);
#5599=FACE_BOUND('',#5223,.T.);
#5600=FACE_BOUND('',#5224,.T.);
#5601=FACE_BOUND('',#5225,.T.);
#5602=FACE_BOUND('',#5226,.T.);
#5603=FACE_BOUND('',#5227,.T.);
#5604=FACE_BOUND('',#5228,.T.);
#5605=FACE_BOUND('',#5229,.T.);
#5606=FACE_BOUND('',#5230,.T.);
#5607=FACE_BOUND('',#5231,.T.);
#5608=FACE_BOUND('',#5232,.T.);
#5609=FACE_BOUND('',#5233,.T.);
#5610=FACE_BOUND('',#5234,.T.);
#5611=FACE_BOUND('',#5235,.T.);
#5612=FACE_BOUND('',#5236,.T.);
#5613=FACE_BOUND('',#5237,.T.);
#5614=FACE_BOUND('',#5238,.T.);
#5615=FACE_BOUND('',#5239,.T.);
#5616=FACE_BOUND('',#5240,.T.);
#5617=FACE_BOUND('',#5241,.T.);
#5618=FACE_BOUND('',#5242,.T.);
#5619=FACE_BOUND('',#5243,.T.);
#5620=FACE_BOUND('',#5244,.T.);
#5621=FACE_BOUND('',#5245,.T.);
#5622=FACE_BOUND('',#5246,.T.);
#5623=FACE_BOUND('',#5247,.T.);
#5624=FACE_BOUND('',#5248,.T.);
#5625=FACE_BOUND('',#5249,.T.);
#5626=FACE_BOUND('',#5250,.T.);
#5627=FACE_BOUND('',#5251,.T.);
#5628=FACE_BOUND('',#5252,.T.);
#5629=FACE_BOUND('',#5253,.T.);
#5630=FACE_BOUND('',#5254,.T.);
#5631=FACE_BOUND('',#5255,.T.);
#5632=FACE_BOUND('',#5256,.T.);
#5633=FACE_BOUND('',#5257,.T.);
#5634=FACE_BOUND('',#5258,.T.);
#5635=FACE_BOUND('',#5259,.T.);
#5636=FACE_BOUND('',#5260,.T.);
#5637=FACE_BOUND('',#5261,.T.);
#5638=FACE_BOUND('',#5262,.T.);
#5639=FACE_BOUND('',#5263,.T.);
#5640=FACE_BOUND('',#5264,.T.);
#5641=FACE_BOUND('',#5265,.T.);
#5642=FACE_BOUND('',#5266,.T.);
#5643=FACE_BOUND('',#5267,.T.);
#5644=FACE_BOUND('',#5268,.T.);
#5645=FACE_BOUND('',#5269,.T.);
#5646=FACE_BOUND('',#5270,.T.);
#5647=FACE_BOUND('',#5271,.T.);
#5648=FACE_BOUND('',#5272,.T.);
#5649=FACE_BOUND('',#5273,.T.);
#5650=FACE_BOUND('',#5274,.T.);
#5651=FACE_BOUND('',#5275,.T.);
#5652=FACE_BOUND('',#5276,.T.);
#5653=FACE_BOUND('',#5277,.T.);
#5654=FACE_BOUND('',#5278,.T.);
#5655=FACE_BOUND('',#5279,.T.);
#5656=FACE_BOUND('',#5280,.T.);
#5657=FACE_BOUND('',#5281,.T.);
#5658=FACE_BOUND('',#5282,.T.);
#5659=FACE_BOUND('',#5283,.T.);
#5660=FACE_BOUND('',#5284,.T.);
#5661=FACE_BOUND('',#5285,.T.);
#5662=FACE_BOUND('',#5286,.T.);
#5663=FACE_BOUND('',#5287,.T.);
#5664=FACE_BOUND('',#5288,.T.);
#5665=FACE_BOUND('',#5289,.T.);
#5666=FACE_BOUND('',#5290,.T.);
#5667=FACE_BOUND('',#5291,.T.);
#5668=FACE_BOUND('',#5292,.T.);
#5669=FACE_BOUND('',#5293,.T.);
#5670=FACE_BOUND('',#5294,.T.);
#5671=FACE_BOUND('',#5295,.T.);
#5672=FACE_BOUND('',#5296,.T.);
#5673=FACE_BOUND('',#5297,.T.);
#5674=FACE_BOUND('',#5298,.T.);
#5675=FACE_BOUND('',#5299,.T.);
#5676=FACE_BOUND('',#5300,.T.);
#5677=FACE_BOUND('',#5301,.T.);
#5678=FACE_BOUND('',#5302,.T.);
#5679=FACE_BOUND('',#5303,.T.);
#5680=FACE_BOUND('',#5304,.T.);
#5681=FACE_BOUND('',#5305,.T.);
#5682=FACE_BOUND('',#5306,.T.);
#5683=FACE_BOUND('',#5307,.T.);
#5684=FACE_BOUND('',#5308,.T.);
#5685=FACE_BOUND('',#5309,.T.);
#5686=FACE_BOUND('',#5310,.T.);
#5687=FACE_BOUND('',#5311,.T.);
#5688=FACE_BOUND('',#5312,.T.);
#5689=FACE_BOUND('',#5313,.T.);
#5690=FACE_BOUND('',#5314,.T.);
#5691=FACE_BOUND('',#5315,.T.);
#5692=FACE_BOUND('',#5316,.T.);
#5693=FACE_BOUND('',#5317,.T.);
#5694=FACE_BOUND('',#5318,.T.);
#5695=FACE_BOUND('',#5319,.T.);
#5696=FACE_BOUND('',#5320,.T.);
#5697=FACE_BOUND('',#5321,.T.);
#5698=FACE_BOUND('',#5322,.T.);
#5699=FACE_BOUND('',#5323,.T.);
#5700=FACE_BOUND('',#5324,.T.);
#5701=FACE_BOUND('',#5325,.T.);
#5702=FACE_BOUND('',#5326,.T.);
#5703=FACE_BOUND('',#5327,.T.);
#5704=FACE_BOUND('',#5328,.T.);
#5705=FACE_BOUND('',#5329,.T.);
#5706=FACE_BOUND('',#5330,.T.);
#5707=FACE_BOUND('',#5331,.T.);
#5708=FACE_BOUND('',#5332,.T.);
#5709=FACE_BOUND('',#5333,.T.);
#5710=FACE_BOUND('',#5334,.T.);
#5711=FACE_BOUND('',#5335,.T.);
#5712=FACE_BOUND('',#5336,.T.);
#5713=FACE_BOUND('',#5337,.T.);
#5714=FACE_BOUND('',#5338,.T.);
#5715=FACE_BOUND('',#5339,.T.);
#5716=FACE_BOUND('',#5340,.T.);
#5717=FACE_BOUND('',#5341,.T.);
#5718=FACE_BOUND('',#5342,.T.);
#5719=FACE_BOUND('',#5343,.T.);
#5720=FACE_BOUND('',#5344,.T.);
#5721=FACE_BOUND('',#5345,.T.);
#5722=FACE_BOUND('',#5346,.T.);
#5723=FACE_BOUND('',#5347,.T.);
#5724=FACE_BOUND('',#5348,.T.);
#5725=FACE_BOUND('',#5349,.T.);
#5726=FACE_BOUND('',#5350,.T.);
#5727=FACE_BOUND('',#5351,.T.);
#5728=FACE_BOUND('',#5352,.T.);
#5729=FACE_BOUND('',#5353,.T.);
#5730=FACE_BOUND('',#5354,.T.);
#5731=FACE_BOUND('',#5355,.T.);
#5732=FACE_BOUND('',#5356,.T.);
#5733=FACE_BOUND('',#5357,.T.);
#5734=FACE_BOUND('',#5358,.T.);
#5735=FACE_BOUND('',#5359,.T.);
#5736=FACE_BOUND('',#5360,.T.);
#5737=FACE_BOUND('',#5361,.T.);
#5738=FACE_BOUND('',#5362,.T.);
#5739=FACE_BOUND('',#5363,.T.);
#5740=FACE_BOUND('',#5364,.T.);
#5741=FACE_BOUND('',#5365,.T.);
#5742=FACE_BOUND('',#5366,.T.);
#5743=FACE_BOUND('',#5367,.T.);
#5744=FACE_BOUND('',#5368,.T.);
#5745=FACE_BOUND('',#5369,.T.);
#5746=FACE_BOUND('',#5370,.T.);
#5747=FACE_BOUND('',#5371,.T.);
#5748=FACE_BOUND('',#5372,.T.);
#5749=FACE_BOUND('',#5373,.T.);
#5750=FACE_BOUND('',#5374,.T.);
#5751=FACE_BOUND('',#5375,.T.);
#5752=FACE_BOUND('',#5376,.T.);
#5753=FACE_BOUND('',#5377,.T.);
#5754=FACE_BOUND('',#5378,.T.);
#5755=FACE_BOUND('',#5379,.T.);
#5756=FACE_BOUND('',#5380,.T.);
#5757=FACE_BOUND('',#5381,.T.);
#5758=FACE_BOUND('',#5382,.T.);
#5759=FACE_BOUND('',#5383,.T.);
#5760=FACE_BOUND('',#5384,.T.);
#5761=FACE_BOUND('',#5385,.T.);
#5762=FACE_BOUND('',#5386,.T.);
#5763=FACE_BOUND('',#5387,.T.);
#5764=FACE_BOUND('',#5388,.T.);
#5765=FACE_BOUND('',#5389,.T.);
#5766=FACE_BOUND('',#5390,.T.);
#5767=FACE_BOUND('',#5391,.T.);
#5768=FACE_BOUND('',#5392,.T.);
#5769=FACE_BOUND('',#5393,.T.);
#5770=FACE_BOUND('',#5394,.T.);
#5771=FACE_BOUND('',#5395,.T.);
#5772=FACE_BOUND('',#5396,.T.);
#5773=FACE_BOUND('',#5397,.T.);
#5774=FACE_BOUND('',#5398,.T.);
#5775=FACE_BOUND('',#5399,.T.);
#5776=FACE_BOUND('',#5400,.T.);
#5777=FACE_BOUND('',#5401,.T.);
#5778=FACE_BOUND('',#5402,.T.);
#5779=FACE_BOUND('',#5403,.T.);
#5780=FACE_BOUND('',#5404,.T.);
#5781=FACE_BOUND('',#5405,.T.);
#5782=FACE_BOUND('',#5406,.T.);
#5783=FACE_BOUND('',#5407,.T.);
#5784=FACE_BOUND('',#5408,.T.);
#5785=FACE_BOUND('',#5409,.T.);
#5786=FACE_BOUND('',#5410,.T.);
#5787=FACE_BOUND('',#5411,.T.);
#5788=FACE_BOUND('',#5412,.T.);
#5789=FACE_BOUND('',#5413,.T.);
#5790=FACE_BOUND('',#5414,.T.);
#5791=FACE_BOUND('',#5415,.T.);
#5792=FACE_BOUND('',#5416,.T.);
#5793=FACE_BOUND('',#5417,.T.);
#5794=FACE_BOUND('',#5418,.T.);
#5795=FACE_BOUND('',#5419,.T.);
#5796=FACE_BOUND('',#5420,.T.);
#5797=FACE_BOUND('',#5421,.T.);
#5798=FACE_BOUND('',#5422,.T.);
#5799=FACE_BOUND('',#5423,.T.);
#5800=FACE_BOUND('',#5424,.T.);
#5801=FACE_BOUND('',#5425,.T.);
#5802=FACE_BOUND('',#5426,.T.);
#5803=FACE_BOUND('',#5427,.T.);
#5804=FACE_BOUND('',#5428,.T.);
#5805=FACE_BOUND('',#5429,.T.);
#5806=FACE_BOUND('',#5430,.T.);
#5807=FACE_BOUND('',#5431,.T.);
#5808=FACE_BOUND('',#5432,.T.);
#5809=FACE_BOUND('',#5433,.T.);
#5810=FACE_BOUND('',#5434,.T.);
#5811=FACE_BOUND('',#5435,.T.);
#5812=FACE_BOUND('',#5436,.T.);
#5813=FACE_BOUND('',#5437,.T.);
#5814=FACE_BOUND('',#5438,.T.);
#5815=FACE_BOUND('',#5439,.T.);
#5816=FACE_BOUND('',#5440,.T.);
#5817=FACE_BOUND('',#5441,.T.);
#5818=FACE_BOUND('',#5442,.T.);
#5819=FACE_BOUND('',#5443,.T.);
#5820=FACE_BOUND('',#5444,.T.);
#5821=FACE_BOUND('',#5445,.T.);
#5822=FACE_BOUND('',#5446,.T.);
#5823=FACE_BOUND('',#5447,.T.);
#5824=FACE_BOUND('',#5448,.T.);
#5825=FACE_BOUND('',#5449,.T.);
#5826=FACE_BOUND('',#5450,.T.);
#5827=FACE_BOUND('',#5451,.T.);
#5828=PLANE('',#6458);
#5829=PLANE('',#6469);
#5830=PLANE('',#6470);
#5831=PLANE('',#6471);
#5832=PLANE('',#6472);
#5833=PLANE('',#6473);
#5834=PLANE('',#6474);
#5835=PLANE('',#6475);
#5836=PLANE('',#6476);
#5837=PLANE('',#6477);
#5838=PLANE('',#6478);
#5839=PLANE('',#6479);
#5840=PLANE('',#6480);
#5841=PLANE('',#6481);
#5842=PLANE('',#6482);
#5843=PLANE('',#6483);
#5844=PLANE('',#6484);
#5845=PLANE('',#6485);
#5846=PLANE('',#6486);
#5847=PLANE('',#6487);
#5848=PLANE('',#6488);
#5849=PLANE('',#6489);
#5850=PLANE('',#6495);
#5851=PLANE('',#6501);
#5852=PLANE('',#6502);
#5853=PLANE('',#6503);
#5854=PLANE('',#6504);
#5855=PLANE('',#6505);
#5856=PLANE('',#6506);
#5857=PLANE('',#6507);
#5858=PLANE('',#6508);
#5859=PLANE('',#6509);
#5860=PLANE('',#6510);
#5861=PLANE('',#6511);
#5862=PLANE('',#6512);
#5863=PLANE('',#6513);
#5864=PLANE('',#6514);
#5865=PLANE('',#6515);
#5866=PLANE('',#6516);
#5867=PLANE('',#6517);
#5868=PLANE('',#6518);
#5869=PLANE('',#6519);
#5870=PLANE('',#6520);
#5871=PLANE('',#6521);
#5872=PLANE('',#6522);
#5873=PLANE('',#6523);
#5874=PLANE('',#6524);
#5875=PLANE('',#6525);
#5876=PLANE('',#6526);
#5877=PLANE('',#6527);
#5878=PLANE('',#6528);
#5879=PLANE('',#6529);
#5880=PLANE('',#6530);
#5881=PLANE('',#6531);
#5882=PLANE('',#6532);
#5883=PLANE('',#6533);
#5884=PLANE('',#6534);
#5885=PLANE('',#6535);
#5886=PLANE('',#6536);
#5887=PLANE('',#6537);
#5888=PLANE('',#6538);
#5889=PLANE('',#6539);
#5890=PLANE('',#6540);
#5891=PLANE('',#6541);
#5892=PLANE('',#6542);
#5893=PLANE('',#6543);
#5894=PLANE('',#6544);
#5895=PLANE('',#6545);
#5896=PLANE('',#6546);
#5897=PLANE('',#6547);
#5898=PLANE('',#6548);
#5899=PLANE('',#6549);
#5900=PLANE('',#6550);
#5901=PLANE('',#6551);
#5902=PLANE('',#6552);
#5903=PLANE('',#6553);
#5904=PLANE('',#6554);
#5905=PLANE('',#6555);
#5906=PLANE('',#6556);
#5907=PLANE('',#6557);
#5908=PLANE('',#6558);
#5909=PLANE('',#6559);
#5910=PLANE('',#6560);
#5911=PLANE('',#6561);
#5912=PLANE('',#6562);
#5913=PLANE('',#6563);
#5914=PLANE('',#6564);
#5915=PLANE('',#6565);
#5916=PLANE('',#6566);
#5917=PLANE('',#6567);
#5918=PLANE('',#6568);
#5919=PLANE('',#6569);
#5920=PLANE('',#6570);
#5921=PLANE('',#6571);
#5922=PLANE('',#6572);
#5923=PLANE('',#6573);
#5924=PLANE('',#6574);
#5925=PLANE('',#6575);
#5926=PLANE('',#6576);
#5927=PLANE('',#6577);
#5928=PLANE('',#6578);
#5929=PLANE('',#6579);
#5930=PLANE('',#6580);
#5931=PLANE('',#6581);
#5932=PLANE('',#6582);
#5933=PLANE('',#6583);
#5934=PLANE('',#6584);
#5935=PLANE('',#6585);
#5936=PLANE('',#6586);
#5937=PLANE('',#6587);
#5938=PLANE('',#6588);
#5939=PLANE('',#6589);
#5940=PLANE('',#6590);
#5941=PLANE('',#6591);
#5942=PLANE('',#6592);
#5943=PLANE('',#6593);
#5944=PLANE('',#6594);
#5945=PLANE('',#6595);
#5946=PLANE('',#6596);
#5947=PLANE('',#6597);
#5948=PLANE('',#6598);
#5949=PLANE('',#6599);
#5950=PLANE('',#6600);
#5951=PLANE('',#6601);
#5952=PLANE('',#6602);
#5953=PLANE('',#6603);
#5954=PLANE('',#6604);
#5955=PLANE('',#6605);
#5956=PLANE('',#6606);
#5957=PLANE('',#6607);
#5958=PLANE('',#6608);
#5959=PLANE('',#6609);
#5960=PLANE('',#6610);
#5961=PLANE('',#6611);
#5962=PLANE('',#6612);
#5963=PLANE('',#6613);
#5964=PLANE('',#6614);
#5965=PLANE('',#6615);
#5966=PLANE('',#6616);
#5967=PLANE('',#6617);
#5968=PLANE('',#6618);
#5969=PLANE('',#6619);
#5970=PLANE('',#6620);
#5971=PLANE('',#6621);
#5972=PLANE('',#6622);
#5973=PLANE('',#6623);
#5974=PLANE('',#6624);
#5975=PLANE('',#6625);
#5976=PLANE('',#6626);
#5977=PLANE('',#6627);
#5978=PLANE('',#6628);
#5979=PLANE('',#6629);
#5980=PLANE('',#6630);
#5981=PLANE('',#6631);
#5982=PLANE('',#6632);
#5983=PLANE('',#6633);
#5984=PLANE('',#6634);
#5985=PLANE('',#6635);
#5986=PLANE('',#6636);
#5987=PLANE('',#6637);
#5988=PLANE('',#6638);
#5989=PLANE('',#6639);
#5990=PLANE('',#6640);
#5991=PLANE('',#6641);
#5992=PLANE('',#6642);
#5993=PLANE('',#6643);
#5994=PLANE('',#6644);
#5995=PLANE('',#6645);
#5996=PLANE('',#6646);
#5997=PLANE('',#6647);
#5998=PLANE('',#6648);
#5999=PLANE('',#6649);
#6000=PLANE('',#6650);
#6001=PLANE('',#6651);
#6002=PLANE('',#6652);
#6003=PLANE('',#6653);
#6004=PLANE('',#6654);
#6005=PLANE('',#6655);
#6006=PLANE('',#6656);
#6007=PLANE('',#6657);
#6008=PLANE('',#6658);
#6009=PLANE('',#6659);
#6010=PLANE('',#6660);
#6011=PLANE('',#6661);
#6012=PLANE('',#6662);
#6013=PLANE('',#6663);
#6014=PLANE('',#6664);
#6015=PLANE('',#6665);
#6016=PLANE('',#6666);
#6017=PLANE('',#6667);
#6018=PLANE('',#6668);
#6019=PLANE('',#6669);
#6020=PLANE('',#6670);
#6021=PLANE('',#6671);
#6022=PLANE('',#6672);
#6023=PLANE('',#6673);
#6024=PLANE('',#6674);
#6025=PLANE('',#6675);
#6026=PLANE('',#6676);
#6027=PLANE('',#6677);
#6028=PLANE('',#6678);
#6029=PLANE('',#6679);
#6030=PLANE('',#6680);
#6031=PLANE('',#6681);
#6032=PLANE('',#6682);
#6033=PLANE('',#6683);
#6034=PLANE('',#6684);
#6035=PLANE('',#6685);
#6036=PLANE('',#6686);
#6037=PLANE('',#6687);
#6038=PLANE('',#6688);
#6039=PLANE('',#6689);
#6040=PLANE('',#6690);
#6041=PLANE('',#6691);
#6042=PLANE('',#6692);
#6043=PLANE('',#6693);
#6044=PLANE('',#6694);
#6045=PLANE('',#6695);
#6046=PLANE('',#6696);
#6047=PLANE('',#6697);
#6048=PLANE('',#6698);
#6049=PLANE('',#6699);
#6050=PLANE('',#6700);
#6051=PLANE('',#6701);
#6052=PLANE('',#6702);
#6053=PLANE('',#6703);
#6054=PLANE('',#6704);
#6055=PLANE('',#6705);
#6056=PLANE('',#6706);
#6057=PLANE('',#6707);
#6058=PLANE('',#6708);
#6059=PLANE('',#6709);
#6060=PLANE('',#6710);
#6061=PLANE('',#6711);
#6062=PLANE('',#6712);
#6063=PLANE('',#6713);
#6064=PLANE('',#6714);
#6065=PLANE('',#6715);
#6066=PLANE('',#6716);
#6067=PLANE('',#6717);
#6068=PLANE('',#6718);
#6069=PLANE('',#6719);
#6070=PLANE('',#6720);
#6071=PLANE('',#6721);
#6072=PLANE('',#6722);
#6073=PLANE('',#6723);
#6074=PLANE('',#6724);
#6075=PLANE('',#6725);
#6076=PLANE('',#6726);
#6077=PLANE('',#6727);
#6078=PLANE('',#6728);
#6079=PLANE('',#6729);
#6080=PLANE('',#6730);
#6081=PLANE('',#6731);
#6082=PLANE('',#6732);
#6083=PLANE('',#6733);
#6084=PLANE('',#6763);
#6085=PLANE('',#6764);
#6086=PLANE('',#6770);
#6087=PLANE('',#6771);
#6088=PLANE('',#6777);
#6089=PLANE('',#6778);
#6090=PLANE('',#6784);
#6091=PLANE('',#6785);
#6092=PLANE('',#6787);
#6093=PLANE('',#6792);
#6094=PLANE('',#6797);
#6095=PLANE('',#6802);
#6096=PLANE('',#6803);
#6097=PLANE('',#6804);
#6098=PLANE('',#6805);
#6099=PLANE('',#6810);
#6100=PLANE('',#6811);
#6101=PLANE('',#6812);
#6102=PLANE('',#6817);
#6103=PLANE('',#6842);
#6104=PLANE('',#6844);
#6105=PLANE('',#6846);
#6106=PLANE('',#6847);
#6107=PLANE('',#6848);
#6108=PLANE('',#6850);
#6109=ADVANCED_FACE('',(#5452,#5453,#5454,#5455,#5456,#5457,#5458,#5459,
#5460,#5461,#5462,#5463,#5464),#5828,.F.);
#6110=ADVANCED_FACE('',(#5465,#5466,#5467,#5468,#5469,#5470,#5471),#5829,
 .T.);
#6111=ADVANCED_FACE('',(#5472),#5830,.F.);
#6112=ADVANCED_FACE('',(#5473),#5831,.F.);
#6113=ADVANCED_FACE('',(#5474),#5832,.F.);
#6114=ADVANCED_FACE('',(#5475),#5833,.F.);
#6115=ADVANCED_FACE('',(#5476),#5834,.F.);
#6116=ADVANCED_FACE('',(#5477),#5835,.F.);
#6117=ADVANCED_FACE('',(#5478),#5836,.F.);
#6118=ADVANCED_FACE('',(#5479),#5837,.F.);
#6119=ADVANCED_FACE('',(#5480),#5838,.F.);
#6120=ADVANCED_FACE('',(#5481),#5839,.F.);
#6121=ADVANCED_FACE('',(#5482),#5840,.F.);
#6122=ADVANCED_FACE('',(#5483),#5841,.F.);
#6123=ADVANCED_FACE('',(#5484),#5842,.F.);
#6124=ADVANCED_FACE('',(#5485),#5843,.F.);
#6125=ADVANCED_FACE('',(#5486),#5844,.F.);
#6126=ADVANCED_FACE('',(#5487),#5845,.F.);
#6127=ADVANCED_FACE('',(#5488),#5846,.F.);
#6128=ADVANCED_FACE('',(#5489),#5847,.F.);
#6129=ADVANCED_FACE('',(#5490),#5848,.F.);
#6130=ADVANCED_FACE('',(#5491),#5849,.F.);
#6131=ADVANCED_FACE('',(#5492,#5493),#26,.F.);
#6132=ADVANCED_FACE('',(#5494,#5495),#27,.T.);
#6133=ADVANCED_FACE('',(#5496,#5497),#5850,.T.);
#6134=ADVANCED_FACE('',(#5498,#5499),#28,.F.);
#6135=ADVANCED_FACE('',(#5500,#5501),#29,.T.);
#6136=ADVANCED_FACE('',(#5502,#5503),#5851,.T.);
#6137=ADVANCED_FACE('',(#5504),#5852,.F.);
#6138=ADVANCED_FACE('',(#5505),#5853,.F.);
#6139=ADVANCED_FACE('',(#5506),#5854,.F.);
#6140=ADVANCED_FACE('',(#5507),#5855,.T.);
#6141=ADVANCED_FACE('',(#5508),#5856,.F.);
#6142=ADVANCED_FACE('',(#5509),#5857,.F.);
#6143=ADVANCED_FACE('',(#5510),#5858,.F.);
#6144=ADVANCED_FACE('',(#5511),#5859,.F.);
#6145=ADVANCED_FACE('',(#5512),#5860,.F.);
#6146=ADVANCED_FACE('',(#5513),#5861,.F.);
#6147=ADVANCED_FACE('',(#5514),#5862,.F.);
#6148=ADVANCED_FACE('',(#5515),#5863,.T.);
#6149=ADVANCED_FACE('',(#5516),#5864,.F.);
#6150=ADVANCED_FACE('',(#5517),#5865,.T.);
#6151=ADVANCED_FACE('',(#5518),#5866,.F.);
#6152=ADVANCED_FACE('',(#5519),#5867,.T.);
#6153=ADVANCED_FACE('',(#5520),#5868,.F.);
#6154=ADVANCED_FACE('',(#5521),#5869,.F.);
#6155=ADVANCED_FACE('',(#5522),#5870,.F.);
#6156=ADVANCED_FACE('',(#5523),#5871,.F.);
#6157=ADVANCED_FACE('',(#5524),#5872,.F.);
#6158=ADVANCED_FACE('',(#5525),#5873,.F.);
#6159=ADVANCED_FACE('',(#5526),#5874,.F.);
#6160=ADVANCED_FACE('',(#5527),#5875,.T.);
#6161=ADVANCED_FACE('',(#5528),#5876,.F.);
#6162=ADVANCED_FACE('',(#5529),#5877,.T.);
#6163=ADVANCED_FACE('',(#5530),#5878,.F.);
#6164=ADVANCED_FACE('',(#5531),#5879,.T.);
#6165=ADVANCED_FACE('',(#5532),#5880,.F.);
#6166=ADVANCED_FACE('',(#5533),#5881,.F.);
#6167=ADVANCED_FACE('',(#5534),#5882,.F.);
#6168=ADVANCED_FACE('',(#5535),#5883,.F.);
#6169=ADVANCED_FACE('',(#5536),#5884,.F.);
#6170=ADVANCED_FACE('',(#5537),#5885,.F.);
#6171=ADVANCED_FACE('',(#5538),#5886,.F.);
#6172=ADVANCED_FACE('',(#5539),#5887,.T.);
#6173=ADVANCED_FACE('',(#5540),#5888,.F.);
#6174=ADVANCED_FACE('',(#5541),#5889,.T.);
#6175=ADVANCED_FACE('',(#5542),#5890,.F.);
#6176=ADVANCED_FACE('',(#5543),#5891,.T.);
#6177=ADVANCED_FACE('',(#5544),#5892,.F.);
#6178=ADVANCED_FACE('',(#5545),#5893,.F.);
#6179=ADVANCED_FACE('',(#5546),#5894,.F.);
#6180=ADVANCED_FACE('',(#5547),#5895,.F.);
#6181=ADVANCED_FACE('',(#5548),#5896,.F.);
#6182=ADVANCED_FACE('',(#5549),#5897,.F.);
#6183=ADVANCED_FACE('',(#5550),#5898,.F.);
#6184=ADVANCED_FACE('',(#5551),#5899,.T.);
#6185=ADVANCED_FACE('',(#5552),#5900,.F.);
#6186=ADVANCED_FACE('',(#5553),#5901,.T.);
#6187=ADVANCED_FACE('',(#5554),#5902,.F.);
#6188=ADVANCED_FACE('',(#5555),#5903,.T.);
#6189=ADVANCED_FACE('',(#5556),#5904,.F.);
#6190=ADVANCED_FACE('',(#5557),#5905,.F.);
#6191=ADVANCED_FACE('',(#5558),#5906,.F.);
#6192=ADVANCED_FACE('',(#5559),#5907,.F.);
#6193=ADVANCED_FACE('',(#5560),#5908,.F.);
#6194=ADVANCED_FACE('',(#5561),#5909,.F.);
#6195=ADVANCED_FACE('',(#5562),#5910,.F.);
#6196=ADVANCED_FACE('',(#5563),#5911,.T.);
#6197=ADVANCED_FACE('',(#5564),#5912,.F.);
#6198=ADVANCED_FACE('',(#5565),#5913,.T.);
#6199=ADVANCED_FACE('',(#5566),#5914,.T.);
#6200=ADVANCED_FACE('',(#5567),#5915,.T.);
#6201=ADVANCED_FACE('',(#5568),#5916,.T.);
#6202=ADVANCED_FACE('',(#5569),#5917,.T.);
#6203=ADVANCED_FACE('',(#5570),#5918,.T.);
#6204=ADVANCED_FACE('',(#5571),#5919,.T.);
#6205=ADVANCED_FACE('',(#5572),#5920,.T.);
#6206=ADVANCED_FACE('',(#5573),#5921,.T.);
#6207=ADVANCED_FACE('',(#5574),#5922,.T.);
#6208=ADVANCED_FACE('',(#5575),#5923,.T.);
#6209=ADVANCED_FACE('',(#5576),#5924,.T.);
#6210=ADVANCED_FACE('',(#5577),#5925,.T.);
#6211=ADVANCED_FACE('',(#5578),#5926,.T.);
#6212=ADVANCED_FACE('',(#5579),#5927,.T.);
#6213=ADVANCED_FACE('',(#5580),#5928,.F.);
#6214=ADVANCED_FACE('',(#5581),#5929,.T.);
#6215=ADVANCED_FACE('',(#5582),#5930,.T.);
#6216=ADVANCED_FACE('',(#5583),#5931,.T.);
#6217=ADVANCED_FACE('',(#5584),#5932,.T.);
#6218=ADVANCED_FACE('',(#5585),#5933,.T.);
#6219=ADVANCED_FACE('',(#5586),#5934,.T.);
#6220=ADVANCED_FACE('',(#5587),#5935,.T.);
#6221=ADVANCED_FACE('',(#5588),#5936,.T.);
#6222=ADVANCED_FACE('',(#5589),#5937,.T.);
#6223=ADVANCED_FACE('',(#5590),#5938,.T.);
#6224=ADVANCED_FACE('',(#5591),#5939,.T.);
#6225=ADVANCED_FACE('',(#5592),#5940,.F.);
#6226=ADVANCED_FACE('',(#5593),#5941,.T.);
#6227=ADVANCED_FACE('',(#5594),#5942,.T.);
#6228=ADVANCED_FACE('',(#5595),#5943,.T.);
#6229=ADVANCED_FACE('',(#5596),#5944,.F.);
#6230=ADVANCED_FACE('',(#5597),#5945,.T.);
#6231=ADVANCED_FACE('',(#5598),#5946,.F.);
#6232=ADVANCED_FACE('',(#5599),#5947,.T.);
#6233=ADVANCED_FACE('',(#5600),#5948,.T.);
#6234=ADVANCED_FACE('',(#5601),#5949,.T.);
#6235=ADVANCED_FACE('',(#5602),#5950,.T.);
#6236=ADVANCED_FACE('',(#5603),#5951,.T.);
#6237=ADVANCED_FACE('',(#5604),#5952,.T.);
#6238=ADVANCED_FACE('',(#5605),#5953,.T.);
#6239=ADVANCED_FACE('',(#5606),#5954,.T.);
#6240=ADVANCED_FACE('',(#5607),#5955,.T.);
#6241=ADVANCED_FACE('',(#5608),#5956,.T.);
#6242=ADVANCED_FACE('',(#5609),#5957,.T.);
#6243=ADVANCED_FACE('',(#5610),#5958,.T.);
#6244=ADVANCED_FACE('',(#5611),#5959,.T.);
#6245=ADVANCED_FACE('',(#5612),#5960,.T.);
#6246=ADVANCED_FACE('',(#5613),#5961,.T.);
#6247=ADVANCED_FACE('',(#5614),#5962,.F.);
#6248=ADVANCED_FACE('',(#5615),#5963,.T.);
#6249=ADVANCED_FACE('',(#5616),#5964,.T.);
#6250=ADVANCED_FACE('',(#5617),#5965,.T.);
#6251=ADVANCED_FACE('',(#5618),#5966,.T.);
#6252=ADVANCED_FACE('',(#5619),#5967,.T.);
#6253=ADVANCED_FACE('',(#5620),#5968,.T.);
#6254=ADVANCED_FACE('',(#5621),#5969,.T.);
#6255=ADVANCED_FACE('',(#5622),#5970,.T.);
#6256=ADVANCED_FACE('',(#5623),#5971,.T.);
#6257=ADVANCED_FACE('',(#5624),#5972,.T.);
#6258=ADVANCED_FACE('',(#5625),#5973,.T.);
#6259=ADVANCED_FACE('',(#5626),#5974,.F.);
#6260=ADVANCED_FACE('',(#5627),#5975,.T.);
#6261=ADVANCED_FACE('',(#5628),#5976,.T.);
#6262=ADVANCED_FACE('',(#5629),#5977,.T.);
#6263=ADVANCED_FACE('',(#5630),#5978,.F.);
#6264=ADVANCED_FACE('',(#5631),#5979,.T.);
#6265=ADVANCED_FACE('',(#5632),#5980,.F.);
#6266=ADVANCED_FACE('',(#5633),#5981,.T.);
#6267=ADVANCED_FACE('',(#5634),#5982,.T.);
#6268=ADVANCED_FACE('',(#5635),#5983,.T.);
#6269=ADVANCED_FACE('',(#5636),#5984,.T.);
#6270=ADVANCED_FACE('',(#5637),#5985,.T.);
#6271=ADVANCED_FACE('',(#5638),#5986,.T.);
#6272=ADVANCED_FACE('',(#5639),#5987,.T.);
#6273=ADVANCED_FACE('',(#5640),#5988,.T.);
#6274=ADVANCED_FACE('',(#5641),#5989,.T.);
#6275=ADVANCED_FACE('',(#5642),#5990,.T.);
#6276=ADVANCED_FACE('',(#5643),#5991,.T.);
#6277=ADVANCED_FACE('',(#5644),#5992,.T.);
#6278=ADVANCED_FACE('',(#5645),#5993,.T.);
#6279=ADVANCED_FACE('',(#5646),#5994,.T.);
#6280=ADVANCED_FACE('',(#5647),#5995,.T.);
#6281=ADVANCED_FACE('',(#5648),#5996,.F.);
#6282=ADVANCED_FACE('',(#5649),#5997,.T.);
#6283=ADVANCED_FACE('',(#5650),#5998,.T.);
#6284=ADVANCED_FACE('',(#5651),#5999,.T.);
#6285=ADVANCED_FACE('',(#5652),#6000,.T.);
#6286=ADVANCED_FACE('',(#5653),#6001,.T.);
#6287=ADVANCED_FACE('',(#5654),#6002,.T.);
#6288=ADVANCED_FACE('',(#5655),#6003,.T.);
#6289=ADVANCED_FACE('',(#5656),#6004,.T.);
#6290=ADVANCED_FACE('',(#5657),#6005,.T.);
#6291=ADVANCED_FACE('',(#5658),#6006,.T.);
#6292=ADVANCED_FACE('',(#5659),#6007,.T.);
#6293=ADVANCED_FACE('',(#5660),#6008,.F.);
#6294=ADVANCED_FACE('',(#5661),#6009,.T.);
#6295=ADVANCED_FACE('',(#5662),#6010,.T.);
#6296=ADVANCED_FACE('',(#5663),#6011,.T.);
#6297=ADVANCED_FACE('',(#5664),#6012,.F.);
#6298=ADVANCED_FACE('',(#5665),#6013,.T.);
#6299=ADVANCED_FACE('',(#5666),#6014,.F.);
#6300=ADVANCED_FACE('',(#5667),#6015,.T.);
#6301=ADVANCED_FACE('',(#5668),#6016,.T.);
#6302=ADVANCED_FACE('',(#5669),#6017,.T.);
#6303=ADVANCED_FACE('',(#5670),#6018,.T.);
#6304=ADVANCED_FACE('',(#5671),#6019,.T.);
#6305=ADVANCED_FACE('',(#5672),#6020,.T.);
#6306=ADVANCED_FACE('',(#5673),#6021,.T.);
#6307=ADVANCED_FACE('',(#5674),#6022,.T.);
#6308=ADVANCED_FACE('',(#5675),#6023,.T.);
#6309=ADVANCED_FACE('',(#5676),#6024,.T.);
#6310=ADVANCED_FACE('',(#5677),#6025,.T.);
#6311=ADVANCED_FACE('',(#5678),#6026,.T.);
#6312=ADVANCED_FACE('',(#5679),#6027,.T.);
#6313=ADVANCED_FACE('',(#5680),#6028,.T.);
#6314=ADVANCED_FACE('',(#5681),#6029,.T.);
#6315=ADVANCED_FACE('',(#5682),#6030,.F.);
#6316=ADVANCED_FACE('',(#5683),#6031,.T.);
#6317=ADVANCED_FACE('',(#5684),#6032,.T.);
#6318=ADVANCED_FACE('',(#5685),#6033,.T.);
#6319=ADVANCED_FACE('',(#5686),#6034,.T.);
#6320=ADVANCED_FACE('',(#5687),#6035,.T.);
#6321=ADVANCED_FACE('',(#5688),#6036,.T.);
#6322=ADVANCED_FACE('',(#5689),#6037,.T.);
#6323=ADVANCED_FACE('',(#5690),#6038,.T.);
#6324=ADVANCED_FACE('',(#5691),#6039,.T.);
#6325=ADVANCED_FACE('',(#5692),#6040,.T.);
#6326=ADVANCED_FACE('',(#5693),#6041,.T.);
#6327=ADVANCED_FACE('',(#5694),#6042,.F.);
#6328=ADVANCED_FACE('',(#5695),#6043,.T.);
#6329=ADVANCED_FACE('',(#5696),#6044,.T.);
#6330=ADVANCED_FACE('',(#5697),#6045,.T.);
#6331=ADVANCED_FACE('',(#5698),#6046,.F.);
#6332=ADVANCED_FACE('',(#5699),#6047,.T.);
#6333=ADVANCED_FACE('',(#5700),#6048,.F.);
#6334=ADVANCED_FACE('',(#5701),#6049,.T.);
#6335=ADVANCED_FACE('',(#5702),#6050,.T.);
#6336=ADVANCED_FACE('',(#5703),#6051,.T.);
#6337=ADVANCED_FACE('',(#5704),#6052,.T.);
#6338=ADVANCED_FACE('',(#5705),#6053,.T.);
#6339=ADVANCED_FACE('',(#5706),#6054,.T.);
#6340=ADVANCED_FACE('',(#5707),#6055,.T.);
#6341=ADVANCED_FACE('',(#5708),#6056,.T.);
#6342=ADVANCED_FACE('',(#5709),#6057,.T.);
#6343=ADVANCED_FACE('',(#5710),#6058,.T.);
#6344=ADVANCED_FACE('',(#5711),#6059,.T.);
#6345=ADVANCED_FACE('',(#5712),#6060,.T.);
#6346=ADVANCED_FACE('',(#5713),#6061,.T.);
#6347=ADVANCED_FACE('',(#5714),#6062,.T.);
#6348=ADVANCED_FACE('',(#5715),#6063,.T.);
#6349=ADVANCED_FACE('',(#5716),#6064,.F.);
#6350=ADVANCED_FACE('',(#5717),#6065,.T.);
#6351=ADVANCED_FACE('',(#5718),#6066,.T.);
#6352=ADVANCED_FACE('',(#5719),#6067,.T.);
#6353=ADVANCED_FACE('',(#5720),#6068,.T.);
#6354=ADVANCED_FACE('',(#5721),#6069,.T.);
#6355=ADVANCED_FACE('',(#5722),#6070,.T.);
#6356=ADVANCED_FACE('',(#5723),#6071,.T.);
#6357=ADVANCED_FACE('',(#5724),#6072,.T.);
#6358=ADVANCED_FACE('',(#5725),#6073,.T.);
#6359=ADVANCED_FACE('',(#5726),#6074,.T.);
#6360=ADVANCED_FACE('',(#5727),#6075,.T.);
#6361=ADVANCED_FACE('',(#5728),#6076,.F.);
#6362=ADVANCED_FACE('',(#5729),#6077,.T.);
#6363=ADVANCED_FACE('',(#5730),#6078,.T.);
#6364=ADVANCED_FACE('',(#5731),#6079,.T.);
#6365=ADVANCED_FACE('',(#5732),#6080,.F.);
#6366=ADVANCED_FACE('',(#5733),#6081,.T.);
#6367=ADVANCED_FACE('',(#5734),#6082,.F.);
#6368=ADVANCED_FACE('',(#5735),#6083,.T.);
#6369=ADVANCED_FACE('',(#5736),#18,.T.);
#6370=ADVANCED_FACE('',(#5737),#30,.T.);
#6371=ADVANCED_FACE('',(#5738),#31,.T.);
#6372=ADVANCED_FACE('',(#5739),#19,.T.);
#6373=ADVANCED_FACE('',(#5740),#20,.T.);
#6374=ADVANCED_FACE('',(#5741),#32,.T.);
#6375=ADVANCED_FACE('',(#5742),#33,.T.);
#6376=ADVANCED_FACE('',(#5743),#21,.T.);
#6377=ADVANCED_FACE('',(#5744),#34,.T.);
#6378=ADVANCED_FACE('',(#5745),#35,.T.);
#6379=ADVANCED_FACE('',(#5746),#36,.T.);
#6380=ADVANCED_FACE('',(#5747),#37,.T.);
#6381=ADVANCED_FACE('',(#5748,#5749),#38,.F.);
#6382=ADVANCED_FACE('',(#5750,#5751),#39,.T.);
#6383=ADVANCED_FACE('',(#5752,#5753),#6084,.T.);
#6384=ADVANCED_FACE('',(#5754),#6085,.F.);
#6385=ADVANCED_FACE('',(#5755,#5756),#40,.F.);
#6386=ADVANCED_FACE('',(#5757,#5758),#41,.T.);
#6387=ADVANCED_FACE('',(#5759,#5760),#6086,.T.);
#6388=ADVANCED_FACE('',(#5761),#6087,.F.);
#6389=ADVANCED_FACE('',(#5762,#5763),#42,.T.);
#6390=ADVANCED_FACE('',(#5764,#5765),#43,.F.);
#6391=ADVANCED_FACE('',(#5766,#5767),#6088,.T.);
#6392=ADVANCED_FACE('',(#5768),#6089,.F.);
#6393=ADVANCED_FACE('',(#5769,#5770),#44,.T.);
#6394=ADVANCED_FACE('',(#5771,#5772),#45,.F.);
#6395=ADVANCED_FACE('',(#5773,#5774),#6090,.T.);
#6396=ADVANCED_FACE('',(#5775),#6091,.F.);
#6397=ADVANCED_FACE('',(#5776,#5777,#5778,#5779,#5780),#6092,.T.);
#6398=ADVANCED_FACE('',(#5781,#5782,#5783,#5784,#5785),#6093,.F.);
#6399=ADVANCED_FACE('',(#5786,#5787),#6094,.F.);
#6400=ADVANCED_FACE('',(#5788),#6095,.T.);
#6401=ADVANCED_FACE('',(#5789),#6096,.F.);
#6402=ADVANCED_FACE('',(#5790),#6097,.T.);
#6403=ADVANCED_FACE('',(#5791,#5792),#6098,.T.);
#6404=ADVANCED_FACE('',(#5793),#6099,.F.);
#6405=ADVANCED_FACE('',(#5794),#6100,.T.);
#6406=ADVANCED_FACE('',(#5795,#5796),#6101,.T.);
#6407=ADVANCED_FACE('',(#5797),#6102,.F.);
#6408=ADVANCED_FACE('',(#5798),#46,.T.);
#6409=ADVANCED_FACE('',(#5799),#22,.T.);
#6410=ADVANCED_FACE('',(#5800),#47,.T.);
#6411=ADVANCED_FACE('',(#5801),#48,.T.);
#6412=ADVANCED_FACE('',(#5802),#49,.T.);
#6413=ADVANCED_FACE('',(#5803),#50,.T.);
#6414=ADVANCED_FACE('',(#5804),#23,.T.);
#6415=ADVANCED_FACE('',(#5805),#24,.T.);
#6416=ADVANCED_FACE('',(#5806),#51,.T.);
#6417=ADVANCED_FACE('',(#5807),#52,.T.);
#6418=ADVANCED_FACE('',(#5808),#25,.T.);
#6419=ADVANCED_FACE('',(#5809),#53,.T.);
#6420=ADVANCED_FACE('',(#5810),#6103,.F.);
#6421=ADVANCED_FACE('',(#5811),#54,.F.);
#6422=ADVANCED_FACE('',(#5812),#6104,.F.);
#6423=ADVANCED_FACE('',(#5813),#55,.F.);
#6424=ADVANCED_FACE('',(#5814),#6105,.T.);
#6425=ADVANCED_FACE('',(#5815),#6106,.T.);
#6426=ADVANCED_FACE('',(#5816),#6107,.T.);
#6427=ADVANCED_FACE('',(#5817),#56,.F.);
#6428=ADVANCED_FACE('',(#5818),#6108,.F.);
#6429=ADVANCED_FACE('',(#5819),#57,.F.);
#6430=ADVANCED_FACE('',(#5820,#5821),#58,.F.);
#6431=ADVANCED_FACE('',(#5822,#5823),#59,.F.);
#6432=ADVANCED_FACE('',(#5824,#5825),#60,.F.);
#6433=ADVANCED_FACE('',(#5826,#5827),#61,.F.);
#6434=CLOSED_SHELL('',(#6109,#6110,#6111,#6112,#6113,#6114,#6115,#6116,
#6117,#6118,#6119,#6120,#6121,#6122,#6123,#6124,#6125,#6126,#6127,#6128,
#6129,#6130,#6131,#6132,#6133,#6134,#6135,#6136,#6137,#6138,#6139,#6140,
#6141,#6142,#6143,#6144,#6145,#6146,#6147,#6148,#6149,#6150,#6151,#6152,
#6153,#6154,#6155,#6156,#6157,#6158,#6159,#6160,#6161,#6162,#6163,#6164,
#6165,#6166,#6167,#6168,#6169,#6170,#6171,#6172,#6173,#6174,#6175,#6176,
#6177,#6178,#6179,#6180,#6181,#6182,#6183,#6184,#6185,#6186,#6187,#6188,
#6189,#6190,#6191,#6192,#6193,#6194,#6195,#6196,#6197,#6198,#6199,#6200,
#6201,#6202,#6203,#6204,#6205,#6206,#6207,#6208,#6209,#6210,#6211,#6212,
#6213,#6214,#6215,#6216,#6217,#6218,#6219,#6220,#6221,#6222,#6223,#6224,
#6225,#6226,#6227,#6228,#6229,#6230,#6231,#6232,#6233,#6234,#6235,#6236,
#6237,#6238,#6239,#6240,#6241,#6242,#6243,#6244,#6245,#6246,#6247,#6248,
#6249,#6250,#6251,#6252,#6253,#6254,#6255,#6256,#6257,#6258,#6259,#6260,
#6261,#6262,#6263,#6264,#6265,#6266,#6267,#6268,#6269,#6270,#6271,#6272,
#6273,#6274,#6275,#6276,#6277,#6278,#6279,#6280,#6281,#6282,#6283,#6284,
#6285,#6286,#6287,#6288,#6289,#6290,#6291,#6292,#6293,#6294,#6295,#6296,
#6297,#6298,#6299,#6300,#6301,#6302,#6303,#6304,#6305,#6306,#6307,#6308,
#6309,#6310,#6311,#6312,#6313,#6314,#6315,#6316,#6317,#6318,#6319,#6320,
#6321,#6322,#6323,#6324,#6325,#6326,#6327,#6328,#6329,#6330,#6331,#6332,
#6333,#6334,#6335,#6336,#6337,#6338,#6339,#6340,#6341,#6342,#6343,#6344,
#6345,#6346,#6347,#6348,#6349,#6350,#6351,#6352,#6353,#6354,#6355,#6356,
#6357,#6358,#6359,#6360,#6361,#6362,#6363,#6364,#6365,#6366,#6367,#6368,
#6369,#6370,#6371,#6372,#6373,#6374,#6375,#6376,#6377,#6378,#6379,#6380,
#6381,#6382,#6383,#6384,#6385,#6386,#6387,#6388,#6389,#6390,#6391,#6392,
#6393,#6394,#6395,#6396));
#6435=CLOSED_SHELL('',(#6397,#6398,#6399,#6400,#6401,#6402,#6403,#6404,
#6405,#6406,#6407,#6408,#6409,#6410,#6411,#6412,#6413,#6414,#6415,#6416,
#6417,#6418,#6419,#6420,#6421,#6422,#6423,#6424,#6425,#6426,#6427,#6428,
#6429,#6430,#6431,#6432,#6433));
#6436=STYLED_ITEM('',(#6438),#6451);
#6437=STYLED_ITEM('',(#6439),#6452);
#6438=PRESENTATION_STYLE_ASSIGNMENT((#6440));
#6439=PRESENTATION_STYLE_ASSIGNMENT((#6441));
#6440=SURFACE_STYLE_USAGE(.BOTH.,#6442);
#6441=SURFACE_STYLE_USAGE(.BOTH.,#6443);
#6442=SURFACE_SIDE_STYLE('',(#6444));
#6443=SURFACE_SIDE_STYLE('',(#6445));
#6444=SURFACE_STYLE_FILL_AREA(#6446);
#6445=SURFACE_STYLE_FILL_AREA(#6447);
#6446=FILL_AREA_STYLE('',(#6448));
#6447=FILL_AREA_STYLE('',(#6449));
#6448=FILL_AREA_STYLE_COLOUR('',#6450);
#6449=FILL_AREA_STYLE_COLOUR('',#6450);
#6450=COLOUR_RGB('',0.615686274509804,0.811764705882353,0.929411764705882);
#6451=MANIFOLD_SOLID_BREP('Part 1',#6434);
#6452=MANIFOLD_SOLID_BREP('Part 2',#6435);
#6453=SHAPE_DEFINITION_REPRESENTATION(#10305,#6455);
#6454=SHAPE_DEFINITION_REPRESENTATION(#10306,#6456);
#6455=SHAPE_REPRESENTATION('Part 1',(#6457),#10295);
#6456=SHAPE_REPRESENTATION('Part 2',(#6786),#10296);
#6457=AXIS2_PLACEMENT_3D('',#8484,#6856,#6857);
#6458=AXIS2_PLACEMENT_3D('',#8485,#6858,#6859);
#6459=AXIS2_PLACEMENT_3D('',#8486,#6860,#6861);
#6460=AXIS2_PLACEMENT_3D('',#8488,#6862,#6863);
#6461=AXIS2_PLACEMENT_3D('',#8493,#6865,#6866);
#6462=AXIS2_PLACEMENT_3D('',#8497,#6868,#6869);
#6463=AXIS2_PLACEMENT_3D('',#8501,#6871,#6872);
#6464=AXIS2_PLACEMENT_3D('',#8505,#6874,#6875);
#6465=AXIS2_PLACEMENT_3D('',#8506,#6876,#6877);
#6466=AXIS2_PLACEMENT_3D('',#8508,#6878,#6879);
#6467=AXIS2_PLACEMENT_3D('',#8798,#7024,#7025);
#6468=AXIS2_PLACEMENT_3D('',#8800,#7026,#7027);
#6469=AXIS2_PLACEMENT_3D('',#8802,#7028,#7029);
#6470=AXIS2_PLACEMENT_3D('',#9099,#7178,#7179);
#6471=AXIS2_PLACEMENT_3D('',#9102,#7182,#7183);
#6472=AXIS2_PLACEMENT_3D('',#9105,#7186,#7187);
#6473=AXIS2_PLACEMENT_3D('',#9108,#7190,#7191);
#6474=AXIS2_PLACEMENT_3D('',#9111,#7194,#7195);
#6475=AXIS2_PLACEMENT_3D('',#9114,#7198,#7199);
#6476=AXIS2_PLACEMENT_3D('',#9117,#7202,#7203);
#6477=AXIS2_PLACEMENT_3D('',#9120,#7206,#7207);
#6478=AXIS2_PLACEMENT_3D('',#9123,#7210,#7211);
#6479=AXIS2_PLACEMENT_3D('',#9126,#7214,#7215);
#6480=AXIS2_PLACEMENT_3D('',#9129,#7218,#7219);
#6481=AXIS2_PLACEMENT_3D('',#9132,#7222,#7223);
#6482=AXIS2_PLACEMENT_3D('',#9135,#7226,#7227);
#6483=AXIS2_PLACEMENT_3D('',#9138,#7230,#7231);
#6484=AXIS2_PLACEMENT_3D('',#9141,#7234,#7235);
#6485=AXIS2_PLACEMENT_3D('',#9144,#7238,#7239);
#6486=AXIS2_PLACEMENT_3D('',#9147,#7242,#7243);
#6487=AXIS2_PLACEMENT_3D('',#9150,#7246,#7247);
#6488=AXIS2_PLACEMENT_3D('',#9153,#7250,#7251);
#6489=AXIS2_PLACEMENT_3D('',#9156,#7254,#7255);
#6490=AXIS2_PLACEMENT_3D('',#9159,#7258,#7259);
#6491=AXIS2_PLACEMENT_3D('',#9160,#7260,#7261);
#6492=AXIS2_PLACEMENT_3D('',#9162,#7262,#7263);
#6493=AXIS2_PLACEMENT_3D('',#9164,#7264,#7265);
#6494=AXIS2_PLACEMENT_3D('',#9165,#7266,#7267);
#6495=AXIS2_PLACEMENT_3D('',#9167,#7268,#7269);
#6496=AXIS2_PLACEMENT_3D('',#9168,#7270,#7271);
#6497=AXIS2_PLACEMENT_3D('',#9169,#7272,#7273);
#6498=AXIS2_PLACEMENT_3D('',#9171,#7274,#7275);
#6499=AXIS2_PLACEMENT_3D('',#9173,#7276,#7277);
#6500=AXIS2_PLACEMENT_3D('',#9174,#7278,#7279);
#6501=AXIS2_PLACEMENT_3D('',#9176,#7280,#7281);
#6502=AXIS2_PLACEMENT_3D('',#9177,#7282,#7283);
#6503=AXIS2_PLACEMENT_3D('',#9178,#7284,#7285);
#6504=AXIS2_PLACEMENT_3D('',#9179,#7286,#7287);
#6505=AXIS2_PLACEMENT_3D('',#9182,#7290,#7291);
#6506=AXIS2_PLACEMENT_3D('',#9184,#7293,#7294);
#6507=AXIS2_PLACEMENT_3D('',#9186,#7296,#7297);
#6508=AXIS2_PLACEMENT_3D('',#9187,#7298,#7299);
#6509=AXIS2_PLACEMENT_3D('',#9190,#7302,#7303);
#6510=AXIS2_PLACEMENT_3D('',#9191,#7304,#7305);
#6511=AXIS2_PLACEMENT_3D('',#9194,#7308,#7309);
#6512=AXIS2_PLACEMENT_3D('',#9196,#7311,#7312);
#6513=AXIS2_PLACEMENT_3D('',#9198,#7314,#7315);
#6514=AXIS2_PLACEMENT_3D('',#9199,#7316,#7317);
#6515=AXIS2_PLACEMENT_3D('',#9202,#7320,#7321);
#6516=AXIS2_PLACEMENT_3D('',#9203,#7322,#7323);
#6517=AXIS2_PLACEMENT_3D('',#9206,#7326,#7327);
#6518=AXIS2_PLACEMENT_3D('',#9208,#7329,#7330);
#6519=AXIS2_PLACEMENT_3D('',#9210,#7332,#7333);
#6520=AXIS2_PLACEMENT_3D('',#9211,#7334,#7335);
#6521=AXIS2_PLACEMENT_3D('',#9214,#7338,#7339);
#6522=AXIS2_PLACEMENT_3D('',#9215,#7340,#7341);
#6523=AXIS2_PLACEMENT_3D('',#9218,#7344,#7345);
#6524=AXIS2_PLACEMENT_3D('',#9220,#7347,#7348);
#6525=AXIS2_PLACEMENT_3D('',#9222,#7350,#7351);
#6526=AXIS2_PLACEMENT_3D('',#9223,#7352,#7353);
#6527=AXIS2_PLACEMENT_3D('',#9226,#7356,#7357);
#6528=AXIS2_PLACEMENT_3D('',#9227,#7358,#7359);
#6529=AXIS2_PLACEMENT_3D('',#9230,#7362,#7363);
#6530=AXIS2_PLACEMENT_3D('',#9232,#7365,#7366);
#6531=AXIS2_PLACEMENT_3D('',#9234,#7368,#7369);
#6532=AXIS2_PLACEMENT_3D('',#9235,#7370,#7371);
#6533=AXIS2_PLACEMENT_3D('',#9238,#7374,#7375);
#6534=AXIS2_PLACEMENT_3D('',#9239,#7376,#7377);
#6535=AXIS2_PLACEMENT_3D('',#9242,#7380,#7381);
#6536=AXIS2_PLACEMENT_3D('',#9244,#7383,#7384);
#6537=AXIS2_PLACEMENT_3D('',#9246,#7386,#7387);
#6538=AXIS2_PLACEMENT_3D('',#9247,#7388,#7389);
#6539=AXIS2_PLACEMENT_3D('',#9250,#7392,#7393);
#6540=AXIS2_PLACEMENT_3D('',#9251,#7394,#7395);
#6541=AXIS2_PLACEMENT_3D('',#9254,#7398,#7399);
#6542=AXIS2_PLACEMENT_3D('',#9256,#7401,#7402);
#6543=AXIS2_PLACEMENT_3D('',#9258,#7404,#7405);
#6544=AXIS2_PLACEMENT_3D('',#9259,#7406,#7407);
#6545=AXIS2_PLACEMENT_3D('',#9262,#7410,#7411);
#6546=AXIS2_PLACEMENT_3D('',#9263,#7412,#7413);
#6547=AXIS2_PLACEMENT_3D('',#9266,#7416,#7417);
#6548=AXIS2_PLACEMENT_3D('',#9268,#7419,#7420);
#6549=AXIS2_PLACEMENT_3D('',#9270,#7422,#7423);
#6550=AXIS2_PLACEMENT_3D('',#9271,#7424,#7425);
#6551=AXIS2_PLACEMENT_3D('',#9274,#7428,#7429);
#6552=AXIS2_PLACEMENT_3D('',#9275,#7430,#7431);
#6553=AXIS2_PLACEMENT_3D('',#9278,#7434,#7435);
#6554=AXIS2_PLACEMENT_3D('',#9280,#7437,#7438);
#6555=AXIS2_PLACEMENT_3D('',#9282,#7440,#7441);
#6556=AXIS2_PLACEMENT_3D('',#9283,#7442,#7443);
#6557=AXIS2_PLACEMENT_3D('',#9286,#7446,#7447);
#6558=AXIS2_PLACEMENT_3D('',#9287,#7448,#7449);
#6559=AXIS2_PLACEMENT_3D('',#9290,#7452,#7453);
#6560=AXIS2_PLACEMENT_3D('',#9292,#7455,#7456);
#6561=AXIS2_PLACEMENT_3D('',#9294,#7458,#7459);
#6562=AXIS2_PLACEMENT_3D('',#9295,#7460,#7461);
#6563=AXIS2_PLACEMENT_3D('',#9298,#7464,#7465);
#6564=AXIS2_PLACEMENT_3D('',#9299,#7466,#7467);
#6565=AXIS2_PLACEMENT_3D('',#9305,#7471,#7472);
#6566=AXIS2_PLACEMENT_3D('',#9311,#7476,#7477);
#6567=AXIS2_PLACEMENT_3D('',#9317,#7481,#7482);
#6568=AXIS2_PLACEMENT_3D('',#9323,#7486,#7487);
#6569=AXIS2_PLACEMENT_3D('',#9329,#7491,#7492);
#6570=AXIS2_PLACEMENT_3D('',#9335,#7496,#7497);
#6571=AXIS2_PLACEMENT_3D('',#9341,#7501,#7502);
#6572=AXIS2_PLACEMENT_3D('',#9347,#7506,#7507);
#6573=AXIS2_PLACEMENT_3D('',#9353,#7511,#7512);
#6574=AXIS2_PLACEMENT_3D('',#9359,#7516,#7517);
#6575=AXIS2_PLACEMENT_3D('',#9365,#7521,#7522);
#6576=AXIS2_PLACEMENT_3D('',#9371,#7526,#7527);
#6577=AXIS2_PLACEMENT_3D('',#9373,#7529,#7530);
#6578=AXIS2_PLACEMENT_3D('',#9377,#7533,#7534);
#6579=AXIS2_PLACEMENT_3D('',#9383,#7538,#7539);
#6580=AXIS2_PLACEMENT_3D('',#9389,#7543,#7544);
#6581=AXIS2_PLACEMENT_3D('',#9394,#7548,#7549);
#6582=AXIS2_PLACEMENT_3D('',#9396,#7551,#7552);
#6583=AXIS2_PLACEMENT_3D('',#9398,#7554,#7555);
#6584=AXIS2_PLACEMENT_3D('',#9402,#7558,#7559);
#6585=AXIS2_PLACEMENT_3D('',#9407,#7563,#7564);
#6586=AXIS2_PLACEMENT_3D('',#9409,#7566,#7567);
#6587=AXIS2_PLACEMENT_3D('',#9411,#7569,#7570);
#6588=AXIS2_PLACEMENT_3D('',#9415,#7573,#7574);
#6589=AXIS2_PLACEMENT_3D('',#9421,#7578,#7579);
#6590=AXIS2_PLACEMENT_3D('',#9427,#7583,#7584);
#6591=AXIS2_PLACEMENT_3D('',#9432,#7588,#7589);
#6592=AXIS2_PLACEMENT_3D('',#9434,#7591,#7592);
#6593=AXIS2_PLACEMENT_3D('',#9436,#7594,#7595);
#6594=AXIS2_PLACEMENT_3D('',#9440,#7598,#7599);
#6595=AXIS2_PLACEMENT_3D('',#9445,#7603,#7604);
#6596=AXIS2_PLACEMENT_3D('',#9447,#7606,#7607);
#6597=AXIS2_PLACEMENT_3D('',#9448,#7608,#7609);
#6598=AXIS2_PLACEMENT_3D('',#9449,#7610,#7611);
#6599=AXIS2_PLACEMENT_3D('',#9455,#7615,#7616);
#6600=AXIS2_PLACEMENT_3D('',#9461,#7620,#7621);
#6601=AXIS2_PLACEMENT_3D('',#9467,#7625,#7626);
#6602=AXIS2_PLACEMENT_3D('',#9473,#7630,#7631);
#6603=AXIS2_PLACEMENT_3D('',#9479,#7635,#7636);
#6604=AXIS2_PLACEMENT_3D('',#9485,#7640,#7641);
#6605=AXIS2_PLACEMENT_3D('',#9491,#7645,#7646);
#6606=AXIS2_PLACEMENT_3D('',#9497,#7650,#7651);
#6607=AXIS2_PLACEMENT_3D('',#9503,#7655,#7656);
#6608=AXIS2_PLACEMENT_3D('',#9509,#7660,#7661);
#6609=AXIS2_PLACEMENT_3D('',#9515,#7665,#7666);
#6610=AXIS2_PLACEMENT_3D('',#9521,#7670,#7671);
#6611=AXIS2_PLACEMENT_3D('',#9523,#7673,#7674);
#6612=AXIS2_PLACEMENT_3D('',#9527,#7677,#7678);
#6613=AXIS2_PLACEMENT_3D('',#9533,#7682,#7683);
#6614=AXIS2_PLACEMENT_3D('',#9539,#7687,#7688);
#6615=AXIS2_PLACEMENT_3D('',#9544,#7692,#7693);
#6616=AXIS2_PLACEMENT_3D('',#9546,#7695,#7696);
#6617=AXIS2_PLACEMENT_3D('',#9548,#7698,#7699);
#6618=AXIS2_PLACEMENT_3D('',#9552,#7702,#7703);
#6619=AXIS2_PLACEMENT_3D('',#9557,#7707,#7708);
#6620=AXIS2_PLACEMENT_3D('',#9559,#7710,#7711);
#6621=AXIS2_PLACEMENT_3D('',#9561,#7713,#7714);
#6622=AXIS2_PLACEMENT_3D('',#9565,#7717,#7718);
#6623=AXIS2_PLACEMENT_3D('',#9571,#7722,#7723);
#6624=AXIS2_PLACEMENT_3D('',#9577,#7727,#7728);
#6625=AXIS2_PLACEMENT_3D('',#9582,#7732,#7733);
#6626=AXIS2_PLACEMENT_3D('',#9584,#7735,#7736);
#6627=AXIS2_PLACEMENT_3D('',#9586,#7738,#7739);
#6628=AXIS2_PLACEMENT_3D('',#9590,#7742,#7743);
#6629=AXIS2_PLACEMENT_3D('',#9595,#7747,#7748);
#6630=AXIS2_PLACEMENT_3D('',#9597,#7750,#7751);
#6631=AXIS2_PLACEMENT_3D('',#9598,#7752,#7753);
#6632=AXIS2_PLACEMENT_3D('',#9599,#7754,#7755);
#6633=AXIS2_PLACEMENT_3D('',#9605,#7759,#7760);
#6634=AXIS2_PLACEMENT_3D('',#9611,#7764,#7765);
#6635=AXIS2_PLACEMENT_3D('',#9617,#7769,#7770);
#6636=AXIS2_PLACEMENT_3D('',#9623,#7774,#7775);
#6637=AXIS2_PLACEMENT_3D('',#9629,#7779,#7780);
#6638=AXIS2_PLACEMENT_3D('',#9635,#7784,#7785);
#6639=AXIS2_PLACEMENT_3D('',#9641,#7789,#7790);
#6640=AXIS2_PLACEMENT_3D('',#9647,#7794,#7795);
#6641=AXIS2_PLACEMENT_3D('',#9653,#7799,#7800);
#6642=AXIS2_PLACEMENT_3D('',#9659,#7804,#7805);
#6643=AXIS2_PLACEMENT_3D('',#9665,#7809,#7810);
#6644=AXIS2_PLACEMENT_3D('',#9671,#7814,#7815);
#6645=AXIS2_PLACEMENT_3D('',#9673,#7817,#7818);
#6646=AXIS2_PLACEMENT_3D('',#9677,#7821,#7822);
#6647=AXIS2_PLACEMENT_3D('',#9683,#7826,#7827);
#6648=AXIS2_PLACEMENT_3D('',#9689,#7831,#7832);
#6649=AXIS2_PLACEMENT_3D('',#9694,#7836,#7837);
#6650=AXIS2_PLACEMENT_3D('',#9696,#7839,#7840);
#6651=AXIS2_PLACEMENT_3D('',#9698,#7842,#7843);
#6652=AXIS2_PLACEMENT_3D('',#9702,#7846,#7847);
#6653=AXIS2_PLACEMENT_3D('',#9707,#7851,#7852);
#6654=AXIS2_PLACEMENT_3D('',#9709,#7854,#7855);
#6655=AXIS2_PLACEMENT_3D('',#9711,#7857,#7858);
#6656=AXIS2_PLACEMENT_3D('',#9715,#7861,#7862);
#6657=AXIS2_PLACEMENT_3D('',#9721,#7866,#7867);
#6658=AXIS2_PLACEMENT_3D('',#9727,#7871,#7872);
#6659=AXIS2_PLACEMENT_3D('',#9732,#7876,#7877);
#6660=AXIS2_PLACEMENT_3D('',#9734,#7879,#7880);
#6661=AXIS2_PLACEMENT_3D('',#9736,#7882,#7883);
#6662=AXIS2_PLACEMENT_3D('',#9740,#7886,#7887);
#6663=AXIS2_PLACEMENT_3D('',#9745,#7891,#7892);
#6664=AXIS2_PLACEMENT_3D('',#9747,#7894,#7895);
#6665=AXIS2_PLACEMENT_3D('',#9748,#7896,#7897);
#6666=AXIS2_PLACEMENT_3D('',#9749,#7898,#7899);
#6667=AXIS2_PLACEMENT_3D('',#9755,#7903,#7904);
#6668=AXIS2_PLACEMENT_3D('',#9761,#7908,#7909);
#6669=AXIS2_PLACEMENT_3D('',#9767,#7913,#7914);
#6670=AXIS2_PLACEMENT_3D('',#9773,#7918,#7919);
#6671=AXIS2_PLACEMENT_3D('',#9779,#7923,#7924);
#6672=AXIS2_PLACEMENT_3D('',#9785,#7928,#7929);
#6673=AXIS2_PLACEMENT_3D('',#9791,#7933,#7934);
#6674=AXIS2_PLACEMENT_3D('',#9797,#7938,#7939);
#6675=AXIS2_PLACEMENT_3D('',#9803,#7943,#7944);
#6676=AXIS2_PLACEMENT_3D('',#9809,#7948,#7949);
#6677=AXIS2_PLACEMENT_3D('',#9815,#7953,#7954);
#6678=AXIS2_PLACEMENT_3D('',#9821,#7958,#7959);
#6679=AXIS2_PLACEMENT_3D('',#9823,#7961,#7962);
#6680=AXIS2_PLACEMENT_3D('',#9827,#7965,#7966);
#6681=AXIS2_PLACEMENT_3D('',#9833,#7970,#7971);
#6682=AXIS2_PLACEMENT_3D('',#9839,#7975,#7976);
#6683=AXIS2_PLACEMENT_3D('',#9844,#7980,#7981);
#6684=AXIS2_PLACEMENT_3D('',#9846,#7983,#7984);
#6685=AXIS2_PLACEMENT_3D('',#9848,#7986,#7987);
#6686=AXIS2_PLACEMENT_3D('',#9852,#7990,#7991);
#6687=AXIS2_PLACEMENT_3D('',#9857,#7995,#7996);
#6688=AXIS2_PLACEMENT_3D('',#9859,#7998,#7999);
#6689=AXIS2_PLACEMENT_3D('',#9861,#8001,#8002);
#6690=AXIS2_PLACEMENT_3D('',#9865,#8005,#8006);
#6691=AXIS2_PLACEMENT_3D('',#9871,#8010,#8011);
#6692=AXIS2_PLACEMENT_3D('',#9877,#8015,#8016);
#6693=AXIS2_PLACEMENT_3D('',#9882,#8020,#8021);
#6694=AXIS2_PLACEMENT_3D('',#9884,#8023,#8024);
#6695=AXIS2_PLACEMENT_3D('',#9886,#8026,#8027);
#6696=AXIS2_PLACEMENT_3D('',#9890,#8030,#8031);
#6697=AXIS2_PLACEMENT_3D('',#9895,#8035,#8036);
#6698=AXIS2_PLACEMENT_3D('',#9897,#8038,#8039);
#6699=AXIS2_PLACEMENT_3D('',#9898,#8040,#8041);
#6700=AXIS2_PLACEMENT_3D('',#9899,#8042,#8043);
#6701=AXIS2_PLACEMENT_3D('',#9905,#8047,#8048);
#6702=AXIS2_PLACEMENT_3D('',#9911,#8052,#8053);
#6703=AXIS2_PLACEMENT_3D('',#9917,#8057,#8058);
#6704=AXIS2_PLACEMENT_3D('',#9923,#8062,#8063);
#6705=AXIS2_PLACEMENT_3D('',#9929,#8067,#8068);
#6706=AXIS2_PLACEMENT_3D('',#9935,#8072,#8073);
#6707=AXIS2_PLACEMENT_3D('',#9941,#8077,#8078);
#6708=AXIS2_PLACEMENT_3D('',#9947,#8082,#8083);
#6709=AXIS2_PLACEMENT_3D('',#9953,#8087,#8088);
#6710=AXIS2_PLACEMENT_3D('',#9959,#8092,#8093);
#6711=AXIS2_PLACEMENT_3D('',#9965,#8097,#8098);
#6712=AXIS2_PLACEMENT_3D('',#9971,#8102,#8103);
#6713=AXIS2_PLACEMENT_3D('',#9973,#8105,#8106);
#6714=AXIS2_PLACEMENT_3D('',#9977,#8109,#8110);
#6715=AXIS2_PLACEMENT_3D('',#9983,#8114,#8115);
#6716=AXIS2_PLACEMENT_3D('',#9989,#8119,#8120);
#6717=AXIS2_PLACEMENT_3D('',#9994,#8124,#8125);
#6718=AXIS2_PLACEMENT_3D('',#9996,#8127,#8128);
#6719=AXIS2_PLACEMENT_3D('',#9998,#8130,#8131);
#6720=AXIS2_PLACEMENT_3D('',#10002,#8134,#8135);
#6721=AXIS2_PLACEMENT_3D('',#10007,#8139,#8140);
#6722=AXIS2_PLACEMENT_3D('',#10009,#8142,#8143);
#6723=AXIS2_PLACEMENT_3D('',#10011,#8145,#8146);
#6724=AXIS2_PLACEMENT_3D('',#10015,#8149,#8150);
#6725=AXIS2_PLACEMENT_3D('',#10021,#8154,#8155);
#6726=AXIS2_PLACEMENT_3D('',#10027,#8159,#8160);
#6727=AXIS2_PLACEMENT_3D('',#10032,#8164,#8165);
#6728=AXIS2_PLACEMENT_3D('',#10034,#8167,#8168);
#6729=AXIS2_PLACEMENT_3D('',#10036,#8170,#8171);
#6730=AXIS2_PLACEMENT_3D('',#10040,#8174,#8175);
#6731=AXIS2_PLACEMENT_3D('',#10045,#8179,#8180);
#6732=AXIS2_PLACEMENT_3D('',#10047,#8182,#8183);
#6733=AXIS2_PLACEMENT_3D('',#10048,#8184,#8185);
#6734=AXIS2_PLACEMENT_3D('',#10049,#8186,#8187);
#6735=AXIS2_PLACEMENT_3D('',#10050,#8188,#8189);
#6736=AXIS2_PLACEMENT_3D('',#10051,#8190,#8191);
#6737=AXIS2_PLACEMENT_3D('',#10052,#8192,#8193);
#6738=AXIS2_PLACEMENT_3D('',#10053,#8194,#8195);
#6739=AXIS2_PLACEMENT_3D('',#10054,#8196,#8197);
#6740=AXIS2_PLACEMENT_3D('',#10055,#8198,#8199);
#6741=AXIS2_PLACEMENT_3D('',#10056,#8200,#8201);
#6742=AXIS2_PLACEMENT_3D('',#10057,#8202,#8203);
#6743=AXIS2_PLACEMENT_3D('',#10058,#8204,#8205);
#6744=AXIS2_PLACEMENT_3D('',#10059,#8206,#8207);
#6745=AXIS2_PLACEMENT_3D('',#10060,#8208,#8209);
#6746=AXIS2_PLACEMENT_3D('',#10061,#8210,#8211);
#6747=AXIS2_PLACEMENT_3D('',#10062,#8212,#8213);
#6748=AXIS2_PLACEMENT_3D('',#10063,#8214,#8215);
#6749=AXIS2_PLACEMENT_3D('',#10064,#8216,#8217);
#6750=AXIS2_PLACEMENT_3D('',#10065,#8218,#8219);
#6751=AXIS2_PLACEMENT_3D('',#10066,#8220,#8221);
#6752=AXIS2_PLACEMENT_3D('',#10067,#8222,#8223);
#6753=AXIS2_PLACEMENT_3D('',#10068,#8224,#8225);
#6754=AXIS2_PLACEMENT_3D('',#10069,#8226,#8227);
#6755=AXIS2_PLACEMENT_3D('',#10070,#8228,#8229);
#6756=AXIS2_PLACEMENT_3D('',#10071,#8230,#8231);
#6757=AXIS2_PLACEMENT_3D('',#10072,#8232,#8233);
#6758=AXIS2_PLACEMENT_3D('',#10073,#8234,#8235);
#6759=AXIS2_PLACEMENT_3D('',#10074,#8236,#8237);
#6760=AXIS2_PLACEMENT_3D('',#10076,#8238,#8239);
#6761=AXIS2_PLACEMENT_3D('',#10078,#8240,#8241);
#6762=AXIS2_PLACEMENT_3D('',#10079,#8242,#8243);
#6763=AXIS2_PLACEMENT_3D('',#10081,#8244,#8245);
#6764=AXIS2_PLACEMENT_3D('',#10082,#8246,#8247);
#6765=AXIS2_PLACEMENT_3D('',#10083,#8248,#8249);
#6766=AXIS2_PLACEMENT_3D('',#10084,#8250,#8251);
#6767=AXIS2_PLACEMENT_3D('',#10086,#8252,#8253);
#6768=AXIS2_PLACEMENT_3D('',#10088,#8254,#8255);
#6769=AXIS2_PLACEMENT_3D('',#10089,#8256,#8257);
#6770=AXIS2_PLACEMENT_3D('',#10091,#8258,#8259);
#6771=AXIS2_PLACEMENT_3D('',#10092,#8260,#8261);
#6772=AXIS2_PLACEMENT_3D('',#10093,#8262,#8263);
#6773=AXIS2_PLACEMENT_3D('',#10094,#8264,#8265);
#6774=AXIS2_PLACEMENT_3D('',#10096,#8266,#8267);
#6775=AXIS2_PLACEMENT_3D('',#10097,#8268,#8269);
#6776=AXIS2_PLACEMENT_3D('',#10099,#8270,#8271);
#6777=AXIS2_PLACEMENT_3D('',#10101,#8272,#8273);
#6778=AXIS2_PLACEMENT_3D('',#10102,#8274,#8275);
#6779=AXIS2_PLACEMENT_3D('',#10103,#8276,#8277);
#6780=AXIS2_PLACEMENT_3D('',#10104,#8278,#8279);
#6781=AXIS2_PLACEMENT_3D('',#10106,#8280,#8281);
#6782=AXIS2_PLACEMENT_3D('',#10107,#8282,#8283);
#6783=AXIS2_PLACEMENT_3D('',#10109,#8284,#8285);
#6784=AXIS2_PLACEMENT_3D('',#10111,#8286,#8287);
#6785=AXIS2_PLACEMENT_3D('',#10112,#8288,#8289);
#6786=AXIS2_PLACEMENT_3D('',#10113,#8290,#8291);
#6787=AXIS2_PLACEMENT_3D('',#10114,#8292,#8293);
#6788=AXIS2_PLACEMENT_3D('',#10115,#8294,#8295);
#6789=AXIS2_PLACEMENT_3D('',#10117,#8296,#8297);
#6790=AXIS2_PLACEMENT_3D('',#10119,#8298,#8299);
#6791=AXIS2_PLACEMENT_3D('',#10129,#8304,#8305);
#6792=AXIS2_PLACEMENT_3D('',#10131,#8306,#8307);
#6793=AXIS2_PLACEMENT_3D('',#10132,#8308,#8309);
#6794=AXIS2_PLACEMENT_3D('',#10134,#8310,#8311);
#6795=AXIS2_PLACEMENT_3D('',#10144,#8316,#8317);
#6796=AXIS2_PLACEMENT_3D('',#10146,#8318,#8319);
#6797=AXIS2_PLACEMENT_3D('',#10148,#8320,#8321);
#6798=AXIS2_PLACEMENT_3D('',#10154,#8325,#8326);
#6799=AXIS2_PLACEMENT_3D('',#10159,#8328,#8329);
#6800=AXIS2_PLACEMENT_3D('',#10163,#8331,#8332);
#6801=AXIS2_PLACEMENT_3D('',#10171,#8336,#8337);
#6802=AXIS2_PLACEMENT_3D('',#10174,#8339,#8340);
#6803=AXIS2_PLACEMENT_3D('',#10180,#8344,#8345);
#6804=AXIS2_PLACEMENT_3D('',#10182,#8347,#8348);
#6805=AXIS2_PLACEMENT_3D('',#10184,#8350,#8351);
#6806=AXIS2_PLACEMENT_3D('',#10188,#8353,#8354);
#6807=AXIS2_PLACEMENT_3D('',#10192,#8356,#8357);
#6808=AXIS2_PLACEMENT_3D('',#10196,#8359,#8360);
#6809=AXIS2_PLACEMENT_3D('',#10200,#8362,#8363);
#6810=AXIS2_PLACEMENT_3D('',#10201,#8364,#8365);
#6811=AXIS2_PLACEMENT_3D('',#10207,#8369,#8370);
#6812=AXIS2_PLACEMENT_3D('',#10213,#8374,#8375);
#6813=AXIS2_PLACEMENT_3D('',#10217,#8377,#8378);
#6814=AXIS2_PLACEMENT_3D('',#10221,#8380,#8381);
#6815=AXIS2_PLACEMENT_3D('',#10229,#8385,#8386);
#6816=AXIS2_PLACEMENT_3D('',#10233,#8388,#8389);
#6817=AXIS2_PLACEMENT_3D('',#10239,#8393,#8394);
#6818=AXIS2_PLACEMENT_3D('',#10245,#8398,#8399);
#6819=AXIS2_PLACEMENT_3D('',#10246,#8400,#8401);
#6820=AXIS2_PLACEMENT_3D('',#10247,#8402,#8403);
#6821=AXIS2_PLACEMENT_3D('',#10248,#8404,#8405);
#6822=AXIS2_PLACEMENT_3D('',#10249,#8406,#8407);
#6823=AXIS2_PLACEMENT_3D('',#10250,#8408,#8409);
#6824=AXIS2_PLACEMENT_3D('',#10251,#8410,#8411);
#6825=AXIS2_PLACEMENT_3D('',#10252,#8412,#8413);
#6826=AXIS2_PLACEMENT_3D('',#10253,#8414,#8415);
#6827=AXIS2_PLACEMENT_3D('',#10254,#8416,#8417);
#6828=AXIS2_PLACEMENT_3D('',#10255,#8418,#8419);
#6829=AXIS2_PLACEMENT_3D('',#10256,#8420,#8421);
#6830=AXIS2_PLACEMENT_3D('',#10257,#8422,#8423);
#6831=AXIS2_PLACEMENT_3D('',#10258,#8424,#8425);
#6832=AXIS2_PLACEMENT_3D('',#10259,#8426,#8427);
#6833=AXIS2_PLACEMENT_3D('',#10260,#8428,#8429);
#6834=AXIS2_PLACEMENT_3D('',#10261,#8430,#8431);
#6835=AXIS2_PLACEMENT_3D('',#10262,#8432,#8433);
#6836=AXIS2_PLACEMENT_3D('',#10263,#8434,#8435);
#6837=AXIS2_PLACEMENT_3D('',#10264,#8436,#8437);
#6838=AXIS2_PLACEMENT_3D('',#10265,#8438,#8439);
#6839=AXIS2_PLACEMENT_3D('',#10266,#8440,#8441);
#6840=AXIS2_PLACEMENT_3D('',#10267,#8442,#8443);
#6841=AXIS2_PLACEMENT_3D('',#10268,#8444,#8445);
#6842=AXIS2_PLACEMENT_3D('',#10269,#8446,#8447);
#6843=AXIS2_PLACEMENT_3D('',#10272,#8450,#8451);
#6844=AXIS2_PLACEMENT_3D('',#10274,#8453,#8454);
#6845=AXIS2_PLACEMENT_3D('',#10276,#8456,#8457);
#6846=AXIS2_PLACEMENT_3D('',#10278,#8459,#8460);
#6847=AXIS2_PLACEMENT_3D('',#10280,#8462,#8463);
#6848=AXIS2_PLACEMENT_3D('',#10282,#8465,#8466);
#6849=AXIS2_PLACEMENT_3D('',#10284,#8468,#8469);
#6850=AXIS2_PLACEMENT_3D('',#10286,#8471,#8472);
#6851=AXIS2_PLACEMENT_3D('',#10288,#8474,#8475);
#6852=AXIS2_PLACEMENT_3D('',#10289,#8476,#8477);
#6853=AXIS2_PLACEMENT_3D('',#10290,#8478,#8479);
#6854=AXIS2_PLACEMENT_3D('',#10291,#8480,#8481);
#6855=AXIS2_PLACEMENT_3D('',#10292,#8482,#8483);
#6856=DIRECTION('',(0.,0.,1.));
#6857=DIRECTION('',(1.,0.,0.));
#6858=DIRECTION('',(0.,0.,1.));
#6859=DIRECTION('',(1.,0.,0.));
#6860=DIRECTION('',(0.,0.,1.));
#6861=DIRECTION('',(1.,0.,0.));
#6862=DIRECTION('',(0.,0.,1.));
#6863=DIRECTION('',(1.,0.,0.));
#6864=DIRECTION('',(-5.78241158658936E-17,1.,0.));
#6865=DIRECTION('',(0.,0.,1.));
#6866=DIRECTION('',(1.,0.,0.));
#6867=DIRECTION('',(-1.,0.,0.));
#6868=DIRECTION('',(0.,0.,1.));
#6869=DIRECTION('',(1.,0.,0.));
#6870=DIRECTION('',(-5.78241158658936E-17,1.,0.));
#6871=DIRECTION('',(0.,0.,1.));
#6872=DIRECTION('',(1.,0.,0.));
#6873=DIRECTION('',(-1.,0.,0.));
#6874=DIRECTION('',(0.,0.,1.));
#6875=DIRECTION('',(1.,0.,0.));
#6876=DIRECTION('',(0.,0.,-1.));
#6877=DIRECTION('',(1.,0.,0.));
#6878=DIRECTION('',(0.,0.,-1.));
#6879=DIRECTION('',(1.,0.,0.));
#6880=DIRECTION('',(5.42101086242707E-17,1.,0.));
#6881=DIRECTION('',(1.,0.,0.));
#6882=DIRECTION('',(1.,0.,0.));
#6883=DIRECTION('',(9.85638338623195E-17,-1.,0.));
#6884=DIRECTION('',(1.,0.,0.));
#6885=DIRECTION('',(-1.,0.,0.));
#6886=DIRECTION('',(5.92923063078014E-17,1.,0.));
#6887=DIRECTION('',(1.,0.,0.));
#6888=DIRECTION('',(1.,0.,0.));
#6889=DIRECTION('',(9.85638338623195E-17,-1.,0.));
#6890=DIRECTION('',(1.,0.,0.));
#6891=DIRECTION('',(-1.,0.,0.));
#6892=DIRECTION('',(5.42101086242707E-17,1.,0.));
#6893=DIRECTION('',(1.,0.,0.));
#6894=DIRECTION('',(0.,1.,0.));
#6895=DIRECTION('',(-1.,0.,0.));
#6896=DIRECTION('',(-1.,0.,0.));
#6897=DIRECTION('',(0.,1.,0.));
#6898=DIRECTION('',(-1.,0.,0.));
#6899=DIRECTION('',(1.,0.,0.));
#6900=DIRECTION('',(0.,1.,0.));
#6901=DIRECTION('',(-1.,0.,0.));
#6902=DIRECTION('',(-1.,0.,0.));
#6903=DIRECTION('',(0.,1.,0.));
#6904=DIRECTION('',(-1.,0.,0.));
#6905=DIRECTION('',(1.,0.,0.));
#6906=DIRECTION('',(0.,1.,0.));
#6907=DIRECTION('',(-1.,0.,0.));
#6908=DIRECTION('',(5.42101086242707E-17,1.,0.));
#6909=DIRECTION('',(1.,0.,0.));
#6910=DIRECTION('',(1.,0.,0.));
#6911=DIRECTION('',(9.85638338623195E-17,-1.,0.));
#6912=DIRECTION('',(1.,0.,0.));
#6913=DIRECTION('',(-1.,0.,0.));
#6914=DIRECTION('',(5.92923063078014E-17,1.,0.));
#6915=DIRECTION('',(1.,0.,0.));
#6916=DIRECTION('',(1.,0.,0.));
#6917=DIRECTION('',(9.85638338623195E-17,-1.,0.));
#6918=DIRECTION('',(1.,0.,0.));
#6919=DIRECTION('',(-1.,0.,0.));
#6920=DIRECTION('',(5.42101086242707E-17,1.,0.));
#6921=DIRECTION('',(1.,0.,0.));
#6922=DIRECTION('',(0.,1.,0.));
#6923=DIRECTION('',(-1.,0.,0.));
#6924=DIRECTION('',(-1.,0.,0.));
#6925=DIRECTION('',(0.,1.,0.));
#6926=DIRECTION('',(-1.,0.,0.));
#6927=DIRECTION('',(1.,0.,0.));
#6928=DIRECTION('',(0.,1.,0.));
#6929=DIRECTION('',(-1.,0.,0.));
#6930=DIRECTION('',(-1.,0.,0.));
#6931=DIRECTION('',(0.,1.,0.));
#6932=DIRECTION('',(-1.,0.,0.));
#6933=DIRECTION('',(1.,0.,0.));
#6934=DIRECTION('',(0.,1.,0.));
#6935=DIRECTION('',(-1.,0.,0.));
#6936=DIRECTION('',(0.,1.,0.));
#6937=DIRECTION('',(1.,0.,0.));
#6938=DIRECTION('',(1.,0.,0.));
#6939=DIRECTION('',(0.,-1.,0.));
#6940=DIRECTION('',(1.,0.,0.));
#6941=DIRECTION('',(-1.,0.,0.));
#6942=DIRECTION('',(0.,1.,0.));
#6943=DIRECTION('',(1.,0.,0.));
#6944=DIRECTION('',(1.,0.,0.));
#6945=DIRECTION('',(0.,-1.,0.));
#6946=DIRECTION('',(1.,0.,0.));
#6947=DIRECTION('',(-1.,0.,0.));
#6948=DIRECTION('',(0.,1.,0.));
#6949=DIRECTION('',(1.,0.,0.));
#6950=DIRECTION('',(0.,1.,0.));
#6951=DIRECTION('',(-1.,0.,0.));
#6952=DIRECTION('',(-1.,0.,0.));
#6953=DIRECTION('',(0.,1.,0.));
#6954=DIRECTION('',(-1.,0.,0.));
#6955=DIRECTION('',(1.,0.,0.));
#6956=DIRECTION('',(0.,1.,0.));
#6957=DIRECTION('',(-1.,0.,0.));
#6958=DIRECTION('',(-1.,0.,0.));
#6959=DIRECTION('',(0.,1.,0.));
#6960=DIRECTION('',(-1.,0.,0.));
#6961=DIRECTION('',(1.,0.,0.));
#6962=DIRECTION('',(0.,1.,0.));
#6963=DIRECTION('',(-1.,0.,0.));
#6964=DIRECTION('',(5.42101086242707E-17,1.,0.));
#6965=DIRECTION('',(1.,0.,0.));
#6966=DIRECTION('',(1.,0.,0.));
#6967=DIRECTION('',(9.85638338623195E-17,-1.,0.));
#6968=DIRECTION('',(1.,0.,0.));
#6969=DIRECTION('',(-1.,0.,0.));
#6970=DIRECTION('',(5.92923063078014E-17,1.,0.));
#6971=DIRECTION('',(1.,0.,0.));
#6972=DIRECTION('',(1.,0.,0.));
#6973=DIRECTION('',(9.85638338623195E-17,-1.,0.));
#6974=DIRECTION('',(1.,0.,0.));
#6975=DIRECTION('',(-1.,0.,0.));
#6976=DIRECTION('',(5.42101086242707E-17,1.,0.));
#6977=DIRECTION('',(1.,0.,0.));
#6978=DIRECTION('',(0.,1.,0.));
#6979=DIRECTION('',(-1.,0.,0.));
#6980=DIRECTION('',(-1.,0.,0.));
#6981=DIRECTION('',(0.,1.,0.));
#6982=DIRECTION('',(-1.,0.,0.));
#6983=DIRECTION('',(1.,0.,0.));
#6984=DIRECTION('',(0.,1.,0.));
#6985=DIRECTION('',(-1.,0.,0.));
#6986=DIRECTION('',(-1.,0.,0.));
#6987=DIRECTION('',(0.,1.,0.));
#6988=DIRECTION('',(-1.,0.,0.));
#6989=DIRECTION('',(1.,0.,0.));
#6990=DIRECTION('',(0.,1.,0.));
#6991=DIRECTION('',(-1.,0.,0.));
#6992=DIRECTION('',(0.,1.,0.));
#6993=DIRECTION('',(1.,0.,0.));
#6994=DIRECTION('',(1.,0.,0.));
#6995=DIRECTION('',(0.,-1.,0.));
#6996=DIRECTION('',(1.,0.,0.));
#6997=DIRECTION('',(-1.,0.,0.));
#6998=DIRECTION('',(0.,1.,0.));
#6999=DIRECTION('',(1.,0.,0.));
#7000=DIRECTION('',(1.,0.,0.));
#7001=DIRECTION('',(0.,-1.,0.));
#7002=DIRECTION('',(1.,0.,0.));
#7003=DIRECTION('',(-1.,0.,0.));
#7004=DIRECTION('',(0.,1.,0.));
#7005=DIRECTION('',(1.,0.,0.));
#7006=DIRECTION('',(0.,1.,0.));
#7007=DIRECTION('',(-1.,0.,0.));
#7008=DIRECTION('',(-1.,0.,0.));
#7009=DIRECTION('',(0.,1.,0.));
#7010=DIRECTION('',(-1.,0.,0.));
#7011=DIRECTION('',(1.,0.,0.));
#7012=DIRECTION('',(0.,1.,0.));
#7013=DIRECTION('',(-1.,0.,0.));
#7014=DIRECTION('',(-1.,0.,0.));
#7015=DIRECTION('',(0.,1.,0.));
#7016=DIRECTION('',(-1.,0.,0.));
#7017=DIRECTION('',(1.,0.,0.));
#7018=DIRECTION('',(0.,1.,0.));
#7019=DIRECTION('',(-1.,0.,0.));
#7020=DIRECTION('',(2.95607522177247E-16,1.,0.));
#7021=DIRECTION('',(-1.,0.,0.));
#7022=DIRECTION('',(2.95607522177247E-16,1.,0.));
#7023=DIRECTION('',(-1.,1.51504233709765E-16,0.));
#7024=DIRECTION('',(0.,0.,1.));
#7025=DIRECTION('',(1.,0.,0.));
#7026=DIRECTION('',(0.,0.,1.));
#7027=DIRECTION('',(-0.999999866527787,0.00051666663218597,0.));
#7028=DIRECTION('',(0.,0.,1.));
#7029=DIRECTION('',(1.,0.,0.));
#7030=DIRECTION('',(-2.95607522177247E-16,-1.,0.));
#7031=DIRECTION('',(1.,-1.51504233709765E-16,0.));
#7032=DIRECTION('',(-2.95607522177247E-16,-1.,0.));
#7033=DIRECTION('',(1.,0.,0.));
#7034=DIRECTION('',(1.,0.,0.));
#7035=DIRECTION('',(5.78241158658936E-17,-1.,0.));
#7036=DIRECTION('',(1.,0.,0.));
#7037=DIRECTION('',(5.78241158658936E-17,-1.,0.));
#7038=DIRECTION('',(-1.,0.,0.));
#7039=DIRECTION('',(0.,-1.,0.));
#7040=DIRECTION('',(1.,0.,0.));
#7041=DIRECTION('',(0.,-1.,0.));
#7042=DIRECTION('',(-1.,0.,0.));
#7043=DIRECTION('',(-1.,0.,0.));
#7044=DIRECTION('',(0.,-1.,0.));
#7045=DIRECTION('',(1.,0.,0.));
#7046=DIRECTION('',(1.,0.,0.));
#7047=DIRECTION('',(0.,-1.,0.));
#7048=DIRECTION('',(-1.,0.,0.));
#7049=DIRECTION('',(-1.,0.,0.));
#7050=DIRECTION('',(0.,-1.,0.));
#7051=DIRECTION('',(1.,0.,0.));
#7052=DIRECTION('',(1.,0.,0.));
#7053=DIRECTION('',(0.,-1.,0.));
#7054=DIRECTION('',(-1.,0.,0.));
#7055=DIRECTION('',(0.,-1.,0.));
#7056=DIRECTION('',(1.,0.,0.));
#7057=DIRECTION('',(1.,0.,0.));
#7058=DIRECTION('',(0.,1.,0.));
#7059=DIRECTION('',(-1.,0.,0.));
#7060=DIRECTION('',(-1.,0.,0.));
#7061=DIRECTION('',(0.,-1.,0.));
#7062=DIRECTION('',(1.,0.,0.));
#7063=DIRECTION('',(1.,0.,0.));
#7064=DIRECTION('',(0.,1.,0.));
#7065=DIRECTION('',(-1.,0.,0.));
#7066=DIRECTION('',(-1.,0.,0.));
#7067=DIRECTION('',(-5.42101086242707E-17,-1.,0.));
#7068=DIRECTION('',(1.,0.,0.));
#7069=DIRECTION('',(0.,-1.,0.));
#7070=DIRECTION('',(-1.,0.,0.));
#7071=DIRECTION('',(-1.,0.,0.));
#7072=DIRECTION('',(0.,-1.,0.));
#7073=DIRECTION('',(1.,0.,0.));
#7074=DIRECTION('',(1.,0.,0.));
#7075=DIRECTION('',(0.,-1.,0.));
#7076=DIRECTION('',(-1.,0.,0.));
#7077=DIRECTION('',(-1.,0.,0.));
#7078=DIRECTION('',(0.,-1.,0.));
#7079=DIRECTION('',(1.,0.,0.));
#7080=DIRECTION('',(1.,0.,0.));
#7081=DIRECTION('',(0.,-1.,0.));
#7082=DIRECTION('',(-1.,0.,0.));
#7083=DIRECTION('',(-5.42101086242707E-17,-1.,0.));
#7084=DIRECTION('',(1.,0.,0.));
#7085=DIRECTION('',(1.,0.,0.));
#7086=DIRECTION('',(-9.85638338623195E-17,1.,0.));
#7087=DIRECTION('',(-1.,0.,0.));
#7088=DIRECTION('',(-1.,0.,0.));
#7089=DIRECTION('',(-5.92923063078014E-17,-1.,0.));
#7090=DIRECTION('',(1.,0.,0.));
#7091=DIRECTION('',(1.,0.,0.));
#7092=DIRECTION('',(-9.85638338623195E-17,1.,0.));
#7093=DIRECTION('',(-1.,0.,0.));
#7094=DIRECTION('',(-1.,0.,0.));
#7095=DIRECTION('',(0.,-1.,0.));
#7096=DIRECTION('',(1.,0.,0.));
#7097=DIRECTION('',(0.,-1.,0.));
#7098=DIRECTION('',(-1.,0.,0.));
#7099=DIRECTION('',(-1.,0.,0.));
#7100=DIRECTION('',(0.,-1.,0.));
#7101=DIRECTION('',(1.,0.,0.));
#7102=DIRECTION('',(1.,0.,0.));
#7103=DIRECTION('',(0.,-1.,0.));
#7104=DIRECTION('',(-1.,0.,0.));
#7105=DIRECTION('',(-1.,0.,0.));
#7106=DIRECTION('',(0.,-1.,0.));
#7107=DIRECTION('',(1.,0.,0.));
#7108=DIRECTION('',(1.,0.,0.));
#7109=DIRECTION('',(0.,-1.,0.));
#7110=DIRECTION('',(-1.,0.,0.));
#7111=DIRECTION('',(0.,-1.,0.));
#7112=DIRECTION('',(1.,0.,0.));
#7113=DIRECTION('',(1.,0.,0.));
#7114=DIRECTION('',(0.,1.,0.));
#7115=DIRECTION('',(-1.,0.,0.));
#7116=DIRECTION('',(-1.,0.,0.));
#7117=DIRECTION('',(0.,-1.,0.));
#7118=DIRECTION('',(1.,0.,0.));
#7119=DIRECTION('',(1.,0.,0.));
#7120=DIRECTION('',(0.,1.,0.));
#7121=DIRECTION('',(-1.,0.,0.));
#7122=DIRECTION('',(-1.,0.,0.));
#7123=DIRECTION('',(-5.42101086242707E-17,-1.,0.));
#7124=DIRECTION('',(1.,0.,0.));
#7125=DIRECTION('',(0.,-1.,0.));
#7126=DIRECTION('',(-1.,0.,0.));
#7127=DIRECTION('',(-1.,0.,0.));
#7128=DIRECTION('',(0.,-1.,0.));
#7129=DIRECTION('',(1.,0.,0.));
#7130=DIRECTION('',(1.,0.,0.));
#7131=DIRECTION('',(0.,-1.,0.));
#7132=DIRECTION('',(-1.,0.,0.));
#7133=DIRECTION('',(-1.,0.,0.));
#7134=DIRECTION('',(0.,-1.,0.));
#7135=DIRECTION('',(1.,0.,0.));
#7136=DIRECTION('',(1.,0.,0.));
#7137=DIRECTION('',(0.,-1.,0.));
#7138=DIRECTION('',(-1.,0.,0.));
#7139=DIRECTION('',(-5.42101086242707E-17,-1.,0.));
#7140=DIRECTION('',(1.,0.,0.));
#7141=DIRECTION('',(1.,0.,0.));
#7142=DIRECTION('',(-9.85638338623195E-17,1.,0.));
#7143=DIRECTION('',(-1.,0.,0.));
#7144=DIRECTION('',(-1.,0.,0.));
#7145=DIRECTION('',(-5.92923063078014E-17,-1.,0.));
#7146=DIRECTION('',(1.,0.,0.));
#7147=DIRECTION('',(1.,0.,0.));
#7148=DIRECTION('',(-9.85638338623195E-17,1.,0.));
#7149=DIRECTION('',(-1.,0.,0.));
#7150=DIRECTION('',(-1.,0.,0.));
#7151=DIRECTION('',(-5.42101086242707E-17,-1.,0.));
#7152=DIRECTION('',(1.,0.,0.));
#7153=DIRECTION('',(0.,-1.,0.));
#7154=DIRECTION('',(-1.,0.,0.));
#7155=DIRECTION('',(-1.,0.,0.));
#7156=DIRECTION('',(0.,-1.,0.));
#7157=DIRECTION('',(1.,0.,0.));
#7158=DIRECTION('',(1.,0.,0.));
#7159=DIRECTION('',(0.,-1.,0.));
#7160=DIRECTION('',(-1.,0.,0.));
#7161=DIRECTION('',(-1.,0.,0.));
#7162=DIRECTION('',(0.,-1.,0.));
#7163=DIRECTION('',(1.,0.,0.));
#7164=DIRECTION('',(1.,0.,0.));
#7165=DIRECTION('',(0.,-1.,0.));
#7166=DIRECTION('',(-1.,0.,0.));
#7167=DIRECTION('',(-5.42101086242707E-17,-1.,0.));
#7168=DIRECTION('',(1.,0.,0.));
#7169=DIRECTION('',(1.,0.,0.));
#7170=DIRECTION('',(-9.85638338623195E-17,1.,0.));
#7171=DIRECTION('',(-1.,0.,0.));
#7172=DIRECTION('',(-1.,0.,0.));
#7173=DIRECTION('',(-5.92923063078014E-17,-1.,0.));
#7174=DIRECTION('',(1.,0.,0.));
#7175=DIRECTION('',(1.,0.,0.));
#7176=DIRECTION('',(-9.85638338623195E-17,1.,0.));
#7177=DIRECTION('',(-1.,0.,0.));
#7178=DIRECTION('',(0.,1.,0.));
#7179=DIRECTION('',(0.,0.,1.));
#7180=DIRECTION('',(0.,0.,-1.));
#7181=DIRECTION('',(0.,0.,-1.));
#7182=DIRECTION('',(0.,1.,0.));
#7183=DIRECTION('',(0.,0.,1.));
#7184=DIRECTION('',(0.,0.,-1.));
#7185=DIRECTION('',(0.,0.,-1.));
#7186=DIRECTION('',(0.,-1.,0.));
#7187=DIRECTION('',(0.,0.,-1.));
#7188=DIRECTION('',(0.,0.,-1.));
#7189=DIRECTION('',(0.,0.,-1.));
#7190=DIRECTION('',(0.,-1.,0.));
#7191=DIRECTION('',(0.,0.,-1.));
#7192=DIRECTION('',(0.,0.,-1.));
#7193=DIRECTION('',(0.,0.,-1.));
#7194=DIRECTION('',(0.,1.,0.));
#7195=DIRECTION('',(0.,0.,1.));
#7196=DIRECTION('',(0.,0.,-1.));
#7197=DIRECTION('',(0.,0.,-1.));
#7198=DIRECTION('',(0.,1.,0.));
#7199=DIRECTION('',(0.,0.,1.));
#7200=DIRECTION('',(0.,0.,-1.));
#7201=DIRECTION('',(0.,0.,-1.));
#7202=DIRECTION('',(0.,-1.,0.));
#7203=DIRECTION('',(0.,0.,-1.));
#7204=DIRECTION('',(0.,0.,-1.));
#7205=DIRECTION('',(0.,0.,-1.));
#7206=DIRECTION('',(0.,-1.,0.));
#7207=DIRECTION('',(0.,0.,-1.));
#7208=DIRECTION('',(0.,0.,-1.));
#7209=DIRECTION('',(0.,0.,-1.));
#7210=DIRECTION('',(0.,1.,0.));
#7211=DIRECTION('',(0.,0.,1.));
#7212=DIRECTION('',(0.,0.,-1.));
#7213=DIRECTION('',(0.,0.,-1.));
#7214=DIRECTION('',(0.,1.,0.));
#7215=DIRECTION('',(0.,0.,1.));
#7216=DIRECTION('',(0.,0.,-1.));
#7217=DIRECTION('',(0.,0.,-1.));
#7218=DIRECTION('',(0.,-1.,0.));
#7219=DIRECTION('',(0.,0.,-1.));
#7220=DIRECTION('',(0.,0.,-1.));
#7221=DIRECTION('',(0.,0.,-1.));
#7222=DIRECTION('',(0.,-1.,0.));
#7223=DIRECTION('',(0.,0.,-1.));
#7224=DIRECTION('',(0.,0.,-1.));
#7225=DIRECTION('',(0.,0.,-1.));
#7226=DIRECTION('',(0.,1.,0.));
#7227=DIRECTION('',(0.,0.,1.));
#7228=DIRECTION('',(0.,0.,-1.));
#7229=DIRECTION('',(0.,0.,-1.));
#7230=DIRECTION('',(0.,1.,0.));
#7231=DIRECTION('',(0.,0.,1.));
#7232=DIRECTION('',(0.,0.,-1.));
#7233=DIRECTION('',(0.,0.,-1.));
#7234=DIRECTION('',(0.,-1.,0.));
#7235=DIRECTION('',(0.,0.,-1.));
#7236=DIRECTION('',(0.,0.,-1.));
#7237=DIRECTION('',(0.,0.,-1.));
#7238=DIRECTION('',(0.,-1.,0.));
#7239=DIRECTION('',(0.,0.,-1.));
#7240=DIRECTION('',(0.,0.,-1.));
#7241=DIRECTION('',(0.,0.,-1.));
#7242=DIRECTION('',(0.,1.,0.));
#7243=DIRECTION('',(0.,0.,1.));
#7244=DIRECTION('',(0.,0.,-1.));
#7245=DIRECTION('',(0.,0.,-1.));
#7246=DIRECTION('',(0.,1.,0.));
#7247=DIRECTION('',(0.,0.,1.));
#7248=DIRECTION('',(0.,0.,-1.));
#7249=DIRECTION('',(0.,0.,-1.));
#7250=DIRECTION('',(0.,-1.,0.));
#7251=DIRECTION('',(0.,0.,-1.));
#7252=DIRECTION('',(0.,0.,-1.));
#7253=DIRECTION('',(0.,0.,-1.));
#7254=DIRECTION('',(0.,-1.,0.));
#7255=DIRECTION('',(0.,0.,-1.));
#7256=DIRECTION('',(0.,0.,-1.));
#7257=DIRECTION('',(0.,0.,-1.));
#7258=DIRECTION('',(0.,0.,1.));
#7259=DIRECTION('',(1.,0.,0.));
#7260=DIRECTION('',(0.,0.,-1.));
#7261=DIRECTION('',(-1.,0.,0.));
#7262=DIRECTION('',(0.,0.,-1.));
#7263=DIRECTION('',(-1.,0.,0.));
#7264=DIRECTION('',(0.,0.,1.));
#7265=DIRECTION('',(1.,0.,0.));
#7266=DIRECTION('',(0.,0.,-1.));
#7267=DIRECTION('',(1.,0.,0.));
#7268=DIRECTION('',(0.,0.,-1.));
#7269=DIRECTION('',(1.,0.,0.));
#7270=DIRECTION('',(0.,0.,1.));
#7271=DIRECTION('',(1.,0.,0.));
#7272=DIRECTION('',(0.,0.,-1.));
#7273=DIRECTION('',(-1.,0.,0.));
#7274=DIRECTION('',(0.,0.,-1.));
#7275=DIRECTION('',(-1.,0.,0.));
#7276=DIRECTION('',(0.,0.,1.));
#7277=DIRECTION('',(1.,0.,0.));
#7278=DIRECTION('',(0.,0.,-1.));
#7279=DIRECTION('',(1.,0.,0.));
#7280=DIRECTION('',(0.,0.,-1.));
#7281=DIRECTION('',(1.,0.,0.));
#7282=DIRECTION('',(0.,0.,1.));
#7283=DIRECTION('',(1.,0.,0.));
#7284=DIRECTION('',(0.,0.,1.));
#7285=DIRECTION('',(1.,0.,0.));
#7286=DIRECTION('',(0.,1.,0.));
#7287=DIRECTION('',(0.,0.,1.));
#7288=DIRECTION('',(0.,0.,-1.));
#7289=DIRECTION('',(0.,0.,-1.));
#7290=DIRECTION('',(-1.,5.42101086242707E-17,0.));
#7291=DIRECTION('',(-5.42101086242707E-17,-1.,0.));
#7292=DIRECTION('',(0.,0.,-1.));
#7293=DIRECTION('',(0.,-1.,0.));
#7294=DIRECTION('',(0.,0.,-1.));
#7295=DIRECTION('',(0.,0.,-1.));
#7296=DIRECTION('',(-1.,0.,0.));
#7297=DIRECTION('',(0.,0.,1.));
#7298=DIRECTION('',(0.,-1.,0.));
#7299=DIRECTION('',(0.,0.,-1.));
#7300=DIRECTION('',(0.,0.,-1.));
#7301=DIRECTION('',(0.,0.,-1.));
#7302=DIRECTION('',(-1.,0.,0.));
#7303=DIRECTION('',(0.,0.,1.));
#7304=DIRECTION('',(0.,-1.,0.));
#7305=DIRECTION('',(0.,0.,-1.));
#7306=DIRECTION('',(0.,0.,-1.));
#7307=DIRECTION('',(0.,0.,-1.));
#7308=DIRECTION('',(-1.,0.,0.));
#7309=DIRECTION('',(0.,0.,1.));
#7310=DIRECTION('',(0.,0.,-1.));
#7311=DIRECTION('',(0.,1.,0.));
#7312=DIRECTION('',(0.,0.,1.));
#7313=DIRECTION('',(0.,0.,-1.));
#7314=DIRECTION('',(-1.,5.42101086242707E-17,0.));
#7315=DIRECTION('',(-5.42101086242707E-17,-1.,0.));
#7316=DIRECTION('',(0.,1.,0.));
#7317=DIRECTION('',(0.,0.,1.));
#7318=DIRECTION('',(0.,0.,-1.));
#7319=DIRECTION('',(0.,0.,-1.));
#7320=DIRECTION('',(-1.,5.92923063078014E-17,0.));
#7321=DIRECTION('',(-5.92923063078014E-17,-1.,0.));
#7322=DIRECTION('',(0.,1.,0.));
#7323=DIRECTION('',(0.,0.,1.));
#7324=DIRECTION('',(0.,0.,-1.));
#7325=DIRECTION('',(0.,0.,-1.));
#7326=DIRECTION('',(-1.,5.42101086242707E-17,0.));
#7327=DIRECTION('',(-5.42101086242707E-17,-1.,0.));
#7328=DIRECTION('',(0.,0.,-1.));
#7329=DIRECTION('',(0.,-1.,0.));
#7330=DIRECTION('',(0.,0.,-1.));
#7331=DIRECTION('',(0.,0.,-1.));
#7332=DIRECTION('',(-1.,0.,0.));
#7333=DIRECTION('',(0.,0.,1.));
#7334=DIRECTION('',(0.,-1.,0.));
#7335=DIRECTION('',(0.,0.,-1.));
#7336=DIRECTION('',(0.,0.,-1.));
#7337=DIRECTION('',(0.,0.,-1.));
#7338=DIRECTION('',(-1.,0.,0.));
#7339=DIRECTION('',(0.,0.,1.));
#7340=DIRECTION('',(0.,-1.,0.));
#7341=DIRECTION('',(0.,0.,-1.));
#7342=DIRECTION('',(0.,0.,-1.));
#7343=DIRECTION('',(0.,0.,-1.));
#7344=DIRECTION('',(-1.,0.,0.));
#7345=DIRECTION('',(0.,0.,1.));
#7346=DIRECTION('',(0.,0.,-1.));
#7347=DIRECTION('',(0.,1.,0.));
#7348=DIRECTION('',(0.,0.,1.));
#7349=DIRECTION('',(0.,0.,-1.));
#7350=DIRECTION('',(-1.,5.42101086242707E-17,0.));
#7351=DIRECTION('',(-5.42101086242707E-17,-1.,0.));
#7352=DIRECTION('',(0.,1.,0.));
#7353=DIRECTION('',(0.,0.,1.));
#7354=DIRECTION('',(0.,0.,-1.));
#7355=DIRECTION('',(0.,0.,-1.));
#7356=DIRECTION('',(-1.,5.92923063078014E-17,0.));
#7357=DIRECTION('',(-5.92923063078014E-17,-1.,0.));
#7358=DIRECTION('',(0.,1.,0.));
#7359=DIRECTION('',(0.,0.,1.));
#7360=DIRECTION('',(0.,0.,-1.));
#7361=DIRECTION('',(0.,0.,-1.));
#7362=DIRECTION('',(-1.,0.,0.));
#7363=DIRECTION('',(0.,0.,1.));
#7364=DIRECTION('',(0.,0.,-1.));
#7365=DIRECTION('',(0.,-1.,0.));
#7366=DIRECTION('',(0.,0.,-1.));
#7367=DIRECTION('',(0.,0.,-1.));
#7368=DIRECTION('',(-1.,0.,0.));
#7369=DIRECTION('',(0.,0.,1.));
#7370=DIRECTION('',(0.,-1.,0.));
#7371=DIRECTION('',(0.,0.,-1.));
#7372=DIRECTION('',(0.,0.,-1.));
#7373=DIRECTION('',(0.,0.,-1.));
#7374=DIRECTION('',(-1.,0.,0.));
#7375=DIRECTION('',(0.,0.,1.));
#7376=DIRECTION('',(0.,-1.,0.));
#7377=DIRECTION('',(0.,0.,-1.));
#7378=DIRECTION('',(0.,0.,-1.));
#7379=DIRECTION('',(0.,0.,-1.));
#7380=DIRECTION('',(-1.,0.,0.));
#7381=DIRECTION('',(0.,0.,1.));
#7382=DIRECTION('',(0.,0.,-1.));
#7383=DIRECTION('',(0.,1.,0.));
#7384=DIRECTION('',(0.,0.,1.));
#7385=DIRECTION('',(0.,0.,-1.));
#7386=DIRECTION('',(-1.,0.,0.));
#7387=DIRECTION('',(0.,0.,1.));
#7388=DIRECTION('',(0.,1.,0.));
#7389=DIRECTION('',(0.,0.,1.));
#7390=DIRECTION('',(0.,0.,-1.));
#7391=DIRECTION('',(0.,0.,-1.));
#7392=DIRECTION('',(-1.,0.,0.));
#7393=DIRECTION('',(0.,0.,1.));
#7394=DIRECTION('',(0.,1.,0.));
#7395=DIRECTION('',(0.,0.,1.));
#7396=DIRECTION('',(0.,0.,-1.));
#7397=DIRECTION('',(0.,0.,-1.));
#7398=DIRECTION('',(-1.,5.42101086242707E-17,0.));
#7399=DIRECTION('',(-5.42101086242707E-17,-1.,0.));
#7400=DIRECTION('',(0.,0.,-1.));
#7401=DIRECTION('',(0.,-1.,0.));
#7402=DIRECTION('',(0.,0.,-1.));
#7403=DIRECTION('',(0.,0.,-1.));
#7404=DIRECTION('',(-1.,0.,0.));
#7405=DIRECTION('',(0.,0.,1.));
#7406=DIRECTION('',(0.,-1.,0.));
#7407=DIRECTION('',(0.,0.,-1.));
#7408=DIRECTION('',(0.,0.,-1.));
#7409=DIRECTION('',(0.,0.,-1.));
#7410=DIRECTION('',(-1.,0.,0.));
#7411=DIRECTION('',(0.,0.,1.));
#7412=DIRECTION('',(0.,-1.,0.));
#7413=DIRECTION('',(0.,0.,-1.));
#7414=DIRECTION('',(0.,0.,-1.));
#7415=DIRECTION('',(0.,0.,-1.));
#7416=DIRECTION('',(-1.,0.,0.));
#7417=DIRECTION('',(0.,0.,1.));
#7418=DIRECTION('',(0.,0.,-1.));
#7419=DIRECTION('',(0.,1.,0.));
#7420=DIRECTION('',(0.,0.,1.));
#7421=DIRECTION('',(0.,0.,-1.));
#7422=DIRECTION('',(-1.,5.42101086242707E-17,0.));
#7423=DIRECTION('',(-5.42101086242707E-17,-1.,0.));
#7424=DIRECTION('',(0.,1.,0.));
#7425=DIRECTION('',(0.,0.,1.));
#7426=DIRECTION('',(0.,0.,-1.));
#7427=DIRECTION('',(0.,0.,-1.));
#7428=DIRECTION('',(-1.,5.92923063078014E-17,0.));
#7429=DIRECTION('',(-5.92923063078014E-17,-1.,0.));
#7430=DIRECTION('',(0.,1.,0.));
#7431=DIRECTION('',(0.,0.,1.));
#7432=DIRECTION('',(0.,0.,-1.));
#7433=DIRECTION('',(0.,0.,-1.));
#7434=DIRECTION('',(-1.,0.,0.));
#7435=DIRECTION('',(0.,0.,1.));
#7436=DIRECTION('',(0.,0.,-1.));
#7437=DIRECTION('',(0.,-1.,0.));
#7438=DIRECTION('',(0.,0.,-1.));
#7439=DIRECTION('',(0.,0.,-1.));
#7440=DIRECTION('',(-1.,0.,0.));
#7441=DIRECTION('',(0.,0.,1.));
#7442=DIRECTION('',(0.,-1.,0.));
#7443=DIRECTION('',(0.,0.,-1.));
#7444=DIRECTION('',(0.,0.,-1.));
#7445=DIRECTION('',(0.,0.,-1.));
#7446=DIRECTION('',(-1.,0.,0.));
#7447=DIRECTION('',(0.,0.,1.));
#7448=DIRECTION('',(0.,-1.,0.));
#7449=DIRECTION('',(0.,0.,-1.));
#7450=DIRECTION('',(0.,0.,-1.));
#7451=DIRECTION('',(0.,0.,-1.));
#7452=DIRECTION('',(-1.,0.,0.));
#7453=DIRECTION('',(0.,0.,1.));
#7454=DIRECTION('',(0.,0.,-1.));
#7455=DIRECTION('',(0.,1.,0.));
#7456=DIRECTION('',(0.,0.,1.));
#7457=DIRECTION('',(0.,0.,-1.));
#7458=DIRECTION('',(-1.,0.,0.));
#7459=DIRECTION('',(0.,0.,1.));
#7460=DIRECTION('',(0.,1.,0.));
#7461=DIRECTION('',(0.,0.,1.));
#7462=DIRECTION('',(0.,0.,-1.));
#7463=DIRECTION('',(0.,0.,-1.));
#7464=DIRECTION('',(-1.,0.,0.));
#7465=DIRECTION('',(0.,0.,1.));
#7466=DIRECTION('',(-1.,0.,0.));
#7467=DIRECTION('',(0.,0.,1.));
#7468=DIRECTION('',(0.,0.,-1.));
#7469=DIRECTION('',(0.,0.,-1.));
#7470=DIRECTION('',(0.,1.,0.));
#7471=DIRECTION('',(-1.,0.,0.));
#7472=DIRECTION('',(0.,0.,1.));
#7473=DIRECTION('',(0.,0.,-1.));
#7474=DIRECTION('',(0.,0.,-1.));
#7475=DIRECTION('',(0.,1.,0.));
#7476=DIRECTION('',(1.,9.85638338623195E-17,0.));
#7477=DIRECTION('',(-9.85638338623195E-17,1.,0.));
#7478=DIRECTION('',(0.,0.,-1.));
#7479=DIRECTION('',(0.,0.,-1.));
#7480=DIRECTION('',(9.85638338623195E-17,-1.,0.));
#7481=DIRECTION('',(1.,9.85638338623195E-17,0.));
#7482=DIRECTION('',(-9.85638338623195E-17,1.,0.));
#7483=DIRECTION('',(0.,0.,-1.));
#7484=DIRECTION('',(0.,0.,-1.));
#7485=DIRECTION('',(9.85638338623195E-17,-1.,0.));
#7486=DIRECTION('',(0.,1.,0.));
#7487=DIRECTION('',(0.,0.,1.));
#7488=DIRECTION('',(0.,0.,-1.));
#7489=DIRECTION('',(1.,0.,0.));
#7490=DIRECTION('',(0.,0.,-1.));
#7491=DIRECTION('',(0.,1.,0.));
#7492=DIRECTION('',(0.,0.,1.));
#7493=DIRECTION('',(0.,0.,-1.));
#7494=DIRECTION('',(1.,0.,0.));
#7495=DIRECTION('',(0.,0.,-1.));
#7496=DIRECTION('',(0.,-1.,0.));
#7497=DIRECTION('',(0.,0.,-1.));
#7498=DIRECTION('',(0.,0.,-1.));
#7499=DIRECTION('',(-1.,0.,0.));
#7500=DIRECTION('',(0.,0.,-1.));
#7501=DIRECTION('',(0.,1.,0.));
#7502=DIRECTION('',(0.,0.,1.));
#7503=DIRECTION('',(0.,0.,-1.));
#7504=DIRECTION('',(1.,0.,0.));
#7505=DIRECTION('',(0.,0.,-1.));
#7506=DIRECTION('',(0.,-1.,0.));
#7507=DIRECTION('',(0.,0.,-1.));
#7508=DIRECTION('',(0.,0.,-1.));
#7509=DIRECTION('',(-1.,0.,0.));
#7510=DIRECTION('',(0.,0.,-1.));
#7511=DIRECTION('',(0.,-1.,0.));
#7512=DIRECTION('',(0.,0.,-1.));
#7513=DIRECTION('',(0.,0.,-1.));
#7514=DIRECTION('',(-1.,0.,0.));
#7515=DIRECTION('',(0.,0.,-1.));
#7516=DIRECTION('',(0.,1.,0.));
#7517=DIRECTION('',(0.,0.,1.));
#7518=DIRECTION('',(0.,0.,-1.));
#7519=DIRECTION('',(1.,0.,0.));
#7520=DIRECTION('',(0.,0.,-1.));
#7521=DIRECTION('',(0.,-1.,0.));
#7522=DIRECTION('',(0.,0.,-1.));
#7523=DIRECTION('',(0.,0.,-1.));
#7524=DIRECTION('',(-1.,0.,0.));
#7525=DIRECTION('',(0.,0.,-1.));
#7526=DIRECTION('',(1.,9.85638338623195E-17,0.));
#7527=DIRECTION('',(-9.85638338623195E-17,1.,0.));
#7528=DIRECTION('',(9.85638338623195E-17,-1.,0.));
#7529=DIRECTION('',(0.,1.,0.));
#7530=DIRECTION('',(0.,0.,1.));
#7531=DIRECTION('',(0.,0.,-1.));
#7532=DIRECTION('',(1.,0.,0.));
#7533=DIRECTION('',(-1.,9.03501810404603E-17,0.));
#7534=DIRECTION('',(-9.03501810404603E-17,-1.,0.));
#7535=DIRECTION('',(9.03501810404603E-17,1.,0.));
#7536=DIRECTION('',(9.03501810404603E-17,1.,0.));
#7537=DIRECTION('',(0.,0.,-1.));
#7538=DIRECTION('',(0.,-1.,0.));
#7539=DIRECTION('',(0.,0.,-1.));
#7540=DIRECTION('',(-1.,0.,0.));
#7541=DIRECTION('',(-1.,0.,0.));
#7542=DIRECTION('',(0.,0.,-1.));
#7543=DIRECTION('',(-1.,0.,0.));
#7544=DIRECTION('',(0.,0.,1.));
#7545=DIRECTION('',(0.,1.,0.));
#7546=DIRECTION('',(0.,1.,0.));
#7547=DIRECTION('',(0.,0.,-1.));
#7548=DIRECTION('',(0.,1.,0.));
#7549=DIRECTION('',(0.,0.,1.));
#7550=DIRECTION('',(1.,0.,0.));
#7551=DIRECTION('',(-1.,0.,0.));
#7552=DIRECTION('',(0.,0.,1.));
#7553=DIRECTION('',(0.,1.,0.));
#7554=DIRECTION('',(0.,-1.,0.));
#7555=DIRECTION('',(0.,0.,-1.));
#7556=DIRECTION('',(0.,0.,-1.));
#7557=DIRECTION('',(-1.,0.,0.));
#7558=DIRECTION('',(-1.,0.,0.));
#7559=DIRECTION('',(0.,0.,1.));
#7560=DIRECTION('',(0.,1.,0.));
#7561=DIRECTION('',(0.,1.,0.));
#7562=DIRECTION('',(0.,0.,-1.));
#7563=DIRECTION('',(0.,1.,0.));
#7564=DIRECTION('',(0.,0.,1.));
#7565=DIRECTION('',(1.,0.,0.));
#7566=DIRECTION('',(-1.,0.,0.));
#7567=DIRECTION('',(0.,0.,1.));
#7568=DIRECTION('',(0.,1.,0.));
#7569=DIRECTION('',(0.,-1.,0.));
#7570=DIRECTION('',(0.,0.,-1.));
#7571=DIRECTION('',(0.,0.,-1.));
#7572=DIRECTION('',(-1.,0.,0.));
#7573=DIRECTION('',(-1.,0.,0.));
#7574=DIRECTION('',(0.,0.,1.));
#7575=DIRECTION('',(0.,1.,0.));
#7576=DIRECTION('',(0.,1.,0.));
#7577=DIRECTION('',(0.,0.,-1.));
#7578=DIRECTION('',(0.,1.,0.));
#7579=DIRECTION('',(0.,0.,1.));
#7580=DIRECTION('',(1.,0.,0.));
#7581=DIRECTION('',(1.,0.,0.));
#7582=DIRECTION('',(0.,0.,-1.));
#7583=DIRECTION('',(-1.,9.03501810404603E-17,0.));
#7584=DIRECTION('',(-9.03501810404603E-17,-1.,0.));
#7585=DIRECTION('',(9.03501810404603E-17,1.,0.));
#7586=DIRECTION('',(9.03501810404603E-17,1.,0.));
#7587=DIRECTION('',(0.,0.,-1.));
#7588=DIRECTION('',(0.,-1.,0.));
#7589=DIRECTION('',(0.,0.,-1.));
#7590=DIRECTION('',(-1.,0.,0.));
#7591=DIRECTION('',(1.,9.85638338623195E-17,0.));
#7592=DIRECTION('',(-9.85638338623195E-17,1.,0.));
#7593=DIRECTION('',(9.85638338623195E-17,-1.,0.));
#7594=DIRECTION('',(0.,1.,0.));
#7595=DIRECTION('',(0.,0.,1.));
#7596=DIRECTION('',(0.,0.,-1.));
#7597=DIRECTION('',(1.,0.,0.));
#7598=DIRECTION('',(-1.,6.77626357803444E-17,0.));
#7599=DIRECTION('',(-6.77626357803444E-17,-1.,0.));
#7600=DIRECTION('',(6.77626357803444E-17,1.,0.));
#7601=DIRECTION('',(6.77626357803444E-17,1.,0.));
#7602=DIRECTION('',(0.,0.,-1.));
#7603=DIRECTION('',(0.,-1.,0.));
#7604=DIRECTION('',(0.,0.,-1.));
#7605=DIRECTION('',(-1.,0.,0.));
#7606=DIRECTION('',(0.,0.,-1.));
#7607=DIRECTION('',(1.,0.,0.));
#7608=DIRECTION('',(0.,0.,-1.));
#7609=DIRECTION('',(1.,0.,0.));
#7610=DIRECTION('',(-1.,0.,0.));
#7611=DIRECTION('',(0.,0.,1.));
#7612=DIRECTION('',(0.,0.,-1.));
#7613=DIRECTION('',(0.,0.,-1.));
#7614=DIRECTION('',(0.,1.,0.));
#7615=DIRECTION('',(-1.,0.,0.));
#7616=DIRECTION('',(0.,0.,1.));
#7617=DIRECTION('',(0.,0.,-1.));
#7618=DIRECTION('',(0.,0.,-1.));
#7619=DIRECTION('',(0.,1.,0.));
#7620=DIRECTION('',(1.,9.85638338623195E-17,0.));
#7621=DIRECTION('',(-9.85638338623195E-17,1.,0.));
#7622=DIRECTION('',(0.,0.,-1.));
#7623=DIRECTION('',(0.,0.,-1.));
#7624=DIRECTION('',(9.85638338623195E-17,-1.,0.));
#7625=DIRECTION('',(1.,9.85638338623195E-17,0.));
#7626=DIRECTION('',(-9.85638338623195E-17,1.,0.));
#7627=DIRECTION('',(0.,0.,-1.));
#7628=DIRECTION('',(0.,0.,-1.));
#7629=DIRECTION('',(9.85638338623195E-17,-1.,0.));
#7630=DIRECTION('',(0.,1.,0.));
#7631=DIRECTION('',(0.,0.,1.));
#7632=DIRECTION('',(0.,0.,-1.));
#7633=DIRECTION('',(1.,0.,0.));
#7634=DIRECTION('',(0.,0.,-1.));
#7635=DIRECTION('',(0.,1.,0.));
#7636=DIRECTION('',(0.,0.,1.));
#7637=DIRECTION('',(0.,0.,-1.));
#7638=DIRECTION('',(1.,0.,0.));
#7639=DIRECTION('',(0.,0.,-1.));
#7640=DIRECTION('',(0.,-1.,0.));
#7641=DIRECTION('',(0.,0.,-1.));
#7642=DIRECTION('',(0.,0.,-1.));
#7643=DIRECTION('',(-1.,0.,0.));
#7644=DIRECTION('',(0.,0.,-1.));
#7645=DIRECTION('',(0.,1.,0.));
#7646=DIRECTION('',(0.,0.,1.));
#7647=DIRECTION('',(0.,0.,-1.));
#7648=DIRECTION('',(1.,0.,0.));
#7649=DIRECTION('',(0.,0.,-1.));
#7650=DIRECTION('',(0.,-1.,0.));
#7651=DIRECTION('',(0.,0.,-1.));
#7652=DIRECTION('',(0.,0.,-1.));
#7653=DIRECTION('',(-1.,0.,0.));
#7654=DIRECTION('',(0.,0.,-1.));
#7655=DIRECTION('',(0.,-1.,0.));
#7656=DIRECTION('',(0.,0.,-1.));
#7657=DIRECTION('',(0.,0.,-1.));
#7658=DIRECTION('',(-1.,0.,0.));
#7659=DIRECTION('',(0.,0.,-1.));
#7660=DIRECTION('',(0.,1.,0.));
#7661=DIRECTION('',(0.,0.,1.));
#7662=DIRECTION('',(0.,0.,-1.));
#7663=DIRECTION('',(1.,0.,0.));
#7664=DIRECTION('',(0.,0.,-1.));
#7665=DIRECTION('',(0.,-1.,0.));
#7666=DIRECTION('',(0.,0.,-1.));
#7667=DIRECTION('',(0.,0.,-1.));
#7668=DIRECTION('',(-1.,0.,0.));
#7669=DIRECTION('',(0.,0.,-1.));
#7670=DIRECTION('',(1.,9.85638338623195E-17,0.));
#7671=DIRECTION('',(-9.85638338623195E-17,1.,0.));
#7672=DIRECTION('',(9.85638338623195E-17,-1.,0.));
#7673=DIRECTION('',(0.,1.,0.));
#7674=DIRECTION('',(0.,0.,1.));
#7675=DIRECTION('',(0.,0.,-1.));
#7676=DIRECTION('',(1.,0.,0.));
#7677=DIRECTION('',(-1.,9.03501810404603E-17,0.));
#7678=DIRECTION('',(-9.03501810404603E-17,-1.,0.));
#7679=DIRECTION('',(9.03501810404603E-17,1.,0.));
#7680=DIRECTION('',(9.03501810404603E-17,1.,0.));
#7681=DIRECTION('',(0.,0.,-1.));
#7682=DIRECTION('',(0.,-1.,0.));
#7683=DIRECTION('',(0.,0.,-1.));
#7684=DIRECTION('',(-1.,0.,0.));
#7685=DIRECTION('',(-1.,0.,0.));
#7686=DIRECTION('',(0.,0.,-1.));
#7687=DIRECTION('',(-1.,0.,0.));
#7688=DIRECTION('',(0.,0.,1.));
#7689=DIRECTION('',(0.,1.,0.));
#7690=DIRECTION('',(0.,1.,0.));
#7691=DIRECTION('',(0.,0.,-1.));
#7692=DIRECTION('',(0.,1.,0.));
#7693=DIRECTION('',(0.,0.,1.));
#7694=DIRECTION('',(1.,0.,0.));
#7695=DIRECTION('',(-1.,0.,0.));
#7696=DIRECTION('',(0.,0.,1.));
#7697=DIRECTION('',(0.,1.,0.));
#7698=DIRECTION('',(0.,-1.,0.));
#7699=DIRECTION('',(0.,0.,-1.));
#7700=DIRECTION('',(0.,0.,-1.));
#7701=DIRECTION('',(-1.,0.,0.));
#7702=DIRECTION('',(-1.,0.,0.));
#7703=DIRECTION('',(0.,0.,1.));
#7704=DIRECTION('',(0.,1.,0.));
#7705=DIRECTION('',(0.,1.,0.));
#7706=DIRECTION('',(0.,0.,-1.));
#7707=DIRECTION('',(0.,1.,0.));
#7708=DIRECTION('',(0.,0.,1.));
#7709=DIRECTION('',(1.,0.,0.));
#7710=DIRECTION('',(-1.,0.,0.));
#7711=DIRECTION('',(0.,0.,1.));
#7712=DIRECTION('',(0.,1.,0.));
#7713=DIRECTION('',(0.,-1.,0.));
#7714=DIRECTION('',(0.,0.,-1.));
#7715=DIRECTION('',(0.,0.,-1.));
#7716=DIRECTION('',(-1.,0.,0.));
#7717=DIRECTION('',(-1.,0.,0.));
#7718=DIRECTION('',(0.,0.,1.));
#7719=DIRECTION('',(0.,1.,0.));
#7720=DIRECTION('',(0.,1.,0.));
#7721=DIRECTION('',(0.,0.,-1.));
#7722=DIRECTION('',(0.,1.,0.));
#7723=DIRECTION('',(0.,0.,1.));
#7724=DIRECTION('',(1.,0.,0.));
#7725=DIRECTION('',(1.,0.,0.));
#7726=DIRECTION('',(0.,0.,-1.));
#7727=DIRECTION('',(-1.,9.03501810404603E-17,0.));
#7728=DIRECTION('',(-9.03501810404603E-17,-1.,0.));
#7729=DIRECTION('',(9.03501810404603E-17,1.,0.));
#7730=DIRECTION('',(9.03501810404603E-17,1.,0.));
#7731=DIRECTION('',(0.,0.,-1.));
#7732=DIRECTION('',(0.,-1.,0.));
#7733=DIRECTION('',(0.,0.,-1.));
#7734=DIRECTION('',(-1.,0.,0.));
#7735=DIRECTION('',(1.,9.85638338623195E-17,0.));
#7736=DIRECTION('',(-9.85638338623195E-17,1.,0.));
#7737=DIRECTION('',(9.85638338623195E-17,-1.,0.));
#7738=DIRECTION('',(0.,1.,0.));
#7739=DIRECTION('',(0.,0.,1.));
#7740=DIRECTION('',(0.,0.,-1.));
#7741=DIRECTION('',(1.,0.,0.));
#7742=DIRECTION('',(-1.,6.77626357803444E-17,0.));
#7743=DIRECTION('',(-6.77626357803444E-17,-1.,0.));
#7744=DIRECTION('',(6.77626357803444E-17,1.,0.));
#7745=DIRECTION('',(6.77626357803444E-17,1.,0.));
#7746=DIRECTION('',(0.,0.,-1.));
#7747=DIRECTION('',(0.,-1.,0.));
#7748=DIRECTION('',(0.,0.,-1.));
#7749=DIRECTION('',(-1.,0.,0.));
#7750=DIRECTION('',(0.,0.,-1.));
#7751=DIRECTION('',(1.,0.,0.));
#7752=DIRECTION('',(0.,0.,-1.));
#7753=DIRECTION('',(1.,0.,0.));
#7754=DIRECTION('',(-1.,0.,0.));
#7755=DIRECTION('',(0.,0.,1.));
#7756=DIRECTION('',(0.,0.,-1.));
#7757=DIRECTION('',(0.,0.,-1.));
#7758=DIRECTION('',(0.,1.,0.));
#7759=DIRECTION('',(-1.,0.,0.));
#7760=DIRECTION('',(0.,0.,1.));
#7761=DIRECTION('',(0.,0.,-1.));
#7762=DIRECTION('',(0.,0.,-1.));
#7763=DIRECTION('',(0.,1.,0.));
#7764=DIRECTION('',(1.,0.,0.));
#7765=DIRECTION('',(0.,0.,-1.));
#7766=DIRECTION('',(0.,0.,-1.));
#7767=DIRECTION('',(0.,0.,-1.));
#7768=DIRECTION('',(0.,-1.,0.));
#7769=DIRECTION('',(1.,0.,0.));
#7770=DIRECTION('',(0.,0.,-1.));
#7771=DIRECTION('',(0.,0.,-1.));
#7772=DIRECTION('',(0.,0.,-1.));
#7773=DIRECTION('',(0.,-1.,0.));
#7774=DIRECTION('',(0.,1.,0.));
#7775=DIRECTION('',(0.,0.,1.));
#7776=DIRECTION('',(0.,0.,-1.));
#7777=DIRECTION('',(1.,0.,0.));
#7778=DIRECTION('',(0.,0.,-1.));
#7779=DIRECTION('',(0.,1.,0.));
#7780=DIRECTION('',(0.,0.,1.));
#7781=DIRECTION('',(0.,0.,-1.));
#7782=DIRECTION('',(1.,0.,0.));
#7783=DIRECTION('',(0.,0.,-1.));
#7784=DIRECTION('',(0.,-1.,0.));
#7785=DIRECTION('',(0.,0.,-1.));
#7786=DIRECTION('',(0.,0.,-1.));
#7787=DIRECTION('',(-1.,0.,0.));
#7788=DIRECTION('',(0.,0.,-1.));
#7789=DIRECTION('',(0.,1.,0.));
#7790=DIRECTION('',(0.,0.,1.));
#7791=DIRECTION('',(0.,0.,-1.));
#7792=DIRECTION('',(1.,0.,0.));
#7793=DIRECTION('',(0.,0.,-1.));
#7794=DIRECTION('',(0.,-1.,0.));
#7795=DIRECTION('',(0.,0.,-1.));
#7796=DIRECTION('',(0.,0.,-1.));
#7797=DIRECTION('',(-1.,0.,0.));
#7798=DIRECTION('',(0.,0.,-1.));
#7799=DIRECTION('',(0.,-1.,0.));
#7800=DIRECTION('',(0.,0.,-1.));
#7801=DIRECTION('',(0.,0.,-1.));
#7802=DIRECTION('',(-1.,0.,0.));
#7803=DIRECTION('',(0.,0.,-1.));
#7804=DIRECTION('',(0.,1.,0.));
#7805=DIRECTION('',(0.,0.,1.));
#7806=DIRECTION('',(0.,0.,-1.));
#7807=DIRECTION('',(1.,0.,0.));
#7808=DIRECTION('',(0.,0.,-1.));
#7809=DIRECTION('',(0.,-1.,0.));
#7810=DIRECTION('',(0.,0.,-1.));
#7811=DIRECTION('',(0.,0.,-1.));
#7812=DIRECTION('',(-1.,0.,0.));
#7813=DIRECTION('',(0.,0.,-1.));
#7814=DIRECTION('',(1.,0.,0.));
#7815=DIRECTION('',(0.,0.,-1.));
#7816=DIRECTION('',(0.,-1.,0.));
#7817=DIRECTION('',(0.,1.,0.));
#7818=DIRECTION('',(0.,0.,1.));
#7819=DIRECTION('',(0.,0.,-1.));
#7820=DIRECTION('',(1.,0.,0.));
#7821=DIRECTION('',(-1.,0.,0.));
#7822=DIRECTION('',(0.,0.,1.));
#7823=DIRECTION('',(0.,1.,0.));
#7824=DIRECTION('',(0.,1.,0.));
#7825=DIRECTION('',(0.,0.,-1.));
#7826=DIRECTION('',(0.,-1.,0.));
#7827=DIRECTION('',(0.,0.,-1.));
#7828=DIRECTION('',(-1.,0.,0.));
#7829=DIRECTION('',(-1.,0.,0.));
#7830=DIRECTION('',(0.,0.,-1.));
#7831=DIRECTION('',(-1.,0.,0.));
#7832=DIRECTION('',(0.,0.,1.));
#7833=DIRECTION('',(0.,1.,0.));
#7834=DIRECTION('',(0.,1.,0.));
#7835=DIRECTION('',(0.,0.,-1.));
#7836=DIRECTION('',(0.,1.,0.));
#7837=DIRECTION('',(0.,0.,1.));
#7838=DIRECTION('',(1.,0.,0.));
#7839=DIRECTION('',(-1.,0.,0.));
#7840=DIRECTION('',(0.,0.,1.));
#7841=DIRECTION('',(0.,1.,0.));
#7842=DIRECTION('',(0.,-1.,0.));
#7843=DIRECTION('',(0.,0.,-1.));
#7844=DIRECTION('',(0.,0.,-1.));
#7845=DIRECTION('',(-1.,0.,0.));
#7846=DIRECTION('',(-1.,0.,0.));
#7847=DIRECTION('',(0.,0.,1.));
#7848=DIRECTION('',(0.,1.,0.));
#7849=DIRECTION('',(0.,1.,0.));
#7850=DIRECTION('',(0.,0.,-1.));
#7851=DIRECTION('',(0.,1.,0.));
#7852=DIRECTION('',(0.,0.,1.));
#7853=DIRECTION('',(1.,0.,0.));
#7854=DIRECTION('',(-1.,0.,0.));
#7855=DIRECTION('',(0.,0.,1.));
#7856=DIRECTION('',(0.,1.,0.));
#7857=DIRECTION('',(0.,-1.,0.));
#7858=DIRECTION('',(0.,0.,-1.));
#7859=DIRECTION('',(0.,0.,-1.));
#7860=DIRECTION('',(-1.,0.,0.));
#7861=DIRECTION('',(-1.,0.,0.));
#7862=DIRECTION('',(0.,0.,1.));
#7863=DIRECTION('',(0.,1.,0.));
#7864=DIRECTION('',(0.,1.,0.));
#7865=DIRECTION('',(0.,0.,-1.));
#7866=DIRECTION('',(0.,1.,0.));
#7867=DIRECTION('',(0.,0.,1.));
#7868=DIRECTION('',(1.,0.,0.));
#7869=DIRECTION('',(1.,0.,0.));
#7870=DIRECTION('',(0.,0.,-1.));
#7871=DIRECTION('',(-1.,0.,0.));
#7872=DIRECTION('',(0.,0.,1.));
#7873=DIRECTION('',(0.,1.,0.));
#7874=DIRECTION('',(0.,1.,0.));
#7875=DIRECTION('',(0.,0.,-1.));
#7876=DIRECTION('',(0.,-1.,0.));
#7877=DIRECTION('',(0.,0.,-1.));
#7878=DIRECTION('',(-1.,0.,0.));
#7879=DIRECTION('',(1.,0.,0.));
#7880=DIRECTION('',(0.,0.,-1.));
#7881=DIRECTION('',(0.,-1.,0.));
#7882=DIRECTION('',(0.,1.,0.));
#7883=DIRECTION('',(0.,0.,1.));
#7884=DIRECTION('',(0.,0.,-1.));
#7885=DIRECTION('',(1.,0.,0.));
#7886=DIRECTION('',(-1.,0.,0.));
#7887=DIRECTION('',(0.,0.,1.));
#7888=DIRECTION('',(0.,1.,0.));
#7889=DIRECTION('',(0.,1.,0.));
#7890=DIRECTION('',(0.,0.,-1.));
#7891=DIRECTION('',(0.,-1.,0.));
#7892=DIRECTION('',(0.,0.,-1.));
#7893=DIRECTION('',(-1.,0.,0.));
#7894=DIRECTION('',(0.,0.,-1.));
#7895=DIRECTION('',(1.,0.,0.));
#7896=DIRECTION('',(0.,0.,-1.));
#7897=DIRECTION('',(1.,0.,0.));
#7898=DIRECTION('',(-1.,0.,0.));
#7899=DIRECTION('',(0.,0.,1.));
#7900=DIRECTION('',(0.,0.,-1.));
#7901=DIRECTION('',(0.,0.,-1.));
#7902=DIRECTION('',(0.,1.,0.));
#7903=DIRECTION('',(-1.,0.,0.));
#7904=DIRECTION('',(0.,0.,1.));
#7905=DIRECTION('',(0.,0.,-1.));
#7906=DIRECTION('',(0.,0.,-1.));
#7907=DIRECTION('',(0.,1.,0.));
#7908=DIRECTION('',(1.,9.85638338623195E-17,0.));
#7909=DIRECTION('',(-9.85638338623195E-17,1.,0.));
#7910=DIRECTION('',(0.,0.,-1.));
#7911=DIRECTION('',(0.,0.,-1.));
#7912=DIRECTION('',(9.85638338623195E-17,-1.,0.));
#7913=DIRECTION('',(1.,9.85638338623195E-17,0.));
#7914=DIRECTION('',(-9.85638338623195E-17,1.,0.));
#7915=DIRECTION('',(0.,0.,-1.));
#7916=DIRECTION('',(0.,0.,-1.));
#7917=DIRECTION('',(9.85638338623195E-17,-1.,0.));
#7918=DIRECTION('',(0.,1.,0.));
#7919=DIRECTION('',(0.,0.,1.));
#7920=DIRECTION('',(0.,0.,-1.));
#7921=DIRECTION('',(1.,0.,0.));
#7922=DIRECTION('',(0.,0.,-1.));
#7923=DIRECTION('',(0.,1.,0.));
#7924=DIRECTION('',(0.,0.,1.));
#7925=DIRECTION('',(0.,0.,-1.));
#7926=DIRECTION('',(1.,0.,0.));
#7927=DIRECTION('',(0.,0.,-1.));
#7928=DIRECTION('',(0.,-1.,0.));
#7929=DIRECTION('',(0.,0.,-1.));
#7930=DIRECTION('',(0.,0.,-1.));
#7931=DIRECTION('',(-1.,0.,0.));
#7932=DIRECTION('',(0.,0.,-1.));
#7933=DIRECTION('',(0.,1.,0.));
#7934=DIRECTION('',(0.,0.,1.));
#7935=DIRECTION('',(0.,0.,-1.));
#7936=DIRECTION('',(1.,0.,0.));
#7937=DIRECTION('',(0.,0.,-1.));
#7938=DIRECTION('',(0.,-1.,0.));
#7939=DIRECTION('',(0.,0.,-1.));
#7940=DIRECTION('',(0.,0.,-1.));
#7941=DIRECTION('',(-1.,0.,0.));
#7942=DIRECTION('',(0.,0.,-1.));
#7943=DIRECTION('',(0.,-1.,0.));
#7944=DIRECTION('',(0.,0.,-1.));
#7945=DIRECTION('',(0.,0.,-1.));
#7946=DIRECTION('',(-1.,0.,0.));
#7947=DIRECTION('',(0.,0.,-1.));
#7948=DIRECTION('',(0.,1.,0.));
#7949=DIRECTION('',(0.,0.,1.));
#7950=DIRECTION('',(0.,0.,-1.));
#7951=DIRECTION('',(1.,0.,0.));
#7952=DIRECTION('',(0.,0.,-1.));
#7953=DIRECTION('',(0.,-1.,0.));
#7954=DIRECTION('',(0.,0.,-1.));
#7955=DIRECTION('',(0.,0.,-1.));
#7956=DIRECTION('',(-1.,0.,0.));
#7957=DIRECTION('',(0.,0.,-1.));
#7958=DIRECTION('',(1.,9.85638338623195E-17,0.));
#7959=DIRECTION('',(-9.85638338623195E-17,1.,0.));
#7960=DIRECTION('',(9.85638338623195E-17,-1.,0.));
#7961=DIRECTION('',(0.,1.,0.));
#7962=DIRECTION('',(0.,0.,1.));
#7963=DIRECTION('',(0.,0.,-1.));
#7964=DIRECTION('',(1.,0.,0.));
#7965=DIRECTION('',(-1.,9.03501810404603E-17,0.));
#7966=DIRECTION('',(-9.03501810404603E-17,-1.,0.));
#7967=DIRECTION('',(9.03501810404603E-17,1.,0.));
#7968=DIRECTION('',(9.03501810404603E-17,1.,0.));
#7969=DIRECTION('',(0.,0.,-1.));
#7970=DIRECTION('',(0.,-1.,0.));
#7971=DIRECTION('',(0.,0.,-1.));
#7972=DIRECTION('',(-1.,0.,0.));
#7973=DIRECTION('',(-1.,0.,0.));
#7974=DIRECTION('',(0.,0.,-1.));
#7975=DIRECTION('',(-1.,0.,0.));
#7976=DIRECTION('',(0.,0.,1.));
#7977=DIRECTION('',(0.,1.,0.));
#7978=DIRECTION('',(0.,1.,0.));
#7979=DIRECTION('',(0.,0.,-1.));
#7980=DIRECTION('',(0.,1.,0.));
#7981=DIRECTION('',(0.,0.,1.));
#7982=DIRECTION('',(1.,0.,0.));
#7983=DIRECTION('',(-1.,0.,0.));
#7984=DIRECTION('',(0.,0.,1.));
#7985=DIRECTION('',(0.,1.,0.));
#7986=DIRECTION('',(0.,-1.,0.));
#7987=DIRECTION('',(0.,0.,-1.));
#7988=DIRECTION('',(0.,0.,-1.));
#7989=DIRECTION('',(-1.,0.,0.));
#7990=DIRECTION('',(-1.,0.,0.));
#7991=DIRECTION('',(0.,0.,1.));
#7992=DIRECTION('',(0.,1.,0.));
#7993=DIRECTION('',(0.,1.,0.));
#7994=DIRECTION('',(0.,0.,-1.));
#7995=DIRECTION('',(0.,1.,0.));
#7996=DIRECTION('',(0.,0.,1.));
#7997=DIRECTION('',(1.,0.,0.));
#7998=DIRECTION('',(-1.,0.,0.));
#7999=DIRECTION('',(0.,0.,1.));
#8000=DIRECTION('',(0.,1.,0.));
#8001=DIRECTION('',(0.,-1.,0.));
#8002=DIRECTION('',(0.,0.,-1.));
#8003=DIRECTION('',(0.,0.,-1.));
#8004=DIRECTION('',(-1.,0.,0.));
#8005=DIRECTION('',(-1.,0.,0.));
#8006=DIRECTION('',(0.,0.,1.));
#8007=DIRECTION('',(0.,1.,0.));
#8008=DIRECTION('',(0.,1.,0.));
#8009=DIRECTION('',(0.,0.,-1.));
#8010=DIRECTION('',(0.,1.,0.));
#8011=DIRECTION('',(0.,0.,1.));
#8012=DIRECTION('',(1.,0.,0.));
#8013=DIRECTION('',(1.,0.,0.));
#8014=DIRECTION('',(0.,0.,-1.));
#8015=DIRECTION('',(-1.,9.03501810404603E-17,0.));
#8016=DIRECTION('',(-9.03501810404603E-17,-1.,0.));
#8017=DIRECTION('',(9.03501810404603E-17,1.,0.));
#8018=DIRECTION('',(9.03501810404603E-17,1.,0.));
#8019=DIRECTION('',(0.,0.,-1.));
#8020=DIRECTION('',(0.,-1.,0.));
#8021=DIRECTION('',(0.,0.,-1.));
#8022=DIRECTION('',(-1.,0.,0.));
#8023=DIRECTION('',(1.,9.85638338623195E-17,0.));
#8024=DIRECTION('',(-9.85638338623195E-17,1.,0.));
#8025=DIRECTION('',(9.85638338623195E-17,-1.,0.));
#8026=DIRECTION('',(0.,1.,0.));
#8027=DIRECTION('',(0.,0.,1.));
#8028=DIRECTION('',(0.,0.,-1.));
#8029=DIRECTION('',(1.,0.,0.));
#8030=DIRECTION('',(-1.,6.77626357803444E-17,0.));
#8031=DIRECTION('',(-6.77626357803444E-17,-1.,0.));
#8032=DIRECTION('',(6.77626357803444E-17,1.,0.));
#8033=DIRECTION('',(6.77626357803444E-17,1.,0.));
#8034=DIRECTION('',(0.,0.,-1.));
#8035=DIRECTION('',(0.,-1.,0.));
#8036=DIRECTION('',(0.,0.,-1.));
#8037=DIRECTION('',(-1.,0.,0.));
#8038=DIRECTION('',(0.,0.,-1.));
#8039=DIRECTION('',(1.,0.,0.));
#8040=DIRECTION('',(0.,0.,-1.));
#8041=DIRECTION('',(1.,0.,0.));
#8042=DIRECTION('',(-1.,0.,0.));
#8043=DIRECTION('',(0.,0.,1.));
#8044=DIRECTION('',(0.,0.,-1.));
#8045=DIRECTION('',(0.,0.,-1.));
#8046=DIRECTION('',(0.,1.,0.));
#8047=DIRECTION('',(-1.,0.,0.));
#8048=DIRECTION('',(0.,0.,1.));
#8049=DIRECTION('',(0.,0.,-1.));
#8050=DIRECTION('',(0.,0.,-1.));
#8051=DIRECTION('',(0.,1.,0.));
#8052=DIRECTION('',(1.,0.,0.));
#8053=DIRECTION('',(0.,0.,-1.));
#8054=DIRECTION('',(0.,0.,-1.));
#8055=DIRECTION('',(0.,0.,-1.));
#8056=DIRECTION('',(0.,-1.,0.));
#8057=DIRECTION('',(1.,0.,0.));
#8058=DIRECTION('',(0.,0.,-1.));
#8059=DIRECTION('',(0.,0.,-1.));
#8060=DIRECTION('',(0.,0.,-1.));
#8061=DIRECTION('',(0.,-1.,0.));
#8062=DIRECTION('',(0.,1.,0.));
#8063=DIRECTION('',(0.,0.,1.));
#8064=DIRECTION('',(0.,0.,-1.));
#8065=DIRECTION('',(1.,0.,0.));
#8066=DIRECTION('',(0.,0.,-1.));
#8067=DIRECTION('',(0.,1.,0.));
#8068=DIRECTION('',(0.,0.,1.));
#8069=DIRECTION('',(0.,0.,-1.));
#8070=DIRECTION('',(1.,0.,0.));
#8071=DIRECTION('',(0.,0.,-1.));
#8072=DIRECTION('',(0.,-1.,0.));
#8073=DIRECTION('',(0.,0.,-1.));
#8074=DIRECTION('',(0.,0.,-1.));
#8075=DIRECTION('',(-1.,0.,0.));
#8076=DIRECTION('',(0.,0.,-1.));
#8077=DIRECTION('',(0.,1.,0.));
#8078=DIRECTION('',(0.,0.,1.));
#8079=DIRECTION('',(0.,0.,-1.));
#8080=DIRECTION('',(1.,0.,0.));
#8081=DIRECTION('',(0.,0.,-1.));
#8082=DIRECTION('',(0.,-1.,0.));
#8083=DIRECTION('',(0.,0.,-1.));
#8084=DIRECTION('',(0.,0.,-1.));
#8085=DIRECTION('',(-1.,0.,0.));
#8086=DIRECTION('',(0.,0.,-1.));
#8087=DIRECTION('',(0.,-1.,0.));
#8088=DIRECTION('',(0.,0.,-1.));
#8089=DIRECTION('',(0.,0.,-1.));
#8090=DIRECTION('',(-1.,0.,0.));
#8091=DIRECTION('',(0.,0.,-1.));
#8092=DIRECTION('',(0.,1.,0.));
#8093=DIRECTION('',(0.,0.,1.));
#8094=DIRECTION('',(0.,0.,-1.));
#8095=DIRECTION('',(1.,0.,0.));
#8096=DIRECTION('',(0.,0.,-1.));
#8097=DIRECTION('',(0.,-1.,0.));
#8098=DIRECTION('',(0.,0.,-1.));
#8099=DIRECTION('',(0.,0.,-1.));
#8100=DIRECTION('',(-1.,0.,0.));
#8101=DIRECTION('',(0.,0.,-1.));
#8102=DIRECTION('',(1.,0.,0.));
#8103=DIRECTION('',(0.,0.,-1.));
#8104=DIRECTION('',(0.,-1.,0.));
#8105=DIRECTION('',(0.,1.,0.));
#8106=DIRECTION('',(0.,0.,1.));
#8107=DIRECTION('',(0.,0.,-1.));
#8108=DIRECTION('',(1.,0.,0.));
#8109=DIRECTION('',(-1.,0.,0.));
#8110=DIRECTION('',(0.,0.,1.));
#8111=DIRECTION('',(0.,1.,0.));
#8112=DIRECTION('',(0.,1.,0.));
#8113=DIRECTION('',(0.,0.,-1.));
#8114=DIRECTION('',(0.,-1.,0.));
#8115=DIRECTION('',(0.,0.,-1.));
#8116=DIRECTION('',(-1.,0.,0.));
#8117=DIRECTION('',(-1.,0.,0.));
#8118=DIRECTION('',(0.,0.,-1.));
#8119=DIRECTION('',(-1.,0.,0.));
#8120=DIRECTION('',(0.,0.,1.));
#8121=DIRECTION('',(0.,1.,0.));
#8122=DIRECTION('',(0.,1.,0.));
#8123=DIRECTION('',(0.,0.,-1.));
#8124=DIRECTION('',(0.,1.,0.));
#8125=DIRECTION('',(0.,0.,1.));
#8126=DIRECTION('',(1.,0.,0.));
#8127=DIRECTION('',(-1.,0.,0.));
#8128=DIRECTION('',(0.,0.,1.));
#8129=DIRECTION('',(0.,1.,0.));
#8130=DIRECTION('',(0.,-1.,0.));
#8131=DIRECTION('',(0.,0.,-1.));
#8132=DIRECTION('',(0.,0.,-1.));
#8133=DIRECTION('',(-1.,0.,0.));
#8134=DIRECTION('',(-1.,0.,0.));
#8135=DIRECTION('',(0.,0.,1.));
#8136=DIRECTION('',(0.,1.,0.));
#8137=DIRECTION('',(0.,1.,0.));
#8138=DIRECTION('',(0.,0.,-1.));
#8139=DIRECTION('',(0.,1.,0.));
#8140=DIRECTION('',(0.,0.,1.));
#8141=DIRECTION('',(1.,0.,0.));
#8142=DIRECTION('',(-1.,0.,0.));
#8143=DIRECTION('',(0.,0.,1.));
#8144=DIRECTION('',(0.,1.,0.));
#8145=DIRECTION('',(0.,-1.,0.));
#8146=DIRECTION('',(0.,0.,-1.));
#8147=DIRECTION('',(0.,0.,-1.));
#8148=DIRECTION('',(-1.,0.,0.));
#8149=DIRECTION('',(-1.,0.,0.));
#8150=DIRECTION('',(0.,0.,1.));
#8151=DIRECTION('',(0.,1.,0.));
#8152=DIRECTION('',(0.,1.,0.));
#8153=DIRECTION('',(0.,0.,-1.));
#8154=DIRECTION('',(0.,1.,0.));
#8155=DIRECTION('',(0.,0.,1.));
#8156=DIRECTION('',(1.,0.,0.));
#8157=DIRECTION('',(1.,0.,0.));
#8158=DIRECTION('',(0.,0.,-1.));
#8159=DIRECTION('',(-1.,0.,0.));
#8160=DIRECTION('',(0.,0.,1.));
#8161=DIRECTION('',(0.,1.,0.));
#8162=DIRECTION('',(0.,1.,0.));
#8163=DIRECTION('',(0.,0.,-1.));
#8164=DIRECTION('',(0.,-1.,0.));
#8165=DIRECTION('',(0.,0.,-1.));
#8166=DIRECTION('',(-1.,0.,0.));
#8167=DIRECTION('',(1.,0.,0.));
#8168=DIRECTION('',(0.,0.,-1.));
#8169=DIRECTION('',(0.,-1.,0.));
#8170=DIRECTION('',(0.,1.,0.));
#8171=DIRECTION('',(0.,0.,1.));
#8172=DIRECTION('',(0.,0.,-1.));
#8173=DIRECTION('',(1.,0.,0.));
#8174=DIRECTION('',(-1.,0.,0.));
#8175=DIRECTION('',(0.,0.,1.));
#8176=DIRECTION('',(0.,1.,0.));
#8177=DIRECTION('',(0.,1.,0.));
#8178=DIRECTION('',(0.,0.,-1.));
#8179=DIRECTION('',(0.,-1.,0.));
#8180=DIRECTION('',(0.,0.,-1.));
#8181=DIRECTION('',(-1.,0.,0.));
#8182=DIRECTION('',(0.,0.,-1.));
#8183=DIRECTION('',(1.,0.,0.));
#8184=DIRECTION('',(0.,0.,-1.));
#8185=DIRECTION('',(1.,0.,0.));
#8186=DIRECTION('',(1.,0.,0.));
#8187=DIRECTION('',(0.,0.,-1.));
#8188=DIRECTION('',(1.,-3.46944695195361E-15,0.));
#8189=DIRECTION('',(3.46944695195361E-15,1.,0.));
#8190=DIRECTION('',(0.,-1.,0.));
#8191=DIRECTION('',(0.,0.,-1.));
#8192=DIRECTION('',(-5.78241158658936E-17,1.,0.));
#8193=DIRECTION('',(-1.,-5.78241158658936E-17,0.));
#8194=DIRECTION('',(0.,1.,0.));
#8195=DIRECTION('',(0.,0.,1.));
#8196=DIRECTION('',(1.,0.,0.));
#8197=DIRECTION('',(0.,0.,-1.));
#8198=DIRECTION('',(-1.,0.,0.));
#8199=DIRECTION('',(0.,0.,1.));
#8200=DIRECTION('',(1.,0.,0.));
#8201=DIRECTION('',(0.,0.,-1.));
#8202=DIRECTION('',(1.,0.,0.));
#8203=DIRECTION('',(0.,0.,-1.));
#8204=DIRECTION('',(0.,-1.,0.));
#8205=DIRECTION('',(0.,0.,-1.));
#8206=DIRECTION('',(0.,-1.,0.));
#8207=DIRECTION('',(0.,0.,-1.));
#8208=DIRECTION('',(-1.,0.,0.));
#8209=DIRECTION('',(0.,0.,1.));
#8210=DIRECTION('',(-1.,3.46944695195361E-15,0.));
#8211=DIRECTION('',(-3.46944695195361E-15,-1.,0.));
#8212=DIRECTION('',(5.78241158658936E-17,-1.,0.));
#8213=DIRECTION('',(1.,5.78241158658936E-17,0.));
#8214=DIRECTION('',(0.,1.,0.));
#8215=DIRECTION('',(0.,0.,1.));
#8216=DIRECTION('',(-3.46944695195361E-15,0.,1.));
#8217=DIRECTION('',(1.,0.,3.46944695195361E-15));
#8218=DIRECTION('',(1.,0.,0.));
#8219=DIRECTION('',(0.,0.,-1.));
#8220=DIRECTION('',(0.707106781186547,-0.707106781186548,0.));
#8221=DIRECTION('',(-0.707106781186548,-0.707106781186548,0.));
#8222=DIRECTION('',(0.707106781186548,0.707106781186548,0.));
#8223=DIRECTION('',(-0.707106781186547,0.707106781186548,0.));
#8224=DIRECTION('',(2.95607522177247E-16,1.,0.));
#8225=DIRECTION('',(-1.,2.95607522177247E-16,0.));
#8226=DIRECTION('',(-0.707106781186547,0.707106781186548,0.));
#8227=DIRECTION('',(-0.707106781186548,-0.707106781186547,0.));
#8228=DIRECTION('',(-2.95607522177247E-16,-1.,0.));
#8229=DIRECTION('',(1.,-2.95607522177247E-16,0.));
#8230=DIRECTION('',(-0.707106781186548,-0.707106781186547,0.));
#8231=DIRECTION('',(-0.707106781186547,0.707106781186548,0.));
#8232=DIRECTION('',(-1.,1.51504233709765E-16,0.));
#8233=DIRECTION('',(-1.51504233709765E-16,-1.,0.));
#8234=DIRECTION('',(0.,0.,1.));
#8235=DIRECTION('',(1.,0.,0.));
#8236=DIRECTION('',(0.,0.,-1.));
#8237=DIRECTION('',(1.,0.,0.));
#8238=DIRECTION('',(0.,0.,-1.));
#8239=DIRECTION('',(1.,0.,0.));
#8240=DIRECTION('',(0.,0.,1.));
#8241=DIRECTION('',(1.,0.,0.));
#8242=DIRECTION('',(0.,0.,-1.));
#8243=DIRECTION('',(1.,0.,0.));
#8244=DIRECTION('',(0.,0.,-1.));
#8245=DIRECTION('',(1.,0.,0.));
#8246=DIRECTION('',(0.,0.,1.));
#8247=DIRECTION('',(1.,0.,0.));
#8248=DIRECTION('',(0.,0.,1.));
#8249=DIRECTION('',(1.,0.,0.));
#8250=DIRECTION('',(0.,0.,-1.));
#8251=DIRECTION('',(-0.999999866527787,-0.000516666632185969,0.));
#8252=DIRECTION('',(0.,0.,-1.));
#8253=DIRECTION('',(-0.999999866527787,-0.000516666632185969,0.));
#8254=DIRECTION('',(0.,0.,1.));
#8255=DIRECTION('',(1.,0.,0.));
#8256=DIRECTION('',(0.,0.,-1.));
#8257=DIRECTION('',(-0.999999866527787,-0.00051666663218597,0.));
#8258=DIRECTION('',(0.,0.,-1.));
#8259=DIRECTION('',(1.,0.,0.));
#8260=DIRECTION('',(0.,0.,1.));
#8261=DIRECTION('',(1.,0.,0.));
#8262=DIRECTION('',(0.,0.,1.));
#8263=DIRECTION('',(1.,0.,0.));
#8264=DIRECTION('',(0.,0.,1.));
#8265=DIRECTION('',(1.,0.,0.));
#8266=DIRECTION('',(0.,0.,1.));
#8267=DIRECTION('',(1.,0.,0.));
#8268=DIRECTION('',(0.,0.,1.));
#8269=DIRECTION('',(1.,0.,0.));
#8270=DIRECTION('',(0.,0.,1.));
#8271=DIRECTION('',(1.,0.,0.));
#8272=DIRECTION('',(0.,0.,-1.));
#8273=DIRECTION('',(1.,0.,0.));
#8274=DIRECTION('',(0.,0.,1.));
#8275=DIRECTION('',(1.,0.,0.));
#8276=DIRECTION('',(0.,0.,1.));
#8277=DIRECTION('',(1.,0.,0.));
#8278=DIRECTION('',(0.,0.,1.));
#8279=DIRECTION('',(-0.999999866527787,0.00051666663218597,0.));
#8280=DIRECTION('',(0.,0.,1.));
#8281=DIRECTION('',(1.,0.,0.));
#8282=DIRECTION('',(0.,0.,1.));
#8283=DIRECTION('',(-0.999999866527787,0.000516666632188745,0.));
#8284=DIRECTION('',(0.,0.,1.));
#8285=DIRECTION('',(1.,0.,0.));
#8286=DIRECTION('',(0.,0.,-1.));
#8287=DIRECTION('',(1.,0.,0.));
#8288=DIRECTION('',(0.,0.,1.));
#8289=DIRECTION('',(1.,0.,0.));
#8290=DIRECTION('',(0.,0.,1.));
#8291=DIRECTION('',(1.,0.,0.));
#8292=DIRECTION('',(0.,0.,1.));
#8293=DIRECTION('',(1.,0.,0.));
#8294=DIRECTION('',(0.,0.,1.));
#8295=DIRECTION('',(1.,0.,0.));
#8296=DIRECTION('',(0.,0.,1.));
#8297=DIRECTION('',(1.,0.,0.));
#8298=DIRECTION('',(0.,0.,1.));
#8299=DIRECTION('',(1.,0.,0.));
#8300=DIRECTION('',(1.,0.,0.));
#8301=DIRECTION('',(5.78241158658936E-17,-1.,0.));
#8302=DIRECTION('',(1.,0.,0.));
#8303=DIRECTION('',(5.78241158658936E-17,-1.,0.));
#8304=DIRECTION('',(0.,0.,1.));
#8305=DIRECTION('',(1.,0.,0.));
#8306=DIRECTION('',(0.,0.,1.));
#8307=DIRECTION('',(1.,0.,0.));
#8308=DIRECTION('',(0.,0.,-1.));
#8309=DIRECTION('',(-1.,0.,0.));
#8310=DIRECTION('',(0.,0.,-1.));
#8311=DIRECTION('',(1.,0.,0.));
#8312=DIRECTION('',(5.78241158658936E-17,-1.,0.));
#8313=DIRECTION('',(1.,0.,0.));
#8314=DIRECTION('',(5.78241158658936E-17,-1.,0.));
#8315=DIRECTION('',(1.,0.,0.));
#8316=DIRECTION('',(0.,0.,1.));
#8317=DIRECTION('',(1.,0.,0.));
#8318=DIRECTION('',(0.,0.,1.));
#8319=DIRECTION('',(-1.,0.,0.));
#8320=DIRECTION('',(0.,-1.,0.));
#8321=DIRECTION('',(0.,0.,-1.));
#8322=DIRECTION('',(1.,0.,0.));
#8323=DIRECTION('',(0.,0.,1.));
#8324=DIRECTION('',(0.,0.,1.));
#8325=DIRECTION('',(0.,1.,0.));
#8326=DIRECTION('',(3.03576608295942E-15,0.,-1.));
#8327=DIRECTION('',(-1.,0.,0.));
#8328=DIRECTION('',(0.,1.,0.));
#8329=DIRECTION('',(1.,0.,1.73472347597681E-15));
#8330=DIRECTION('',(0.,0.,-1.));
#8331=DIRECTION('',(0.,1.,0.));
#8332=DIRECTION('',(0.,0.,1.));
#8333=DIRECTION('',(0.,0.,-1.));
#8334=DIRECTION('',(-1.,0.,0.));
#8335=DIRECTION('',(0.,0.,1.));
#8336=DIRECTION('',(0.,1.,0.));
#8337=DIRECTION('',(-1.,0.,1.73472347597681E-15));
#8338=DIRECTION('',(0.,0.,1.));
#8339=DIRECTION('',(0.,-1.,0.));
#8340=DIRECTION('',(0.,0.,-1.));
#8341=DIRECTION('',(1.,0.,0.));
#8342=DIRECTION('',(0.,0.,1.));
#8343=DIRECTION('',(0.,0.,1.));
#8344=DIRECTION('',(-1.,-5.78241158658936E-17,0.));
#8345=DIRECTION('',(5.78241158658936E-17,-1.,0.));
#8346=DIRECTION('',(5.78241158658936E-17,-1.,0.));
#8347=DIRECTION('',(-1.,-5.78241158658936E-17,0.));
#8348=DIRECTION('',(5.78241158658936E-17,-1.,0.));
#8349=DIRECTION('',(5.78241158658936E-17,-1.,0.));
#8350=DIRECTION('',(0.,0.,1.));
#8351=DIRECTION('',(1.,0.,0.));
#8352=DIRECTION('',(-5.78241158658936E-17,1.,0.));
#8353=DIRECTION('',(0.,0.,1.));
#8354=DIRECTION('',(1.,0.,0.));
#8355=DIRECTION('',(-1.,0.,0.));
#8356=DIRECTION('',(0.,0.,1.));
#8357=DIRECTION('',(1.,0.,0.));
#8358=DIRECTION('',(-5.78241158658936E-17,1.,0.));
#8359=DIRECTION('',(0.,0.,1.));
#8360=DIRECTION('',(1.,0.,0.));
#8361=DIRECTION('',(-1.,0.,0.));
#8362=DIRECTION('',(0.,0.,1.));
#8363=DIRECTION('',(1.,0.,0.));
#8364=DIRECTION('',(0.,-1.,0.));
#8365=DIRECTION('',(0.,0.,-1.));
#8366=DIRECTION('',(0.,0.,1.));
#8367=DIRECTION('',(1.,0.,0.));
#8368=DIRECTION('',(0.,0.,1.));
#8369=DIRECTION('',(-1.,-5.78241158658936E-17,0.));
#8370=DIRECTION('',(5.78241158658936E-17,-1.,0.));
#8371=DIRECTION('',(0.,0.,1.));
#8372=DIRECTION('',(5.78241158658936E-17,-1.,0.));
#8373=DIRECTION('',(0.,0.,1.));
#8374=DIRECTION('',(0.,-1.,0.));
#8375=DIRECTION('',(0.,0.,-1.));
#8376=DIRECTION('',(1.,0.,0.));
#8377=DIRECTION('',(0.,-1.,0.));
#8378=DIRECTION('',(0.,0.,-1.));
#8379=DIRECTION('',(0.,0.,-1.));
#8380=DIRECTION('',(0.,-1.,0.));
#8381=DIRECTION('',(0.,0.,-1.));
#8382=DIRECTION('',(0.,0.,-1.));
#8383=DIRECTION('',(1.,0.,0.));
#8384=DIRECTION('',(0.,0.,1.));
#8385=DIRECTION('',(0.,-1.,0.));
#8386=DIRECTION('',(0.,0.,-1.));
#8387=DIRECTION('',(0.,0.,1.));
#8388=DIRECTION('',(0.,-1.,0.));
#8389=DIRECTION('',(0.,0.,-1.));
#8390=DIRECTION('',(1.,0.,0.));
#8391=DIRECTION('',(0.,0.,1.));
#8392=DIRECTION('',(0.,0.,1.));
#8393=DIRECTION('',(-1.,-5.78241158658936E-17,0.));
#8394=DIRECTION('',(5.78241158658936E-17,-1.,0.));
#8395=DIRECTION('',(5.78241158658936E-17,-1.,0.));
#8396=DIRECTION('',(0.,0.,1.));
#8397=DIRECTION('',(0.,0.,1.));
#8398=DIRECTION('',(0.,0.,1.));
#8399=DIRECTION('',(1.,0.,0.));
#8400=DIRECTION('',(0.,0.,-1.));
#8401=DIRECTION('',(-1.,0.,0.));
#8402=DIRECTION('',(-1.,0.,0.));
#8403=DIRECTION('',(0.,0.,1.));
#8404=DIRECTION('',(-1.,3.46944695195361E-15,0.));
#8405=DIRECTION('',(-3.46944695195361E-15,-1.,0.));
#8406=DIRECTION('',(0.,-1.,0.));
#8407=DIRECTION('',(0.,0.,-1.));
#8408=DIRECTION('',(0.,0.,-1.));
#8409=DIRECTION('',(-1.,0.,0.));
#8410=DIRECTION('',(0.,0.,-1.));
#8411=DIRECTION('',(-1.,0.,0.));
#8412=DIRECTION('',(-5.78241158658936E-17,1.,0.));
#8413=DIRECTION('',(-1.,-5.78241158658936E-17,0.));
#8414=DIRECTION('',(0.,1.,0.));
#8415=DIRECTION('',(0.,0.,1.));
#8416=DIRECTION('',(-1.,0.,0.));
#8417=DIRECTION('',(0.,0.,1.));
#8418=DIRECTION('',(1.,0.,0.));
#8419=DIRECTION('',(0.,0.,-1.));
#8420=DIRECTION('',(0.,0.,-1.));
#8421=DIRECTION('',(-1.,0.,0.));
#8422=DIRECTION('',(0.,0.,-1.));
#8423=DIRECTION('',(-1.,0.,0.));
#8424=DIRECTION('',(-1.,0.,0.));
#8425=DIRECTION('',(0.,0.,1.));
#8426=DIRECTION('',(-1.,0.,0.));
#8427=DIRECTION('',(0.,0.,1.));
#8428=DIRECTION('',(0.,-1.,0.));
#8429=DIRECTION('',(0.,0.,-1.));
#8430=DIRECTION('',(0.,-1.,0.));
#8431=DIRECTION('',(0.,0.,-1.));
#8432=DIRECTION('',(1.,0.,0.));
#8433=DIRECTION('',(0.,0.,-1.));
#8434=DIRECTION('',(1.,-3.46944695195361E-15,0.));
#8435=DIRECTION('',(3.46944695195361E-15,1.,0.));
#8436=DIRECTION('',(5.78241158658936E-17,-1.,0.));
#8437=DIRECTION('',(1.,5.78241158658936E-17,0.));
#8438=DIRECTION('',(0.,1.,0.));
#8439=DIRECTION('',(0.,0.,1.));
#8440=DIRECTION('',(-3.46944695195361E-15,0.,-1.));
#8441=DIRECTION('',(-1.,0.,3.46944695195361E-15));
#8442=DIRECTION('',(0.,0.,-1.));
#8443=DIRECTION('',(-1.,0.,0.));
#8444=DIRECTION('',(0.,0.,1.));
#8445=DIRECTION('',(1.,0.,0.));
#8446=DIRECTION('',(0.,0.,-1.));
#8447=DIRECTION('',(-1.,0.,0.));
#8448=DIRECTION('',(0.,1.,0.));
#8449=DIRECTION('',(0.,1.,0.));
#8450=DIRECTION('',(0.,1.,0.));
#8451=DIRECTION('',(0.,0.,1.));
#8452=DIRECTION('',(0.,1.,0.));
#8453=DIRECTION('',(-1.,0.,0.));
#8454=DIRECTION('',(0.,0.,1.));
#8455=DIRECTION('',(0.,1.,0.));
#8456=DIRECTION('',(0.,1.,0.));
#8457=DIRECTION('',(0.,0.,1.));
#8458=DIRECTION('',(0.,1.,0.));
#8459=DIRECTION('',(-1.,0.,0.));
#8460=DIRECTION('',(0.,0.,1.));
#8461=DIRECTION('',(0.,1.,0.));
#8462=DIRECTION('',(0.,0.,-1.));
#8463=DIRECTION('',(-1.,0.,0.));
#8464=DIRECTION('',(0.,1.,0.));
#8465=DIRECTION('',(1.,0.,0.));
#8466=DIRECTION('',(0.,0.,-1.));
#8467=DIRECTION('',(0.,1.,0.));
#8468=DIRECTION('',(0.,1.,0.));
#8469=DIRECTION('',(0.,0.,1.));
#8470=DIRECTION('',(0.,1.,0.));
#8471=DIRECTION('',(1.,0.,0.));
#8472=DIRECTION('',(0.,0.,-1.));
#8473=DIRECTION('',(0.,1.,0.));
#8474=DIRECTION('',(0.,1.,0.));
#8475=DIRECTION('',(0.,0.,1.));
#8476=DIRECTION('',(0.,0.,-1.));
#8477=DIRECTION('',(-1.,0.,0.));
#8478=DIRECTION('',(0.,0.,-1.));
#8479=DIRECTION('',(-1.,0.,0.));
#8480=DIRECTION('',(0.,0.,-1.));
#8481=DIRECTION('',(-1.,0.,0.));
#8482=DIRECTION('',(0.,0.,-1.));
#8483=DIRECTION('',(-1.,0.,0.));
#8484=CARTESIAN_POINT('',(0.,0.,0.));
#8485=CARTESIAN_POINT('',(0.,-10.,-2.));
#8486=CARTESIAN_POINT('',(28.0036129292033,43.0144676000067,-2.));
#8487=CARTESIAN_POINT('',(32.0036129292034,43.0144676000067,-2.));
#8488=CARTESIAN_POINT('',(-28.,-63.,-2.));
#8489=CARTESIAN_POINT('',(-24.,-63.,-2.));
#8490=CARTESIAN_POINT('',(-35.,-10.,-2.));
#8491=CARTESIAN_POINT('',(-35.,-68.,-2.));
#8492=CARTESIAN_POINT('',(-35.,48.,-2.));
#8493=CARTESIAN_POINT('',(-33.,48.,-2.));
#8494=CARTESIAN_POINT('',(-33.,50.,-2.));
#8495=CARTESIAN_POINT('',(-6.93889390390723E-15,50.,-2.));
#8496=CARTESIAN_POINT('',(33.,50.,-2.));
#8497=CARTESIAN_POINT('',(33.,48.,-2.));
#8498=CARTESIAN_POINT('',(35.,48.,-2.));
#8499=CARTESIAN_POINT('',(35.,-10.,-2.));
#8500=CARTESIAN_POINT('',(35.,-68.,-2.));
#8501=CARTESIAN_POINT('',(33.,-68.,-2.));
#8502=CARTESIAN_POINT('',(33.,-70.,-2.));
#8503=CARTESIAN_POINT('',(0.,-70.,-2.));
#8504=CARTESIAN_POINT('',(-33.,-70.,-2.));
#8505=CARTESIAN_POINT('',(-33.,-68.,-2.));
#8506=CARTESIAN_POINT('',(13.106,-63.6207514320665,-2.));
#8507=CARTESIAN_POINT('',(15.456,-63.6207514320665,-2.));
#8508=CARTESIAN_POINT('',(-18.374,-31.2807514320665,-2.));
#8509=CARTESIAN_POINT('',(-16.024,-31.2807514320665,-2.));
#8510=CARTESIAN_POINT('',(0.031000000000003,-51.3357514320665,-2.));
#8511=CARTESIAN_POINT('',(0.0310000000000033,-51.4607514320665,-2.));
#8512=CARTESIAN_POINT('',(0.031000000000003,-51.2107514320665,-2.));
#8513=CARTESIAN_POINT('',(-0.219000000000004,-51.2107514320665,-2.));
#8514=CARTESIAN_POINT('',(-0.069,-51.2107514320665,-2.));
#8515=CARTESIAN_POINT('',(-0.219000000000004,-51.2107514320665,-2.));
#8516=CARTESIAN_POINT('',(-0.369000000000008,-51.2107514320665,-2.));
#8517=CARTESIAN_POINT('',(-0.369000000000008,-50.9357514320665,-2.));
#8518=CARTESIAN_POINT('',(-0.369000000000008,-50.6607514320665,-2.));
#8519=CARTESIAN_POINT('',(0.,-50.6607514320665,-2.));
#8520=CARTESIAN_POINT('',(-0.069,-50.6607514320665,-2.));
#8521=CARTESIAN_POINT('',(-0.219000000000004,-50.6607514320665,-2.));
#8522=CARTESIAN_POINT('',(0.031000000000003,-50.6607514320665,-2.));
#8523=CARTESIAN_POINT('',(0.0310000000000032,-49.8607514320665,-2.));
#8524=CARTESIAN_POINT('',(0.0310000000000033,-49.0607514320665,-2.));
#8525=CARTESIAN_POINT('',(-0.219000000000004,-49.0607514320665,-2.));
#8526=CARTESIAN_POINT('',(-0.069,-49.0607514320665,-2.));
#8527=CARTESIAN_POINT('',(-0.219000000000004,-49.0607514320665,-2.));
#8528=CARTESIAN_POINT('',(-0.369000000000009,-49.0607514320665,-2.));
#8529=CARTESIAN_POINT('',(-0.369000000000009,-48.7857514320665,-2.));
#8530=CARTESIAN_POINT('',(-0.369000000000008,-48.5107514320665,-2.));
#8531=CARTESIAN_POINT('',(0.,-48.5107514320665,-2.));
#8532=CARTESIAN_POINT('',(-0.069,-48.5107514320665,-2.));
#8533=CARTESIAN_POINT('',(-0.219000000000004,-48.5107514320665,-2.));
#8534=CARTESIAN_POINT('',(0.0310000000000033,-48.5107514320665,-2.));
#8535=CARTESIAN_POINT('',(0.0310000000000033,-48.3857514320665,-2.));
#8536=CARTESIAN_POINT('',(0.0310000000000033,-48.2607514320665,-2.));
#8537=CARTESIAN_POINT('',(-1.869,-48.2607514320665,-2.));
#8538=CARTESIAN_POINT('',(-3.769,-48.2607514320665,-2.));
#8539=CARTESIAN_POINT('',(-3.769,-48.3857514320665,-2.));
#8540=CARTESIAN_POINT('',(-3.769,-48.5107514320665,-2.));
#8541=CARTESIAN_POINT('',(-3.519,-48.5107514320665,-2.));
#8542=CARTESIAN_POINT('',(-3.669,-48.5107514320665,-2.));
#8543=CARTESIAN_POINT('',(-3.519,-48.5107514320665,-2.));
#8544=CARTESIAN_POINT('',(-3.369,-48.5107514320665,-2.));
#8545=CARTESIAN_POINT('',(-3.369,-48.7857514320665,-2.));
#8546=CARTESIAN_POINT('',(-3.369,-49.0607514320665,-2.));
#8547=CARTESIAN_POINT('',(0.,-49.0607514320665,-2.));
#8548=CARTESIAN_POINT('',(-3.669,-49.0607514320665,-2.));
#8549=CARTESIAN_POINT('',(-3.519,-49.0607514320665,-2.));
#8550=CARTESIAN_POINT('',(-3.769,-49.0607514320665,-2.));
#8551=CARTESIAN_POINT('',(-3.769,-49.8607514320665,-2.));
#8552=CARTESIAN_POINT('',(-3.769,-50.6607514320665,-2.));
#8553=CARTESIAN_POINT('',(-3.519,-50.6607514320665,-2.));
#8554=CARTESIAN_POINT('',(-3.669,-50.6607514320665,-2.));
#8555=CARTESIAN_POINT('',(-3.519,-50.6607514320665,-2.));
#8556=CARTESIAN_POINT('',(-3.369,-50.6607514320665,-2.));
#8557=CARTESIAN_POINT('',(-3.369,-50.9357514320665,-2.));
#8558=CARTESIAN_POINT('',(-3.369,-51.2107514320665,-2.));
#8559=CARTESIAN_POINT('',(0.,-51.2107514320665,-2.));
#8560=CARTESIAN_POINT('',(-3.669,-51.2107514320665,-2.));
#8561=CARTESIAN_POINT('',(-3.519,-51.2107514320665,-2.));
#8562=CARTESIAN_POINT('',(-3.769,-51.2107514320665,-2.));
#8563=CARTESIAN_POINT('',(-3.769,-51.3357514320665,-2.));
#8564=CARTESIAN_POINT('',(-3.769,-51.4607514320665,-2.));
#8565=CARTESIAN_POINT('',(-1.869,-51.4607514320665,-2.));
#8566=CARTESIAN_POINT('',(0.0310000000000031,-46.6557514320665,-2.));
#8567=CARTESIAN_POINT('',(0.0310000000000033,-46.7807514320665,-2.));
#8568=CARTESIAN_POINT('',(0.031000000000003,-46.5307514320665,-2.));
#8569=CARTESIAN_POINT('',(-0.219000000000004,-46.5307514320665,-2.));
#8570=CARTESIAN_POINT('',(-0.069,-46.5307514320665,-2.));
#8571=CARTESIAN_POINT('',(-0.219000000000004,-46.5307514320665,-2.));
#8572=CARTESIAN_POINT('',(-0.369000000000008,-46.5307514320665,-2.));
#8573=CARTESIAN_POINT('',(-0.369000000000008,-46.2557514320665,-2.));
#8574=CARTESIAN_POINT('',(-0.369000000000008,-45.9807514320665,-2.));
#8575=CARTESIAN_POINT('',(0.,-45.9807514320665,-2.));
#8576=CARTESIAN_POINT('',(-0.069,-45.9807514320665,-2.));
#8577=CARTESIAN_POINT('',(-0.219000000000004,-45.9807514320665,-2.));
#8578=CARTESIAN_POINT('',(0.031000000000003,-45.9807514320665,-2.));
#8579=CARTESIAN_POINT('',(0.0310000000000032,-45.1807514320665,-2.));
#8580=CARTESIAN_POINT('',(0.0310000000000033,-44.3807514320665,-2.));
#8581=CARTESIAN_POINT('',(-0.219000000000004,-44.3807514320665,-2.));
#8582=CARTESIAN_POINT('',(-0.069,-44.3807514320665,-2.));
#8583=CARTESIAN_POINT('',(-0.219000000000004,-44.3807514320665,-2.));
#8584=CARTESIAN_POINT('',(-0.369000000000009,-44.3807514320665,-2.));
#8585=CARTESIAN_POINT('',(-0.369000000000009,-44.1057514320665,-2.));
#8586=CARTESIAN_POINT('',(-0.369000000000008,-43.8307514320665,-2.));
#8587=CARTESIAN_POINT('',(0.,-43.8307514320665,-2.));
#8588=CARTESIAN_POINT('',(-0.069,-43.8307514320665,-2.));
#8589=CARTESIAN_POINT('',(-0.219000000000004,-43.8307514320665,-2.));
#8590=CARTESIAN_POINT('',(0.0310000000000033,-43.8307514320665,-2.));
#8591=CARTESIAN_POINT('',(0.0310000000000033,-43.7057514320665,-2.));
#8592=CARTESIAN_POINT('',(0.0310000000000033,-43.5807514320665,-2.));
#8593=CARTESIAN_POINT('',(-1.869,-43.5807514320665,-2.));
#8594=CARTESIAN_POINT('',(-3.769,-43.5807514320665,-2.));
#8595=CARTESIAN_POINT('',(-3.769,-43.7057514320665,-2.));
#8596=CARTESIAN_POINT('',(-3.769,-43.8307514320665,-2.));
#8597=CARTESIAN_POINT('',(-3.519,-43.8307514320665,-2.));
#8598=CARTESIAN_POINT('',(-3.669,-43.8307514320665,-2.));
#8599=CARTESIAN_POINT('',(-3.519,-43.8307514320665,-2.));
#8600=CARTESIAN_POINT('',(-3.369,-43.8307514320665,-2.));
#8601=CARTESIAN_POINT('',(-3.369,-44.1057514320665,-2.));
#8602=CARTESIAN_POINT('',(-3.369,-44.3807514320665,-2.));
#8603=CARTESIAN_POINT('',(0.,-44.3807514320665,-2.));
#8604=CARTESIAN_POINT('',(-3.669,-44.3807514320665,-2.));
#8605=CARTESIAN_POINT('',(-3.519,-44.3807514320665,-2.));
#8606=CARTESIAN_POINT('',(-3.769,-44.3807514320665,-2.));
#8607=CARTESIAN_POINT('',(-3.769,-45.1807514320665,-2.));
#8608=CARTESIAN_POINT('',(-3.769,-45.9807514320665,-2.));
#8609=CARTESIAN_POINT('',(-3.519,-45.9807514320665,-2.));
#8610=CARTESIAN_POINT('',(-3.669,-45.9807514320665,-2.));
#8611=CARTESIAN_POINT('',(-3.519,-45.9807514320665,-2.));
#8612=CARTESIAN_POINT('',(-3.369,-45.9807514320665,-2.));
#8613=CARTESIAN_POINT('',(-3.369,-46.2557514320665,-2.));
#8614=CARTESIAN_POINT('',(-3.369,-46.5307514320665,-2.));
#8615=CARTESIAN_POINT('',(0.,-46.5307514320665,-2.));
#8616=CARTESIAN_POINT('',(-3.669,-46.5307514320665,-2.));
#8617=CARTESIAN_POINT('',(-3.519,-46.5307514320665,-2.));
#8618=CARTESIAN_POINT('',(-3.769,-46.5307514320665,-2.));
#8619=CARTESIAN_POINT('',(-3.769,-46.6557514320665,-2.));
#8620=CARTESIAN_POINT('',(-3.769,-46.7807514320665,-2.));
#8621=CARTESIAN_POINT('',(-1.869,-46.7807514320665,-2.));
#8622=CARTESIAN_POINT('',(6.716,-46.6557514320665,-2.));
#8623=CARTESIAN_POINT('',(6.716,-46.7807514320665,-2.));
#8624=CARTESIAN_POINT('',(6.716,-46.5307514320665,-2.));
#8625=CARTESIAN_POINT('',(6.466,-46.5307514320665,-2.));
#8626=CARTESIAN_POINT('',(6.616,-46.5307514320665,-2.));
#8627=CARTESIAN_POINT('',(6.466,-46.5307514320665,-2.));
#8628=CARTESIAN_POINT('',(6.316,-46.5307514320665,-2.));
#8629=CARTESIAN_POINT('',(6.316,-46.2557514320665,-2.));
#8630=CARTESIAN_POINT('',(6.316,-45.9807514320665,-2.));
#8631=CARTESIAN_POINT('',(0.,-45.9807514320665,-2.));
#8632=CARTESIAN_POINT('',(6.616,-45.9807514320665,-2.));
#8633=CARTESIAN_POINT('',(6.466,-45.9807514320665,-2.));
#8634=CARTESIAN_POINT('',(6.716,-45.9807514320665,-2.));
#8635=CARTESIAN_POINT('',(6.716,-45.1807514320665,-2.));
#8636=CARTESIAN_POINT('',(6.716,-44.3807514320665,-2.));
#8637=CARTESIAN_POINT('',(6.466,-44.3807514320665,-2.));
#8638=CARTESIAN_POINT('',(6.616,-44.3807514320665,-2.));
#8639=CARTESIAN_POINT('',(6.466,-44.3807514320665,-2.));
#8640=CARTESIAN_POINT('',(6.316,-44.3807514320665,-2.));
#8641=CARTESIAN_POINT('',(6.316,-44.1057514320665,-2.));
#8642=CARTESIAN_POINT('',(6.316,-43.8307514320665,-2.));
#8643=CARTESIAN_POINT('',(0.,-43.8307514320665,-2.));
#8644=CARTESIAN_POINT('',(6.616,-43.8307514320665,-2.));
#8645=CARTESIAN_POINT('',(6.466,-43.8307514320665,-2.));
#8646=CARTESIAN_POINT('',(6.716,-43.8307514320665,-2.));
#8647=CARTESIAN_POINT('',(6.716,-43.7057514320665,-2.));
#8648=CARTESIAN_POINT('',(6.716,-43.5807514320665,-2.));
#8649=CARTESIAN_POINT('',(4.816,-43.5807514320665,-2.));
#8650=CARTESIAN_POINT('',(2.916,-43.5807514320665,-2.));
#8651=CARTESIAN_POINT('',(2.916,-43.7057514320665,-2.));
#8652=CARTESIAN_POINT('',(2.916,-43.8307514320665,-2.));
#8653=CARTESIAN_POINT('',(3.166,-43.8307514320665,-2.));
#8654=CARTESIAN_POINT('',(3.016,-43.8307514320665,-2.));
#8655=CARTESIAN_POINT('',(3.166,-43.8307514320665,-2.));
#8656=CARTESIAN_POINT('',(3.316,-43.8307514320665,-2.));
#8657=CARTESIAN_POINT('',(3.316,-44.1057514320665,-2.));
#8658=CARTESIAN_POINT('',(3.316,-44.3807514320665,-2.));
#8659=CARTESIAN_POINT('',(0.,-44.3807514320665,-2.));
#8660=CARTESIAN_POINT('',(3.016,-44.3807514320665,-2.));
#8661=CARTESIAN_POINT('',(3.166,-44.3807514320665,-2.));
#8662=CARTESIAN_POINT('',(2.916,-44.3807514320665,-2.));
#8663=CARTESIAN_POINT('',(2.916,-45.1807514320665,-2.));
#8664=CARTESIAN_POINT('',(2.916,-45.9807514320665,-2.));
#8665=CARTESIAN_POINT('',(3.166,-45.9807514320665,-2.));
#8666=CARTESIAN_POINT('',(3.016,-45.9807514320665,-2.));
#8667=CARTESIAN_POINT('',(3.166,-45.9807514320665,-2.));
#8668=CARTESIAN_POINT('',(3.316,-45.9807514320665,-2.));
#8669=CARTESIAN_POINT('',(3.316,-46.2557514320665,-2.));
#8670=CARTESIAN_POINT('',(3.316,-46.5307514320665,-2.));
#8671=CARTESIAN_POINT('',(0.,-46.5307514320665,-2.));
#8672=CARTESIAN_POINT('',(3.016,-46.5307514320665,-2.));
#8673=CARTESIAN_POINT('',(3.166,-46.5307514320665,-2.));
#8674=CARTESIAN_POINT('',(2.916,-46.5307514320665,-2.));
#8675=CARTESIAN_POINT('',(2.916,-46.6557514320665,-2.));
#8676=CARTESIAN_POINT('',(2.916,-46.7807514320665,-2.));
#8677=CARTESIAN_POINT('',(4.816,-46.7807514320665,-2.));
#8678=CARTESIAN_POINT('',(0.0310000000000031,-41.8807514320665,-2.));
#8679=CARTESIAN_POINT('',(0.0310000000000033,-42.0057514320665,-2.));
#8680=CARTESIAN_POINT('',(0.031000000000003,-41.7557514320665,-2.));
#8681=CARTESIAN_POINT('',(-0.219000000000004,-41.7557514320665,-2.));
#8682=CARTESIAN_POINT('',(-0.069,-41.7557514320665,-2.));
#8683=CARTESIAN_POINT('',(-0.219000000000004,-41.7557514320665,-2.));
#8684=CARTESIAN_POINT('',(-0.369000000000008,-41.7557514320665,-2.));
#8685=CARTESIAN_POINT('',(-0.369000000000008,-41.4807514320665,-2.));
#8686=CARTESIAN_POINT('',(-0.369000000000008,-41.2057514320665,-2.));
#8687=CARTESIAN_POINT('',(0.,-41.2057514320665,-2.));
#8688=CARTESIAN_POINT('',(-0.069,-41.2057514320665,-2.));
#8689=CARTESIAN_POINT('',(-0.219000000000004,-41.2057514320665,-2.));
#8690=CARTESIAN_POINT('',(0.031000000000003,-41.2057514320665,-2.));
#8691=CARTESIAN_POINT('',(0.0310000000000032,-40.4057514320665,-2.));
#8692=CARTESIAN_POINT('',(0.0310000000000033,-39.6057514320665,-2.));
#8693=CARTESIAN_POINT('',(-0.219000000000004,-39.6057514320665,-2.));
#8694=CARTESIAN_POINT('',(-0.069,-39.6057514320665,-2.));
#8695=CARTESIAN_POINT('',(-0.219000000000004,-39.6057514320665,-2.));
#8696=CARTESIAN_POINT('',(-0.369000000000009,-39.6057514320665,-2.));
#8697=CARTESIAN_POINT('',(-0.369000000000009,-39.3307514320665,-2.));
#8698=CARTESIAN_POINT('',(-0.369000000000008,-39.0557514320665,-2.));
#8699=CARTESIAN_POINT('',(0.,-39.0557514320665,-2.));
#8700=CARTESIAN_POINT('',(-0.069,-39.0557514320665,-2.));
#8701=CARTESIAN_POINT('',(-0.219000000000004,-39.0557514320665,-2.));
#8702=CARTESIAN_POINT('',(0.0310000000000033,-39.0557514320665,-2.));
#8703=CARTESIAN_POINT('',(0.0310000000000033,-38.9307514320665,-2.));
#8704=CARTESIAN_POINT('',(0.0310000000000033,-38.8057514320665,-2.));
#8705=CARTESIAN_POINT('',(-1.869,-38.8057514320665,-2.));
#8706=CARTESIAN_POINT('',(-3.769,-38.8057514320665,-2.));
#8707=CARTESIAN_POINT('',(-3.769,-38.9307514320665,-2.));
#8708=CARTESIAN_POINT('',(-3.769,-39.0557514320665,-2.));
#8709=CARTESIAN_POINT('',(-3.519,-39.0557514320665,-2.));
#8710=CARTESIAN_POINT('',(-3.669,-39.0557514320665,-2.));
#8711=CARTESIAN_POINT('',(-3.519,-39.0557514320665,-2.));
#8712=CARTESIAN_POINT('',(-3.369,-39.0557514320665,-2.));
#8713=CARTESIAN_POINT('',(-3.369,-39.3307514320665,-2.));
#8714=CARTESIAN_POINT('',(-3.369,-39.6057514320665,-2.));
#8715=CARTESIAN_POINT('',(0.,-39.6057514320665,-2.));
#8716=CARTESIAN_POINT('',(-3.669,-39.6057514320665,-2.));
#8717=CARTESIAN_POINT('',(-3.519,-39.6057514320665,-2.));
#8718=CARTESIAN_POINT('',(-3.769,-39.6057514320665,-2.));
#8719=CARTESIAN_POINT('',(-3.769,-40.4057514320665,-2.));
#8720=CARTESIAN_POINT('',(-3.769,-41.2057514320665,-2.));
#8721=CARTESIAN_POINT('',(-3.519,-41.2057514320665,-2.));
#8722=CARTESIAN_POINT('',(-3.669,-41.2057514320665,-2.));
#8723=CARTESIAN_POINT('',(-3.519,-41.2057514320665,-2.));
#8724=CARTESIAN_POINT('',(-3.369,-41.2057514320665,-2.));
#8725=CARTESIAN_POINT('',(-3.369,-41.4807514320665,-2.));
#8726=CARTESIAN_POINT('',(-3.369,-41.7557514320665,-2.));
#8727=CARTESIAN_POINT('',(0.,-41.7557514320665,-2.));
#8728=CARTESIAN_POINT('',(-3.669,-41.7557514320665,-2.));
#8729=CARTESIAN_POINT('',(-3.519,-41.7557514320665,-2.));
#8730=CARTESIAN_POINT('',(-3.769,-41.7557514320665,-2.));
#8731=CARTESIAN_POINT('',(-3.769,-41.8807514320665,-2.));
#8732=CARTESIAN_POINT('',(-3.769,-42.0057514320665,-2.));
#8733=CARTESIAN_POINT('',(-1.869,-42.0057514320665,-2.));
#8734=CARTESIAN_POINT('',(-6.764,-46.6557514320665,-2.));
#8735=CARTESIAN_POINT('',(-6.764,-46.7807514320665,-2.));
#8736=CARTESIAN_POINT('',(-6.764,-46.5307514320665,-2.));
#8737=CARTESIAN_POINT('',(-7.014,-46.5307514320665,-2.));
#8738=CARTESIAN_POINT('',(-6.864,-46.5307514320665,-2.));
#8739=CARTESIAN_POINT('',(-7.014,-46.5307514320665,-2.));
#8740=CARTESIAN_POINT('',(-7.164,-46.5307514320665,-2.));
#8741=CARTESIAN_POINT('',(-7.164,-46.2557514320665,-2.));
#8742=CARTESIAN_POINT('',(-7.164,-45.9807514320665,-2.));
#8743=CARTESIAN_POINT('',(0.,-45.9807514320665,-2.));
#8744=CARTESIAN_POINT('',(-6.864,-45.9807514320665,-2.));
#8745=CARTESIAN_POINT('',(-7.014,-45.9807514320665,-2.));
#8746=CARTESIAN_POINT('',(-6.764,-45.9807514320665,-2.));
#8747=CARTESIAN_POINT('',(-6.764,-45.1807514320665,-2.));
#8748=CARTESIAN_POINT('',(-6.764,-44.3807514320665,-2.));
#8749=CARTESIAN_POINT('',(-7.014,-44.3807514320665,-2.));
#8750=CARTESIAN_POINT('',(-6.864,-44.3807514320665,-2.));
#8751=CARTESIAN_POINT('',(-7.014,-44.3807514320665,-2.));
#8752=CARTESIAN_POINT('',(-7.164,-44.3807514320665,-2.));
#8753=CARTESIAN_POINT('',(-7.164,-44.1057514320665,-2.));
#8754=CARTESIAN_POINT('',(-7.164,-43.8307514320665,-2.));
#8755=CARTESIAN_POINT('',(0.,-43.8307514320665,-2.));
#8756=CARTESIAN_POINT('',(-6.864,-43.8307514320665,-2.));
#8757=CARTESIAN_POINT('',(-7.014,-43.8307514320665,-2.));
#8758=CARTESIAN_POINT('',(-6.764,-43.8307514320665,-2.));
#8759=CARTESIAN_POINT('',(-6.764,-43.7057514320665,-2.));
#8760=CARTESIAN_POINT('',(-6.764,-43.5807514320665,-2.));
#8761=CARTESIAN_POINT('',(-8.664,-43.5807514320665,-2.));
#8762=CARTESIAN_POINT('',(-10.564,-43.5807514320665,-2.));
#8763=CARTESIAN_POINT('',(-10.564,-43.7057514320665,-2.));
#8764=CARTESIAN_POINT('',(-10.564,-43.8307514320665,-2.));
#8765=CARTESIAN_POINT('',(-10.314,-43.8307514320665,-2.));
#8766=CARTESIAN_POINT('',(-10.464,-43.8307514320665,-2.));
#8767=CARTESIAN_POINT('',(-10.314,-43.8307514320665,-2.));
#8768=CARTESIAN_POINT('',(-10.164,-43.8307514320665,-2.));
#8769=CARTESIAN_POINT('',(-10.164,-44.1057514320665,-2.));
#8770=CARTESIAN_POINT('',(-10.164,-44.3807514320665,-2.));
#8771=CARTESIAN_POINT('',(0.,-44.3807514320665,-2.));
#8772=CARTESIAN_POINT('',(-10.464,-44.3807514320665,-2.));
#8773=CARTESIAN_POINT('',(-10.314,-44.3807514320665,-2.));
#8774=CARTESIAN_POINT('',(-10.564,-44.3807514320665,-2.));
#8775=CARTESIAN_POINT('',(-10.564,-45.1807514320665,-2.));
#8776=CARTESIAN_POINT('',(-10.564,-45.9807514320665,-2.));
#8777=CARTESIAN_POINT('',(-10.314,-45.9807514320665,-2.));
#8778=CARTESIAN_POINT('',(-10.464,-45.9807514320665,-2.));
#8779=CARTESIAN_POINT('',(-10.314,-45.9807514320665,-2.));
#8780=CARTESIAN_POINT('',(-10.164,-45.9807514320665,-2.));
#8781=CARTESIAN_POINT('',(-10.164,-46.2557514320665,-2.));
#8782=CARTESIAN_POINT('',(-10.164,-46.5307514320665,-2.));
#8783=CARTESIAN_POINT('',(0.,-46.5307514320665,-2.));
#8784=CARTESIAN_POINT('',(-10.464,-46.5307514320665,-2.));
#8785=CARTESIAN_POINT('',(-10.314,-46.5307514320665,-2.));
#8786=CARTESIAN_POINT('',(-10.564,-46.5307514320665,-2.));
#8787=CARTESIAN_POINT('',(-10.564,-46.6557514320665,-2.));
#8788=CARTESIAN_POINT('',(-10.564,-46.7807514320665,-2.));
#8789=CARTESIAN_POINT('',(-8.664,-46.7807514320665,-2.));
#8790=CARTESIAN_POINT('',(22.9,8.382,-2.));
#8791=CARTESIAN_POINT('',(22.9,-26.828,-2.));
#8792=CARTESIAN_POINT('',(22.9,43.592,-2.));
#8793=CARTESIAN_POINT('',(1.38777878078145E-14,43.592,-2.));
#8794=CARTESIAN_POINT('',(-22.9,43.592,-2.));
#8795=CARTESIAN_POINT('',(-22.9,8.382,-2.));
#8796=CARTESIAN_POINT('',(-22.9,-26.828,-2.));
#8797=CARTESIAN_POINT('',(-6.93889390390723E-15,-26.828,-2.));
#8798=CARTESIAN_POINT('',(-28.,43.,-2.));
#8799=CARTESIAN_POINT('',(-24.,43.,-2.));
#8800=CARTESIAN_POINT('',(28.0036129292033,-63.0144676000067,-2.));
#8801=CARTESIAN_POINT('',(24.0036134630922,-63.012400933478,-2.));
#8802=CARTESIAN_POINT('',(0.,-10.,0.));
#8803=CARTESIAN_POINT('',(24.9,-10.,0.));
#8804=CARTESIAN_POINT('',(24.9,45.592,0.));
#8805=CARTESIAN_POINT('',(24.9,-28.828,0.));
#8806=CARTESIAN_POINT('',(-22.9,-28.828,0.));
#8807=CARTESIAN_POINT('',(-24.9,-28.828,0.));
#8808=CARTESIAN_POINT('',(-24.9,43.592,0.));
#8809=CARTESIAN_POINT('',(-24.9,45.592,0.));
#8810=CARTESIAN_POINT('',(0.,45.592,0.));
#8811=CARTESIAN_POINT('',(0.,-68.,0.));
#8812=CARTESIAN_POINT('',(-33.,-68.,0.));
#8813=CARTESIAN_POINT('',(33.,-68.,0.));
#8814=CARTESIAN_POINT('',(33.,50.,0.));
#8815=CARTESIAN_POINT('',(33.,48.,0.));
#8816=CARTESIAN_POINT('',(-35.,48.,0.));
#8817=CARTESIAN_POINT('',(-33.,48.,0.));
#8818=CARTESIAN_POINT('',(-33.,-10.,0.));
#8819=CARTESIAN_POINT('',(0.,-46.5307514320665,0.));
#8820=CARTESIAN_POINT('',(-6.764,-46.5307514320665,0.));
#8821=CARTESIAN_POINT('',(-6.864,-46.5307514320665,0.));
#8822=CARTESIAN_POINT('',(-6.764,-10.,0.));
#8823=CARTESIAN_POINT('',(-6.764,-46.7807514320665,0.));
#8824=CARTESIAN_POINT('',(0.,-46.7807514320665,0.));
#8825=CARTESIAN_POINT('',(-10.564,-46.7807514320665,0.));
#8826=CARTESIAN_POINT('',(-10.564,-10.,0.));
#8827=CARTESIAN_POINT('',(-10.564,-46.5307514320665,0.));
#8828=CARTESIAN_POINT('',(0.,-46.5307514320665,0.));
#8829=CARTESIAN_POINT('',(-10.464,-46.5307514320665,0.));
#8830=CARTESIAN_POINT('',(0.,-46.5307514320665,0.));
#8831=CARTESIAN_POINT('',(-10.164,-46.5307514320665,0.));
#8832=CARTESIAN_POINT('',(-10.164,-10.,0.));
#8833=CARTESIAN_POINT('',(-10.164,-45.9807514320665,0.));
#8834=CARTESIAN_POINT('',(0.,-45.9807514320665,0.));
#8835=CARTESIAN_POINT('',(-10.464,-45.9807514320665,0.));
#8836=CARTESIAN_POINT('',(0.,-45.9807514320665,0.));
#8837=CARTESIAN_POINT('',(-10.564,-45.9807514320665,0.));
#8838=CARTESIAN_POINT('',(-10.564,-10.,0.));
#8839=CARTESIAN_POINT('',(-10.564,-44.3807514320665,0.));
#8840=CARTESIAN_POINT('',(0.,-44.3807514320665,0.));
#8841=CARTESIAN_POINT('',(-10.464,-44.3807514320665,0.));
#8842=CARTESIAN_POINT('',(0.,-44.3807514320665,0.));
#8843=CARTESIAN_POINT('',(-10.164,-44.3807514320665,0.));
#8844=CARTESIAN_POINT('',(-10.164,-10.,0.));
#8845=CARTESIAN_POINT('',(-10.164,-43.8307514320665,0.));
#8846=CARTESIAN_POINT('',(0.,-43.8307514320665,0.));
#8847=CARTESIAN_POINT('',(-10.464,-43.8307514320665,0.));
#8848=CARTESIAN_POINT('',(0.,-43.8307514320665,0.));
#8849=CARTESIAN_POINT('',(-10.564,-43.8307514320665,0.));
#8850=CARTESIAN_POINT('',(-10.564,-10.,0.));
#8851=CARTESIAN_POINT('',(-10.564,-43.5807514320665,0.));
#8852=CARTESIAN_POINT('',(0.,-43.5807514320665,0.));
#8853=CARTESIAN_POINT('',(-6.764,-43.5807514320665,0.));
#8854=CARTESIAN_POINT('',(-6.764,-10.,0.));
#8855=CARTESIAN_POINT('',(-6.764,-43.8307514320665,0.));
#8856=CARTESIAN_POINT('',(0.,-43.8307514320665,0.));
#8857=CARTESIAN_POINT('',(-6.864,-43.8307514320665,0.));
#8858=CARTESIAN_POINT('',(0.,-43.8307514320665,0.));
#8859=CARTESIAN_POINT('',(-7.164,-43.8307514320665,0.));
#8860=CARTESIAN_POINT('',(-7.164,-10.,0.));
#8861=CARTESIAN_POINT('',(-7.164,-44.3807514320665,0.));
#8862=CARTESIAN_POINT('',(0.,-44.3807514320665,0.));
#8863=CARTESIAN_POINT('',(-6.864,-44.3807514320665,0.));
#8864=CARTESIAN_POINT('',(0.,-44.3807514320665,0.));
#8865=CARTESIAN_POINT('',(-6.764,-44.3807514320665,0.));
#8866=CARTESIAN_POINT('',(-6.764,-10.,0.));
#8867=CARTESIAN_POINT('',(-6.764,-45.9807514320665,0.));
#8868=CARTESIAN_POINT('',(0.,-45.9807514320665,0.));
#8869=CARTESIAN_POINT('',(-6.864,-45.9807514320665,0.));
#8870=CARTESIAN_POINT('',(0.,-45.9807514320665,0.));
#8871=CARTESIAN_POINT('',(-7.164,-45.9807514320665,0.));
#8872=CARTESIAN_POINT('',(-7.164,-10.,0.));
#8873=CARTESIAN_POINT('',(-7.164,-46.5307514320665,0.));
#8874=CARTESIAN_POINT('',(0.,-46.5307514320665,0.));
#8875=CARTESIAN_POINT('',(0.,-41.7557514320665,0.));
#8876=CARTESIAN_POINT('',(0.031000000000003,-41.7557514320665,0.));
#8877=CARTESIAN_POINT('',(-0.069,-41.7557514320665,0.));
#8878=CARTESIAN_POINT('',(0.0310000000000048,-10.,0.));
#8879=CARTESIAN_POINT('',(0.0310000000000033,-42.0057514320665,0.));
#8880=CARTESIAN_POINT('',(0.,-42.0057514320665,0.));
#8881=CARTESIAN_POINT('',(-3.769,-42.0057514320665,0.));
#8882=CARTESIAN_POINT('',(-3.769,-10.,0.));
#8883=CARTESIAN_POINT('',(-3.769,-41.7557514320665,0.));
#8884=CARTESIAN_POINT('',(0.,-41.7557514320665,0.));
#8885=CARTESIAN_POINT('',(-3.669,-41.7557514320665,0.));
#8886=CARTESIAN_POINT('',(0.,-41.7557514320665,0.));
#8887=CARTESIAN_POINT('',(-3.369,-41.7557514320665,0.));
#8888=CARTESIAN_POINT('',(-3.369,-10.,0.));
#8889=CARTESIAN_POINT('',(-3.369,-41.2057514320665,0.));
#8890=CARTESIAN_POINT('',(0.,-41.2057514320665,0.));
#8891=CARTESIAN_POINT('',(-3.669,-41.2057514320665,0.));
#8892=CARTESIAN_POINT('',(0.,-41.2057514320665,0.));
#8893=CARTESIAN_POINT('',(-3.769,-41.2057514320665,0.));
#8894=CARTESIAN_POINT('',(-3.769,-10.,0.));
#8895=CARTESIAN_POINT('',(-3.769,-39.6057514320665,0.));
#8896=CARTESIAN_POINT('',(0.,-39.6057514320665,0.));
#8897=CARTESIAN_POINT('',(-3.669,-39.6057514320665,0.));
#8898=CARTESIAN_POINT('',(0.,-39.6057514320665,0.));
#8899=CARTESIAN_POINT('',(-3.369,-39.6057514320665,0.));
#8900=CARTESIAN_POINT('',(-3.369,-10.,0.));
#8901=CARTESIAN_POINT('',(-3.369,-39.0557514320665,0.));
#8902=CARTESIAN_POINT('',(0.,-39.0557514320665,0.));
#8903=CARTESIAN_POINT('',(-3.669,-39.0557514320665,0.));
#8904=CARTESIAN_POINT('',(0.,-39.0557514320665,0.));
#8905=CARTESIAN_POINT('',(-3.769,-39.0557514320665,0.));
#8906=CARTESIAN_POINT('',(-3.769,-10.,0.));
#8907=CARTESIAN_POINT('',(-3.769,-38.8057514320665,0.));
#8908=CARTESIAN_POINT('',(0.,-38.8057514320665,0.));
#8909=CARTESIAN_POINT('',(0.0310000000000033,-38.8057514320665,0.));
#8910=CARTESIAN_POINT('',(0.0310000000000048,-10.,0.));
#8911=CARTESIAN_POINT('',(0.0310000000000033,-39.0557514320665,0.));
#8912=CARTESIAN_POINT('',(0.,-39.0557514320665,0.));
#8913=CARTESIAN_POINT('',(-0.069,-39.0557514320665,0.));
#8914=CARTESIAN_POINT('',(0.,-39.0557514320665,0.));
#8915=CARTESIAN_POINT('',(-0.369000000000008,-39.0557514320665,0.));
#8916=CARTESIAN_POINT('',(-0.369000000000011,-10.,0.));
#8917=CARTESIAN_POINT('',(-0.369000000000009,-39.6057514320665,0.));
#8918=CARTESIAN_POINT('',(0.,-39.6057514320665,0.));
#8919=CARTESIAN_POINT('',(-0.069,-39.6057514320665,0.));
#8920=CARTESIAN_POINT('',(0.,-39.6057514320665,0.));
#8921=CARTESIAN_POINT('',(0.0310000000000033,-39.6057514320665,0.));
#8922=CARTESIAN_POINT('',(0.0310000000000049,-10.,0.));
#8923=CARTESIAN_POINT('',(0.031000000000003,-41.2057514320665,0.));
#8924=CARTESIAN_POINT('',(0.,-41.2057514320665,0.));
#8925=CARTESIAN_POINT('',(-0.069,-41.2057514320665,0.));
#8926=CARTESIAN_POINT('',(0.,-41.2057514320665,0.));
#8927=CARTESIAN_POINT('',(-0.369000000000008,-41.2057514320665,0.));
#8928=CARTESIAN_POINT('',(-0.369000000000011,-10.,0.));
#8929=CARTESIAN_POINT('',(-0.369000000000008,-41.7557514320665,0.));
#8930=CARTESIAN_POINT('',(0.,-41.7557514320665,0.));
#8931=CARTESIAN_POINT('',(0.,-46.5307514320665,0.));
#8932=CARTESIAN_POINT('',(6.716,-46.5307514320665,0.));
#8933=CARTESIAN_POINT('',(6.616,-46.5307514320665,0.));
#8934=CARTESIAN_POINT('',(6.716,-10.,0.));
#8935=CARTESIAN_POINT('',(6.716,-46.7807514320665,0.));
#8936=CARTESIAN_POINT('',(0.,-46.7807514320665,0.));
#8937=CARTESIAN_POINT('',(2.916,-46.7807514320665,0.));
#8938=CARTESIAN_POINT('',(2.916,-10.,0.));
#8939=CARTESIAN_POINT('',(2.916,-46.5307514320665,0.));
#8940=CARTESIAN_POINT('',(0.,-46.5307514320665,0.));
#8941=CARTESIAN_POINT('',(3.016,-46.5307514320665,0.));
#8942=CARTESIAN_POINT('',(0.,-46.5307514320665,0.));
#8943=CARTESIAN_POINT('',(3.316,-46.5307514320665,0.));
#8944=CARTESIAN_POINT('',(3.316,-10.,0.));
#8945=CARTESIAN_POINT('',(3.316,-45.9807514320665,0.));
#8946=CARTESIAN_POINT('',(0.,-45.9807514320665,0.));
#8947=CARTESIAN_POINT('',(3.016,-45.9807514320665,0.));
#8948=CARTESIAN_POINT('',(0.,-45.9807514320665,0.));
#8949=CARTESIAN_POINT('',(2.916,-45.9807514320665,0.));
#8950=CARTESIAN_POINT('',(2.916,-10.,0.));
#8951=CARTESIAN_POINT('',(2.916,-44.3807514320665,0.));
#8952=CARTESIAN_POINT('',(0.,-44.3807514320665,0.));
#8953=CARTESIAN_POINT('',(3.016,-44.3807514320665,0.));
#8954=CARTESIAN_POINT('',(0.,-44.3807514320665,0.));
#8955=CARTESIAN_POINT('',(3.316,-44.3807514320665,0.));
#8956=CARTESIAN_POINT('',(3.316,-10.,0.));
#8957=CARTESIAN_POINT('',(3.316,-43.8307514320665,0.));
#8958=CARTESIAN_POINT('',(0.,-43.8307514320665,0.));
#8959=CARTESIAN_POINT('',(3.016,-43.8307514320665,0.));
#8960=CARTESIAN_POINT('',(0.,-43.8307514320665,0.));
#8961=CARTESIAN_POINT('',(2.916,-43.8307514320665,0.));
#8962=CARTESIAN_POINT('',(2.916,-10.,0.));
#8963=CARTESIAN_POINT('',(2.916,-43.5807514320665,0.));
#8964=CARTESIAN_POINT('',(0.,-43.5807514320665,0.));
#8965=CARTESIAN_POINT('',(6.716,-43.5807514320665,0.));
#8966=CARTESIAN_POINT('',(6.716,-10.,0.));
#8967=CARTESIAN_POINT('',(6.716,-43.8307514320665,0.));
#8968=CARTESIAN_POINT('',(0.,-43.8307514320665,0.));
#8969=CARTESIAN_POINT('',(6.616,-43.8307514320665,0.));
#8970=CARTESIAN_POINT('',(0.,-43.8307514320665,0.));
#8971=CARTESIAN_POINT('',(6.316,-43.8307514320665,0.));
#8972=CARTESIAN_POINT('',(6.316,-10.,0.));
#8973=CARTESIAN_POINT('',(6.316,-44.3807514320665,0.));
#8974=CARTESIAN_POINT('',(0.,-44.3807514320665,0.));
#8975=CARTESIAN_POINT('',(6.616,-44.3807514320665,0.));
#8976=CARTESIAN_POINT('',(0.,-44.3807514320665,0.));
#8977=CARTESIAN_POINT('',(6.716,-44.3807514320665,0.));
#8978=CARTESIAN_POINT('',(6.716,-10.,0.));
#8979=CARTESIAN_POINT('',(6.716,-45.9807514320665,0.));
#8980=CARTESIAN_POINT('',(0.,-45.9807514320665,0.));
#8981=CARTESIAN_POINT('',(6.616,-45.9807514320665,0.));
#8982=CARTESIAN_POINT('',(0.,-45.9807514320665,0.));
#8983=CARTESIAN_POINT('',(6.316,-45.9807514320665,0.));
#8984=CARTESIAN_POINT('',(6.316,-10.,0.));
#8985=CARTESIAN_POINT('',(6.316,-46.5307514320665,0.));
#8986=CARTESIAN_POINT('',(0.,-46.5307514320665,0.));
#8987=CARTESIAN_POINT('',(0.,-46.5307514320665,0.));
#8988=CARTESIAN_POINT('',(0.031000000000003,-46.5307514320665,0.));
#8989=CARTESIAN_POINT('',(-0.069,-46.5307514320665,0.));
#8990=CARTESIAN_POINT('',(0.0310000000000051,-10.,0.));
#8991=CARTESIAN_POINT('',(0.0310000000000033,-46.7807514320665,0.));
#8992=CARTESIAN_POINT('',(0.,-46.7807514320665,0.));
#8993=CARTESIAN_POINT('',(-3.769,-46.7807514320665,0.));
#8994=CARTESIAN_POINT('',(-3.769,-10.,0.));
#8995=CARTESIAN_POINT('',(-3.769,-46.5307514320665,0.));
#8996=CARTESIAN_POINT('',(0.,-46.5307514320665,0.));
#8997=CARTESIAN_POINT('',(-3.669,-46.5307514320665,0.));
#8998=CARTESIAN_POINT('',(0.,-46.5307514320665,0.));
#8999=CARTESIAN_POINT('',(-3.369,-46.5307514320665,0.));
#9000=CARTESIAN_POINT('',(-3.369,-10.,0.));
#9001=CARTESIAN_POINT('',(-3.369,-45.9807514320665,0.));
#9002=CARTESIAN_POINT('',(0.,-45.9807514320665,0.));
#9003=CARTESIAN_POINT('',(-3.669,-45.9807514320665,0.));
#9004=CARTESIAN_POINT('',(0.,-45.9807514320665,0.));
#9005=CARTESIAN_POINT('',(-3.769,-45.9807514320665,0.));
#9006=CARTESIAN_POINT('',(-3.769,-10.,0.));
#9007=CARTESIAN_POINT('',(-3.769,-44.3807514320665,0.));
#9008=CARTESIAN_POINT('',(0.,-44.3807514320665,0.));
#9009=CARTESIAN_POINT('',(-3.669,-44.3807514320665,0.));
#9010=CARTESIAN_POINT('',(0.,-44.3807514320665,0.));
#9011=CARTESIAN_POINT('',(-3.369,-44.3807514320665,0.));
#9012=CARTESIAN_POINT('',(-3.369,-10.,0.));
#9013=CARTESIAN_POINT('',(-3.369,-43.8307514320665,0.));
#9014=CARTESIAN_POINT('',(0.,-43.8307514320665,0.));
#9015=CARTESIAN_POINT('',(-3.669,-43.8307514320665,0.));
#9016=CARTESIAN_POINT('',(0.,-43.8307514320665,0.));
#9017=CARTESIAN_POINT('',(-3.769,-43.8307514320665,0.));
#9018=CARTESIAN_POINT('',(-3.769,-10.,0.));
#9019=CARTESIAN_POINT('',(-3.769,-43.5807514320665,0.));
#9020=CARTESIAN_POINT('',(0.,-43.5807514320665,0.));
#9021=CARTESIAN_POINT('',(0.0310000000000033,-43.5807514320665,0.));
#9022=CARTESIAN_POINT('',(0.0310000000000051,-10.,0.));
#9023=CARTESIAN_POINT('',(0.0310000000000033,-43.8307514320665,0.));
#9024=CARTESIAN_POINT('',(0.,-43.8307514320665,0.));
#9025=CARTESIAN_POINT('',(-0.069,-43.8307514320665,0.));
#9026=CARTESIAN_POINT('',(0.,-43.8307514320665,0.));
#9027=CARTESIAN_POINT('',(-0.369000000000008,-43.8307514320665,0.));
#9028=CARTESIAN_POINT('',(-0.369000000000012,-10.,0.));
#9029=CARTESIAN_POINT('',(-0.369000000000009,-44.3807514320665,0.));
#9030=CARTESIAN_POINT('',(0.,-44.3807514320665,0.));
#9031=CARTESIAN_POINT('',(-0.069,-44.3807514320665,0.));
#9032=CARTESIAN_POINT('',(0.,-44.3807514320665,0.));
#9033=CARTESIAN_POINT('',(0.0310000000000033,-44.3807514320665,0.));
#9034=CARTESIAN_POINT('',(0.0310000000000053,-10.,0.));
#9035=CARTESIAN_POINT('',(0.031000000000003,-45.9807514320665,0.));
#9036=CARTESIAN_POINT('',(0.,-45.9807514320665,0.));
#9037=CARTESIAN_POINT('',(-0.069,-45.9807514320665,0.));
#9038=CARTESIAN_POINT('',(0.,-45.9807514320665,0.));
#9039=CARTESIAN_POINT('',(-0.369000000000008,-45.9807514320665,0.));
#9040=CARTESIAN_POINT('',(-0.369000000000012,-10.,0.));
#9041=CARTESIAN_POINT('',(-0.369000000000008,-46.5307514320665,0.));
#9042=CARTESIAN_POINT('',(0.,-46.5307514320665,0.));
#9043=CARTESIAN_POINT('',(0.,-51.2107514320665,0.));
#9044=CARTESIAN_POINT('',(0.031000000000003,-51.2107514320665,0.));
#9045=CARTESIAN_POINT('',(-0.069,-51.2107514320665,0.));
#9046=CARTESIAN_POINT('',(0.0310000000000053,-10.,0.));
#9047=CARTESIAN_POINT('',(0.0310000000000033,-51.4607514320665,0.));
#9048=CARTESIAN_POINT('',(0.,-51.4607514320665,0.));
#9049=CARTESIAN_POINT('',(-3.769,-51.4607514320665,0.));
#9050=CARTESIAN_POINT('',(-3.769,-10.,0.));
#9051=CARTESIAN_POINT('',(-3.769,-51.2107514320665,0.));
#9052=CARTESIAN_POINT('',(0.,-51.2107514320665,0.));
#9053=CARTESIAN_POINT('',(-3.669,-51.2107514320665,0.));
#9054=CARTESIAN_POINT('',(0.,-51.2107514320665,0.));
#9055=CARTESIAN_POINT('',(-3.369,-51.2107514320665,0.));
#9056=CARTESIAN_POINT('',(-3.369,-10.,0.));
#9057=CARTESIAN_POINT('',(-3.369,-50.6607514320665,0.));
#9058=CARTESIAN_POINT('',(0.,-50.6607514320665,0.));
#9059=CARTESIAN_POINT('',(-3.669,-50.6607514320665,0.));
#9060=CARTESIAN_POINT('',(0.,-50.6607514320665,0.));
#9061=CARTESIAN_POINT('',(-3.769,-50.6607514320665,0.));
#9062=CARTESIAN_POINT('',(-3.769,-10.,0.));
#9063=CARTESIAN_POINT('',(-3.769,-49.0607514320665,0.));
#9064=CARTESIAN_POINT('',(0.,-49.0607514320665,0.));
#9065=CARTESIAN_POINT('',(-3.669,-49.0607514320665,0.));
#9066=CARTESIAN_POINT('',(0.,-49.0607514320665,0.));
#9067=CARTESIAN_POINT('',(-3.369,-49.0607514320665,0.));
#9068=CARTESIAN_POINT('',(-3.369,-10.,0.));
#9069=CARTESIAN_POINT('',(-3.369,-48.5107514320665,0.));
#9070=CARTESIAN_POINT('',(0.,-48.5107514320665,0.));
#9071=CARTESIAN_POINT('',(-3.669,-48.5107514320665,0.));
#9072=CARTESIAN_POINT('',(0.,-48.5107514320665,0.));
#9073=CARTESIAN_POINT('',(-3.769,-48.5107514320665,0.));
#9074=CARTESIAN_POINT('',(-3.769,-10.,0.));
#9075=CARTESIAN_POINT('',(-3.769,-48.2607514320665,0.));
#9076=CARTESIAN_POINT('',(0.,-48.2607514320665,0.));
#9077=CARTESIAN_POINT('',(0.0310000000000033,-48.2607514320665,0.));
#9078=CARTESIAN_POINT('',(0.0310000000000054,-10.,0.));
#9079=CARTESIAN_POINT('',(0.0310000000000033,-48.5107514320665,0.));
#9080=CARTESIAN_POINT('',(0.,-48.5107514320665,0.));
#9081=CARTESIAN_POINT('',(-0.069,-48.5107514320665,0.));
#9082=CARTESIAN_POINT('',(0.,-48.5107514320665,0.));
#9083=CARTESIAN_POINT('',(-0.369000000000008,-48.5107514320665,0.));
#9084=CARTESIAN_POINT('',(-0.369000000000012,-10.,0.));
#9085=CARTESIAN_POINT('',(-0.369000000000009,-49.0607514320665,0.));
#9086=CARTESIAN_POINT('',(0.,-49.0607514320665,0.));
#9087=CARTESIAN_POINT('',(-0.069,-49.0607514320665,0.));
#9088=CARTESIAN_POINT('',(0.,-49.0607514320665,0.));
#9089=CARTESIAN_POINT('',(0.0310000000000033,-49.0607514320665,0.));
#9090=CARTESIAN_POINT('',(0.0310000000000056,-10.,0.));
#9091=CARTESIAN_POINT('',(0.031000000000003,-50.6607514320665,0.));
#9092=CARTESIAN_POINT('',(0.,-50.6607514320665,0.));
#9093=CARTESIAN_POINT('',(-0.069,-50.6607514320665,0.));
#9094=CARTESIAN_POINT('',(0.,-50.6607514320665,0.));
#9095=CARTESIAN_POINT('',(-0.369000000000008,-50.6607514320665,0.));
#9096=CARTESIAN_POINT('',(-0.369000000000012,-10.,0.));
#9097=CARTESIAN_POINT('',(-0.369000000000008,-51.2107514320665,0.));
#9098=CARTESIAN_POINT('',(0.,-51.2107514320665,0.));
#9099=CARTESIAN_POINT('',(-3.519,-51.2107514320665,4.));
#9100=CARTESIAN_POINT('',(-3.669,-51.2107514320665,2.38));
#9101=CARTESIAN_POINT('',(-3.769,-51.2107514320665,4.));
#9102=CARTESIAN_POINT('',(-3.519,-49.0607514320665,4.));
#9103=CARTESIAN_POINT('',(-3.669,-49.0607514320665,2.38));
#9104=CARTESIAN_POINT('',(-3.769,-49.0607514320665,4.));
#9105=CARTESIAN_POINT('',(-0.219000000000004,-48.5107514320665,4.));
#9106=CARTESIAN_POINT('',(-0.069,-48.5107514320665,2.38));
#9107=CARTESIAN_POINT('',(0.0310000000000033,-48.5107514320665,4.));
#9108=CARTESIAN_POINT('',(-0.219000000000004,-50.6607514320665,4.));
#9109=CARTESIAN_POINT('',(-0.069,-50.6607514320665,2.38));
#9110=CARTESIAN_POINT('',(0.031000000000003,-50.6607514320665,4.));
#9111=CARTESIAN_POINT('',(-3.519,-46.5307514320665,4.));
#9112=CARTESIAN_POINT('',(-3.669,-46.5307514320665,2.38));
#9113=CARTESIAN_POINT('',(-3.769,-46.5307514320665,4.));
#9114=CARTESIAN_POINT('',(-3.519,-44.3807514320665,4.));
#9115=CARTESIAN_POINT('',(-3.669,-44.3807514320665,2.38));
#9116=CARTESIAN_POINT('',(-3.769,-44.3807514320665,4.));
#9117=CARTESIAN_POINT('',(-0.219000000000004,-43.8307514320665,4.));
#9118=CARTESIAN_POINT('',(-0.069,-43.8307514320665,2.38));
#9119=CARTESIAN_POINT('',(0.0310000000000033,-43.8307514320665,4.));
#9120=CARTESIAN_POINT('',(-0.219000000000004,-45.9807514320665,4.));
#9121=CARTESIAN_POINT('',(-0.069,-45.9807514320665,2.38));
#9122=CARTESIAN_POINT('',(0.031000000000003,-45.9807514320665,4.));
#9123=CARTESIAN_POINT('',(3.166,-46.5307514320665,4.));
#9124=CARTESIAN_POINT('',(3.016,-46.5307514320665,2.38));
#9125=CARTESIAN_POINT('',(2.916,-46.5307514320665,4.));
#9126=CARTESIAN_POINT('',(3.166,-44.3807514320665,4.));
#9127=CARTESIAN_POINT('',(3.016,-44.3807514320665,2.38));
#9128=CARTESIAN_POINT('',(2.916,-44.3807514320665,4.));
#9129=CARTESIAN_POINT('',(6.466,-43.8307514320665,4.));
#9130=CARTESIAN_POINT('',(6.616,-43.8307514320665,2.38));
#9131=CARTESIAN_POINT('',(6.716,-43.8307514320665,4.));
#9132=CARTESIAN_POINT('',(6.466,-45.9807514320665,4.));
#9133=CARTESIAN_POINT('',(6.616,-45.9807514320665,2.38));
#9134=CARTESIAN_POINT('',(6.716,-45.9807514320665,4.));
#9135=CARTESIAN_POINT('',(-3.519,-41.7557514320665,4.));
#9136=CARTESIAN_POINT('',(-3.669,-41.7557514320665,2.38));
#9137=CARTESIAN_POINT('',(-3.769,-41.7557514320665,4.));
#9138=CARTESIAN_POINT('',(-3.519,-39.6057514320665,4.));
#9139=CARTESIAN_POINT('',(-3.669,-39.6057514320665,2.38));
#9140=CARTESIAN_POINT('',(-3.769,-39.6057514320665,4.));
#9141=CARTESIAN_POINT('',(-0.219000000000004,-39.0557514320665,4.));
#9142=CARTESIAN_POINT('',(-0.069,-39.0557514320665,2.38));
#9143=CARTESIAN_POINT('',(0.0310000000000033,-39.0557514320665,4.));
#9144=CARTESIAN_POINT('',(-0.219000000000004,-41.2057514320665,4.));
#9145=CARTESIAN_POINT('',(-0.069,-41.2057514320665,2.38));
#9146=CARTESIAN_POINT('',(0.031000000000003,-41.2057514320665,4.));
#9147=CARTESIAN_POINT('',(-10.314,-46.5307514320665,4.));
#9148=CARTESIAN_POINT('',(-10.464,-46.5307514320665,2.38));
#9149=CARTESIAN_POINT('',(-10.564,-46.5307514320665,4.));
#9150=CARTESIAN_POINT('',(-10.314,-44.3807514320665,4.));
#9151=CARTESIAN_POINT('',(-10.464,-44.3807514320665,2.38));
#9152=CARTESIAN_POINT('',(-10.564,-44.3807514320665,4.));
#9153=CARTESIAN_POINT('',(-7.014,-43.8307514320665,4.));
#9154=CARTESIAN_POINT('',(-6.864,-43.8307514320665,2.38));
#9155=CARTESIAN_POINT('',(-6.764,-43.8307514320665,4.));
#9156=CARTESIAN_POINT('',(-7.014,-45.9807514320665,4.));
#9157=CARTESIAN_POINT('',(-6.864,-45.9807514320665,2.38));
#9158=CARTESIAN_POINT('',(-6.764,-45.9807514320665,4.));
#9159=CARTESIAN_POINT('',(13.106,-63.6207514320665,-6.));
#9160=CARTESIAN_POINT('',(13.106,-63.6207514320665,-6.));
#9161=CARTESIAN_POINT('',(11.506,-63.6207514320665,-6.));
#9162=CARTESIAN_POINT('',(13.106,-63.6207514320665,-1.));
#9163=CARTESIAN_POINT('',(11.506,-63.6207514320665,-1.));
#9164=CARTESIAN_POINT('',(13.106,-63.6207514320665,-6.));
#9165=CARTESIAN_POINT('',(13.106,-63.6207514320665,-6.));
#9166=CARTESIAN_POINT('',(15.456,-63.6207514320665,-6.));
#9167=CARTESIAN_POINT('',(-2.63400000000005,-47.4507514320665,-6.));
#9168=CARTESIAN_POINT('',(-18.374,-31.2807514320665,-6.));
#9169=CARTESIAN_POINT('',(-18.374,-31.2807514320665,-6.));
#9170=CARTESIAN_POINT('',(-19.974,-31.2807514320665,-6.));
#9171=CARTESIAN_POINT('',(-18.374,-31.2807514320665,-1.));
#9172=CARTESIAN_POINT('',(-19.974,-31.2807514320665,-1.));
#9173=CARTESIAN_POINT('',(-18.374,-31.2807514320665,-6.));
#9174=CARTESIAN_POINT('',(-18.374,-31.2807514320665,-6.));
#9175=CARTESIAN_POINT('',(-16.024,-31.2807514320665,-6.));
#9176=CARTESIAN_POINT('',(-2.63400000000005,-47.4507514320665,-6.));
#9177=CARTESIAN_POINT('',(0.,-10.,-1.));
#9178=CARTESIAN_POINT('',(0.,-10.,-1.));
#9179=CARTESIAN_POINT('',(-0.219000000000004,-51.2107514320665,4.));
#9180=CARTESIAN_POINT('',(-0.069,-51.2107514320665,2.38));
#9181=CARTESIAN_POINT('',(0.031000000000003,-51.2107514320665,4.));
#9182=CARTESIAN_POINT('',(0.031000000000003,-51.3357514320665,4.));
#9183=CARTESIAN_POINT('',(0.0310000000000033,-51.4607514320665,4.));
#9184=CARTESIAN_POINT('',(-1.869,-51.4607514320665,4.));
#9185=CARTESIAN_POINT('',(-3.769,-51.4607514320665,4.));
#9186=CARTESIAN_POINT('',(-3.769,-51.3357514320665,4.));
#9187=CARTESIAN_POINT('',(-3.519,-50.6607514320665,4.));
#9188=CARTESIAN_POINT('',(-3.669,-50.6607514320665,2.38));
#9189=CARTESIAN_POINT('',(-3.769,-50.6607514320665,4.));
#9190=CARTESIAN_POINT('',(-3.769,-49.8607514320665,4.));
#9191=CARTESIAN_POINT('',(-3.519,-48.5107514320665,4.));
#9192=CARTESIAN_POINT('',(-3.669,-48.5107514320665,2.38));
#9193=CARTESIAN_POINT('',(-3.769,-48.5107514320665,4.));
#9194=CARTESIAN_POINT('',(-3.769,-48.3857514320665,4.));
#9195=CARTESIAN_POINT('',(-3.769,-48.2607514320665,4.));
#9196=CARTESIAN_POINT('',(-1.869,-48.2607514320665,4.));
#9197=CARTESIAN_POINT('',(0.0310000000000033,-48.2607514320665,4.));
#9198=CARTESIAN_POINT('',(0.0310000000000033,-48.3857514320665,4.));
#9199=CARTESIAN_POINT('',(-0.219000000000004,-49.0607514320665,4.));
#9200=CARTESIAN_POINT('',(-0.069,-49.0607514320665,2.38));
#9201=CARTESIAN_POINT('',(0.0310000000000033,-49.0607514320665,4.));
#9202=CARTESIAN_POINT('',(0.0310000000000032,-49.8607514320665,4.));
#9203=CARTESIAN_POINT('',(-0.219000000000004,-46.5307514320665,4.));
#9204=CARTESIAN_POINT('',(-0.069,-46.5307514320665,2.38));
#9205=CARTESIAN_POINT('',(0.031000000000003,-46.5307514320665,4.));
#9206=CARTESIAN_POINT('',(0.0310000000000031,-46.6557514320665,4.));
#9207=CARTESIAN_POINT('',(0.0310000000000033,-46.7807514320665,4.));
#9208=CARTESIAN_POINT('',(-1.869,-46.7807514320665,4.));
#9209=CARTESIAN_POINT('',(-3.769,-46.7807514320665,4.));
#9210=CARTESIAN_POINT('',(-3.769,-46.6557514320665,4.));
#9211=CARTESIAN_POINT('',(-3.519,-45.9807514320665,4.));
#9212=CARTESIAN_POINT('',(-3.669,-45.9807514320665,2.38));
#9213=CARTESIAN_POINT('',(-3.769,-45.9807514320665,4.));
#9214=CARTESIAN_POINT('',(-3.769,-45.1807514320665,4.));
#9215=CARTESIAN_POINT('',(-3.519,-43.8307514320665,4.));
#9216=CARTESIAN_POINT('',(-3.669,-43.8307514320665,2.38));
#9217=CARTESIAN_POINT('',(-3.769,-43.8307514320665,4.));
#9218=CARTESIAN_POINT('',(-3.769,-43.7057514320665,4.));
#9219=CARTESIAN_POINT('',(-3.769,-43.5807514320665,4.));
#9220=CARTESIAN_POINT('',(-1.869,-43.5807514320665,4.));
#9221=CARTESIAN_POINT('',(0.0310000000000033,-43.5807514320665,4.));
#9222=CARTESIAN_POINT('',(0.0310000000000033,-43.7057514320665,4.));
#9223=CARTESIAN_POINT('',(-0.219000000000004,-44.3807514320665,4.));
#9224=CARTESIAN_POINT('',(-0.069,-44.3807514320665,2.38));
#9225=CARTESIAN_POINT('',(0.0310000000000033,-44.3807514320665,4.));
#9226=CARTESIAN_POINT('',(0.0310000000000032,-45.1807514320665,4.));
#9227=CARTESIAN_POINT('',(6.466,-46.5307514320665,4.));
#9228=CARTESIAN_POINT('',(6.616,-46.5307514320665,2.38));
#9229=CARTESIAN_POINT('',(6.716,-46.5307514320665,4.));
#9230=CARTESIAN_POINT('',(6.716,-46.6557514320665,4.));
#9231=CARTESIAN_POINT('',(6.716,-46.7807514320665,4.));
#9232=CARTESIAN_POINT('',(4.816,-46.7807514320665,4.));
#9233=CARTESIAN_POINT('',(2.916,-46.7807514320665,4.));
#9234=CARTESIAN_POINT('',(2.916,-46.6557514320665,4.));
#9235=CARTESIAN_POINT('',(3.166,-45.9807514320665,4.));
#9236=CARTESIAN_POINT('',(3.016,-45.9807514320665,2.38));
#9237=CARTESIAN_POINT('',(2.916,-45.9807514320665,4.));
#9238=CARTESIAN_POINT('',(2.916,-45.1807514320665,4.));
#9239=CARTESIAN_POINT('',(3.166,-43.8307514320665,4.));
#9240=CARTESIAN_POINT('',(3.016,-43.8307514320665,2.38));
#9241=CARTESIAN_POINT('',(2.916,-43.8307514320665,4.));
#9242=CARTESIAN_POINT('',(2.916,-43.7057514320665,4.));
#9243=CARTESIAN_POINT('',(2.916,-43.5807514320665,4.));
#9244=CARTESIAN_POINT('',(4.816,-43.5807514320665,4.));
#9245=CARTESIAN_POINT('',(6.716,-43.5807514320665,4.));
#9246=CARTESIAN_POINT('',(6.716,-43.7057514320665,4.));
#9247=CARTESIAN_POINT('',(6.466,-44.3807514320665,4.));
#9248=CARTESIAN_POINT('',(6.616,-44.3807514320665,2.38));
#9249=CARTESIAN_POINT('',(6.716,-44.3807514320665,4.));
#9250=CARTESIAN_POINT('',(6.716,-45.1807514320665,4.));
#9251=CARTESIAN_POINT('',(-0.219000000000004,-41.7557514320665,4.));
#9252=CARTESIAN_POINT('',(-0.069,-41.7557514320665,2.38));
#9253=CARTESIAN_POINT('',(0.031000000000003,-41.7557514320665,4.));
#9254=CARTESIAN_POINT('',(0.0310000000000031,-41.8807514320665,4.));
#9255=CARTESIAN_POINT('',(0.0310000000000033,-42.0057514320665,4.));
#9256=CARTESIAN_POINT('',(-1.869,-42.0057514320665,4.));
#9257=CARTESIAN_POINT('',(-3.769,-42.0057514320665,4.));
#9258=CARTESIAN_POINT('',(-3.769,-41.8807514320665,4.));
#9259=CARTESIAN_POINT('',(-3.519,-41.2057514320665,4.));
#9260=CARTESIAN_POINT('',(-3.669,-41.2057514320665,2.38));
#9261=CARTESIAN_POINT('',(-3.769,-41.2057514320665,4.));
#9262=CARTESIAN_POINT('',(-3.769,-40.4057514320665,4.));
#9263=CARTESIAN_POINT('',(-3.519,-39.0557514320665,4.));
#9264=CARTESIAN_POINT('',(-3.669,-39.0557514320665,2.38));
#9265=CARTESIAN_POINT('',(-3.769,-39.0557514320665,4.));
#9266=CARTESIAN_POINT('',(-3.769,-38.9307514320665,4.));
#9267=CARTESIAN_POINT('',(-3.769,-38.8057514320665,4.));
#9268=CARTESIAN_POINT('',(-1.869,-38.8057514320665,4.));
#9269=CARTESIAN_POINT('',(0.0310000000000033,-38.8057514320665,4.));
#9270=CARTESIAN_POINT('',(0.0310000000000033,-38.9307514320665,4.));
#9271=CARTESIAN_POINT('',(-0.219000000000004,-39.6057514320665,4.));
#9272=CARTESIAN_POINT('',(-0.069,-39.6057514320665,2.38));
#9273=CARTESIAN_POINT('',(0.0310000000000033,-39.6057514320665,4.));
#9274=CARTESIAN_POINT('',(0.0310000000000032,-40.4057514320665,4.));
#9275=CARTESIAN_POINT('',(-7.014,-46.5307514320665,4.));
#9276=CARTESIAN_POINT('',(-6.864,-46.5307514320665,2.38));
#9277=CARTESIAN_POINT('',(-6.764,-46.5307514320665,4.));
#9278=CARTESIAN_POINT('',(-6.764,-46.6557514320665,4.));
#9279=CARTESIAN_POINT('',(-6.764,-46.7807514320665,4.));
#9280=CARTESIAN_POINT('',(-8.664,-46.7807514320665,4.));
#9281=CARTESIAN_POINT('',(-10.564,-46.7807514320665,4.));
#9282=CARTESIAN_POINT('',(-10.564,-46.6557514320665,4.));
#9283=CARTESIAN_POINT('',(-10.314,-45.9807514320665,4.));
#9284=CARTESIAN_POINT('',(-10.464,-45.9807514320665,2.38));
#9285=CARTESIAN_POINT('',(-10.564,-45.9807514320665,4.));
#9286=CARTESIAN_POINT('',(-10.564,-45.1807514320665,4.));
#9287=CARTESIAN_POINT('',(-10.314,-43.8307514320665,4.));
#9288=CARTESIAN_POINT('',(-10.464,-43.8307514320665,2.38));
#9289=CARTESIAN_POINT('',(-10.564,-43.8307514320665,4.));
#9290=CARTESIAN_POINT('',(-10.564,-43.7057514320665,4.));
#9291=CARTESIAN_POINT('',(-10.564,-43.5807514320665,4.));
#9292=CARTESIAN_POINT('',(-8.664,-43.5807514320665,4.));
#9293=CARTESIAN_POINT('',(-6.764,-43.5807514320665,4.));
#9294=CARTESIAN_POINT('',(-6.764,-43.7057514320665,4.));
#9295=CARTESIAN_POINT('',(-7.014,-44.3807514320665,4.));
#9296=CARTESIAN_POINT('',(-6.864,-44.3807514320665,2.38));
#9297=CARTESIAN_POINT('',(-6.764,-44.3807514320665,4.));
#9298=CARTESIAN_POINT('',(-6.764,-45.1807514320665,4.));
#9299=CARTESIAN_POINT('',(-3.369,-50.9357514320665,2.38));
#9300=CARTESIAN_POINT('',(-3.369,-50.6607514320665,2.38));
#9301=CARTESIAN_POINT('',(-3.369,-50.6607514320665,2.38));
#9302=CARTESIAN_POINT('',(-3.369,-51.2107514320665,2.38));
#9303=CARTESIAN_POINT('',(-3.369,-51.2107514320665,2.38));
#9304=CARTESIAN_POINT('',(-3.369,-50.9357514320665,2.38));
#9305=CARTESIAN_POINT('',(-3.369,-48.7857514320665,2.38));
#9306=CARTESIAN_POINT('',(-3.369,-48.5107514320665,2.38));
#9307=CARTESIAN_POINT('',(-3.369,-48.5107514320665,2.38));
#9308=CARTESIAN_POINT('',(-3.369,-49.0607514320665,2.38));
#9309=CARTESIAN_POINT('',(-3.369,-49.0607514320665,2.38));
#9310=CARTESIAN_POINT('',(-3.369,-48.7857514320665,2.38));
#9311=CARTESIAN_POINT('',(-0.369000000000009,-48.7857514320665,2.38));
#9312=CARTESIAN_POINT('',(-0.369000000000009,-49.0607514320665,2.38));
#9313=CARTESIAN_POINT('',(-0.369000000000009,-49.0607514320665,2.38));
#9314=CARTESIAN_POINT('',(-0.369000000000008,-48.5107514320665,2.38));
#9315=CARTESIAN_POINT('',(-0.369000000000008,-48.5107514320665,2.38));
#9316=CARTESIAN_POINT('',(-0.369000000000009,-48.7857514320665,2.38));
#9317=CARTESIAN_POINT('',(-0.369000000000008,-50.9357514320665,2.38));
#9318=CARTESIAN_POINT('',(-0.369000000000008,-51.2107514320665,2.38));
#9319=CARTESIAN_POINT('',(-0.369000000000008,-51.2107514320665,2.38));
#9320=CARTESIAN_POINT('',(-0.369000000000008,-50.6607514320665,2.38));
#9321=CARTESIAN_POINT('',(-0.369000000000008,-50.6607514320665,2.38));
#9322=CARTESIAN_POINT('',(-0.369000000000008,-50.9357514320665,2.38));
#9323=CARTESIAN_POINT('',(-0.219000000000004,-51.2107514320665,2.38));
#9324=CARTESIAN_POINT('',(-0.069,-51.2107514320665,2.38));
#9325=CARTESIAN_POINT('',(-0.069,-51.2107514320665,-3.62));
#9326=CARTESIAN_POINT('',(-0.219000000000004,-51.2107514320665,-3.62));
#9327=CARTESIAN_POINT('',(-0.369000000000008,-51.2107514320665,-3.62));
#9328=CARTESIAN_POINT('',(-0.369000000000008,-51.2107514320665,2.38));
#9329=CARTESIAN_POINT('',(-3.519,-51.2107514320665,2.38));
#9330=CARTESIAN_POINT('',(-3.369,-51.2107514320665,2.38));
#9331=CARTESIAN_POINT('',(-3.369,-51.2107514320665,-3.62));
#9332=CARTESIAN_POINT('',(-3.519,-51.2107514320665,-3.62));
#9333=CARTESIAN_POINT('',(-3.669,-51.2107514320665,-3.62));
#9334=CARTESIAN_POINT('',(-3.669,-51.2107514320665,2.38));
#9335=CARTESIAN_POINT('',(-3.519,-50.6607514320665,2.38));
#9336=CARTESIAN_POINT('',(-3.669,-50.6607514320665,2.38));
#9337=CARTESIAN_POINT('',(-3.669,-50.6607514320665,-3.62));
#9338=CARTESIAN_POINT('',(-3.519,-50.6607514320665,-3.62));
#9339=CARTESIAN_POINT('',(-3.369,-50.6607514320665,-3.62));
#9340=CARTESIAN_POINT('',(-3.369,-50.6607514320665,2.38));
#9341=CARTESIAN_POINT('',(-3.519,-49.0607514320665,2.38));
#9342=CARTESIAN_POINT('',(-3.369,-49.0607514320665,2.38));
#9343=CARTESIAN_POINT('',(-3.369,-49.0607514320665,-3.62));
#9344=CARTESIAN_POINT('',(-3.519,-49.0607514320665,-3.62));
#9345=CARTESIAN_POINT('',(-3.669,-49.0607514320665,-3.62));
#9346=CARTESIAN_POINT('',(-3.669,-49.0607514320665,2.38));
#9347=CARTESIAN_POINT('',(-3.519,-48.5107514320665,2.38));
#9348=CARTESIAN_POINT('',(-3.669,-48.5107514320665,2.38));
#9349=CARTESIAN_POINT('',(-3.669,-48.5107514320665,-3.62));
#9350=CARTESIAN_POINT('',(-3.519,-48.5107514320665,-3.62));
#9351=CARTESIAN_POINT('',(-3.369,-48.5107514320665,-3.62));
#9352=CARTESIAN_POINT('',(-3.369,-48.5107514320665,2.38));
#9353=CARTESIAN_POINT('',(-0.219000000000004,-48.5107514320665,2.38));
#9354=CARTESIAN_POINT('',(-0.369000000000008,-48.5107514320665,2.38));
#9355=CARTESIAN_POINT('',(-0.369000000000008,-48.5107514320665,-3.62));
#9356=CARTESIAN_POINT('',(-0.219000000000004,-48.5107514320665,-3.62));
#9357=CARTESIAN_POINT('',(-0.069,-48.5107514320665,-3.62));
#9358=CARTESIAN_POINT('',(-0.069,-48.5107514320665,2.38));
#9359=CARTESIAN_POINT('',(-0.219000000000004,-49.0607514320665,2.38));
#9360=CARTESIAN_POINT('',(-0.069,-49.0607514320665,2.38));
#9361=CARTESIAN_POINT('',(-0.069,-49.0607514320665,-3.62));
#9362=CARTESIAN_POINT('',(-0.219000000000004,-49.0607514320665,-3.62));
#9363=CARTESIAN_POINT('',(-0.369000000000009,-49.0607514320665,-3.62));
#9364=CARTESIAN_POINT('',(-0.369000000000009,-49.0607514320665,2.38));
#9365=CARTESIAN_POINT('',(-0.219000000000004,-50.6607514320665,2.38));
#9366=CARTESIAN_POINT('',(-0.369000000000008,-50.6607514320665,2.38));
#9367=CARTESIAN_POINT('',(-0.369000000000008,-50.6607514320665,-3.62));
#9368=CARTESIAN_POINT('',(-0.219000000000004,-50.6607514320665,-3.62));
#9369=CARTESIAN_POINT('',(-0.069,-50.6607514320665,-3.62));
#9370=CARTESIAN_POINT('',(-0.069,-50.6607514320665,2.38));
#9371=CARTESIAN_POINT('',(-0.369000000000008,-50.9357514320665,2.38));
#9372=CARTESIAN_POINT('',(-0.369000000000008,-50.9357514320665,-3.62));
#9373=CARTESIAN_POINT('',(-0.219000000000004,-51.2107514320665,2.38));
#9374=CARTESIAN_POINT('',(-0.069,-51.2107514320665,2.38));
#9375=CARTESIAN_POINT('',(-0.069,-51.2107514320665,2.38));
#9376=CARTESIAN_POINT('',(-0.219000000000004,-51.2107514320665,2.38));
#9377=CARTESIAN_POINT('',(-0.069,-51.2857514320665,2.38));
#9378=CARTESIAN_POINT('',(-0.069,-51.2857514320665,-3.62));
#9379=CARTESIAN_POINT('',(-0.069,-51.3607514320665,-3.62));
#9380=CARTESIAN_POINT('',(-0.069,-51.2857514320665,2.38));
#9381=CARTESIAN_POINT('',(-0.069,-51.3607514320665,2.38));
#9382=CARTESIAN_POINT('',(-0.069,-51.3607514320665,2.38));
#9383=CARTESIAN_POINT('',(-1.869,-51.3607514320665,2.38));
#9384=CARTESIAN_POINT('',(-1.869,-51.3607514320665,-3.62));
#9385=CARTESIAN_POINT('',(-3.669,-51.3607514320665,-3.62));
#9386=CARTESIAN_POINT('',(-1.869,-51.3607514320665,2.38));
#9387=CARTESIAN_POINT('',(-3.669,-51.3607514320665,2.38));
#9388=CARTESIAN_POINT('',(-3.669,-51.3607514320665,2.38));
#9389=CARTESIAN_POINT('',(-3.669,-51.2857514320665,2.38));
#9390=CARTESIAN_POINT('',(-3.669,-51.2857514320665,-3.62));
#9391=CARTESIAN_POINT('',(-3.669,-51.2857514320665,2.38));
#9392=CARTESIAN_POINT('',(-3.669,-51.2107514320665,2.38));
#9393=CARTESIAN_POINT('',(-3.669,-51.2107514320665,2.38));
#9394=CARTESIAN_POINT('',(-3.519,-51.2107514320665,2.38));
#9395=CARTESIAN_POINT('',(-3.519,-51.2107514320665,2.38));
#9396=CARTESIAN_POINT('',(-3.369,-50.9357514320665,2.38));
#9397=CARTESIAN_POINT('',(-3.369,-50.9357514320665,-3.62));
#9398=CARTESIAN_POINT('',(-3.519,-50.6607514320665,2.38));
#9399=CARTESIAN_POINT('',(-3.669,-50.6607514320665,2.38));
#9400=CARTESIAN_POINT('',(-3.669,-50.6607514320665,2.38));
#9401=CARTESIAN_POINT('',(-3.519,-50.6607514320665,2.38));
#9402=CARTESIAN_POINT('',(-3.669,-49.8607514320665,2.38));
#9403=CARTESIAN_POINT('',(-3.669,-49.8607514320665,-3.62));
#9404=CARTESIAN_POINT('',(-3.669,-49.8607514320665,2.38));
#9405=CARTESIAN_POINT('',(-3.669,-49.0607514320665,2.38));
#9406=CARTESIAN_POINT('',(-3.669,-49.0607514320665,2.38));
#9407=CARTESIAN_POINT('',(-3.519,-49.0607514320665,2.38));
#9408=CARTESIAN_POINT('',(-3.519,-49.0607514320665,2.38));
#9409=CARTESIAN_POINT('',(-3.369,-48.7857514320665,2.38));
#9410=CARTESIAN_POINT('',(-3.369,-48.7857514320665,-3.62));
#9411=CARTESIAN_POINT('',(-3.519,-48.5107514320665,2.38));
#9412=CARTESIAN_POINT('',(-3.669,-48.5107514320665,2.38));
#9413=CARTESIAN_POINT('',(-3.669,-48.5107514320665,2.38));
#9414=CARTESIAN_POINT('',(-3.519,-48.5107514320665,2.38));
#9415=CARTESIAN_POINT('',(-3.669,-48.4357514320665,2.38));
#9416=CARTESIAN_POINT('',(-3.669,-48.4357514320665,-3.62));
#9417=CARTESIAN_POINT('',(-3.669,-48.3607514320665,-3.62));
#9418=CARTESIAN_POINT('',(-3.669,-48.4357514320665,2.38));
#9419=CARTESIAN_POINT('',(-3.669,-48.3607514320665,2.38));
#9420=CARTESIAN_POINT('',(-3.669,-48.3607514320665,2.38));
#9421=CARTESIAN_POINT('',(-1.869,-48.3607514320665,2.38));
#9422=CARTESIAN_POINT('',(-1.869,-48.3607514320665,-3.62));
#9423=CARTESIAN_POINT('',(-0.069,-48.3607514320665,-3.62));
#9424=CARTESIAN_POINT('',(-1.869,-48.3607514320665,2.38));
#9425=CARTESIAN_POINT('',(-0.069,-48.3607514320665,2.38));
#9426=CARTESIAN_POINT('',(-0.069,-48.3607514320665,2.38));
#9427=CARTESIAN_POINT('',(-0.069,-48.4357514320665,2.38));
#9428=CARTESIAN_POINT('',(-0.069,-48.4357514320665,-3.62));
#9429=CARTESIAN_POINT('',(-0.069,-48.4357514320665,2.38));
#9430=CARTESIAN_POINT('',(-0.069,-48.5107514320665,2.38));
#9431=CARTESIAN_POINT('',(-0.069,-48.5107514320665,2.38));
#9432=CARTESIAN_POINT('',(-0.219000000000004,-48.5107514320665,2.38));
#9433=CARTESIAN_POINT('',(-0.219000000000004,-48.5107514320665,2.38));
#9434=CARTESIAN_POINT('',(-0.369000000000009,-48.7857514320665,2.38));
#9435=CARTESIAN_POINT('',(-0.369000000000009,-48.7857514320665,-3.62));
#9436=CARTESIAN_POINT('',(-0.219000000000004,-49.0607514320665,2.38));
#9437=CARTESIAN_POINT('',(-0.069,-49.0607514320665,2.38));
#9438=CARTESIAN_POINT('',(-0.069,-49.0607514320665,2.38));
#9439=CARTESIAN_POINT('',(-0.219000000000004,-49.0607514320665,2.38));
#9440=CARTESIAN_POINT('',(-0.069,-49.8607514320665,2.38));
#9441=CARTESIAN_POINT('',(-0.069,-49.8607514320665,-3.62));
#9442=CARTESIAN_POINT('',(-0.069,-49.8607514320665,2.38));
#9443=CARTESIAN_POINT('',(-0.069,-50.6607514320665,2.38));
#9444=CARTESIAN_POINT('',(-0.069,-50.6607514320665,2.38));
#9445=CARTESIAN_POINT('',(-0.219000000000004,-50.6607514320665,2.38));
#9446=CARTESIAN_POINT('',(-0.219000000000004,-50.6607514320665,2.38));
#9447=CARTESIAN_POINT('',(-2.63400000000005,-47.4507514320665,2.38));
#9448=CARTESIAN_POINT('',(-2.63400000000005,-47.4507514320665,-3.62));
#9449=CARTESIAN_POINT('',(-3.369,-46.2557514320665,2.38));
#9450=CARTESIAN_POINT('',(-3.369,-45.9807514320665,2.38));
#9451=CARTESIAN_POINT('',(-3.369,-45.9807514320665,2.38));
#9452=CARTESIAN_POINT('',(-3.369,-46.5307514320665,2.38));
#9453=CARTESIAN_POINT('',(-3.369,-46.5307514320665,2.38));
#9454=CARTESIAN_POINT('',(-3.369,-46.2557514320665,2.38));
#9455=CARTESIAN_POINT('',(-3.369,-44.1057514320665,2.38));
#9456=CARTESIAN_POINT('',(-3.369,-43.8307514320665,2.38));
#9457=CARTESIAN_POINT('',(-3.369,-43.8307514320665,2.38));
#9458=CARTESIAN_POINT('',(-3.369,-44.3807514320665,2.38));
#9459=CARTESIAN_POINT('',(-3.369,-44.3807514320665,2.38));
#9460=CARTESIAN_POINT('',(-3.369,-44.1057514320665,2.38));
#9461=CARTESIAN_POINT('',(-0.369000000000009,-44.1057514320665,2.38));
#9462=CARTESIAN_POINT('',(-0.369000000000009,-44.3807514320665,2.38));
#9463=CARTESIAN_POINT('',(-0.369000000000009,-44.3807514320665,2.38));
#9464=CARTESIAN_POINT('',(-0.369000000000008,-43.8307514320665,2.38));
#9465=CARTESIAN_POINT('',(-0.369000000000008,-43.8307514320665,2.38));
#9466=CARTESIAN_POINT('',(-0.369000000000009,-44.1057514320665,2.38));
#9467=CARTESIAN_POINT('',(-0.369000000000008,-46.2557514320665,2.38));
#9468=CARTESIAN_POINT('',(-0.369000000000008,-46.5307514320665,2.38));
#9469=CARTESIAN_POINT('',(-0.369000000000008,-46.5307514320665,2.38));
#9470=CARTESIAN_POINT('',(-0.369000000000008,-45.9807514320665,2.38));
#9471=CARTESIAN_POINT('',(-0.369000000000008,-45.9807514320665,2.38));
#9472=CARTESIAN_POINT('',(-0.369000000000008,-46.2557514320665,2.38));
#9473=CARTESIAN_POINT('',(-0.219000000000004,-46.5307514320665,2.38));
#9474=CARTESIAN_POINT('',(-0.069,-46.5307514320665,2.38));
#9475=CARTESIAN_POINT('',(-0.069,-46.5307514320665,-3.62));
#9476=CARTESIAN_POINT('',(-0.219000000000004,-46.5307514320665,-3.62));
#9477=CARTESIAN_POINT('',(-0.369000000000008,-46.5307514320665,-3.62));
#9478=CARTESIAN_POINT('',(-0.369000000000008,-46.5307514320665,2.38));
#9479=CARTESIAN_POINT('',(-3.519,-46.5307514320665,2.38));
#9480=CARTESIAN_POINT('',(-3.369,-46.5307514320665,2.38));
#9481=CARTESIAN_POINT('',(-3.369,-46.5307514320665,-3.62));
#9482=CARTESIAN_POINT('',(-3.519,-46.5307514320665,-3.62));
#9483=CARTESIAN_POINT('',(-3.669,-46.5307514320665,-3.62));
#9484=CARTESIAN_POINT('',(-3.669,-46.5307514320665,2.38));
#9485=CARTESIAN_POINT('',(-3.519,-45.9807514320665,2.38));
#9486=CARTESIAN_POINT('',(-3.669,-45.9807514320665,2.38));
#9487=CARTESIAN_POINT('',(-3.669,-45.9807514320665,-3.62));
#9488=CARTESIAN_POINT('',(-3.519,-45.9807514320665,-3.62));
#9489=CARTESIAN_POINT('',(-3.369,-45.9807514320665,-3.62));
#9490=CARTESIAN_POINT('',(-3.369,-45.9807514320665,2.38));
#9491=CARTESIAN_POINT('',(-3.519,-44.3807514320665,2.38));
#9492=CARTESIAN_POINT('',(-3.369,-44.3807514320665,2.38));
#9493=CARTESIAN_POINT('',(-3.369,-44.3807514320665,-3.62));
#9494=CARTESIAN_POINT('',(-3.519,-44.3807514320665,-3.62));
#9495=CARTESIAN_POINT('',(-3.669,-44.3807514320665,-3.62));
#9496=CARTESIAN_POINT('',(-3.669,-44.3807514320665,2.38));
#9497=CARTESIAN_POINT('',(-3.519,-43.8307514320665,2.38));
#9498=CARTESIAN_POINT('',(-3.669,-43.8307514320665,2.38));
#9499=CARTESIAN_POINT('',(-3.669,-43.8307514320665,-3.62));
#9500=CARTESIAN_POINT('',(-3.519,-43.8307514320665,-3.62));
#9501=CARTESIAN_POINT('',(-3.369,-43.8307514320665,-3.62));
#9502=CARTESIAN_POINT('',(-3.369,-43.8307514320665,2.38));
#9503=CARTESIAN_POINT('',(-0.219000000000004,-43.8307514320665,2.38));
#9504=CARTESIAN_POINT('',(-0.369000000000008,-43.8307514320665,2.38));
#9505=CARTESIAN_POINT('',(-0.369000000000008,-43.8307514320665,-3.62));
#9506=CARTESIAN_POINT('',(-0.219000000000004,-43.8307514320665,-3.62));
#9507=CARTESIAN_POINT('',(-0.069,-43.8307514320665,-3.62));
#9508=CARTESIAN_POINT('',(-0.069,-43.8307514320665,2.38));
#9509=CARTESIAN_POINT('',(-0.219000000000004,-44.3807514320665,2.38));
#9510=CARTESIAN_POINT('',(-0.069,-44.3807514320665,2.38));
#9511=CARTESIAN_POINT('',(-0.069,-44.3807514320665,-3.62));
#9512=CARTESIAN_POINT('',(-0.219000000000004,-44.3807514320665,-3.62));
#9513=CARTESIAN_POINT('',(-0.369000000000009,-44.3807514320665,-3.62));
#9514=CARTESIAN_POINT('',(-0.369000000000009,-44.3807514320665,2.38));
#9515=CARTESIAN_POINT('',(-0.219000000000004,-45.9807514320665,2.38));
#9516=CARTESIAN_POINT('',(-0.369000000000008,-45.9807514320665,2.38));
#9517=CARTESIAN_POINT('',(-0.369000000000008,-45.9807514320665,-3.62));
#9518=CARTESIAN_POINT('',(-0.219000000000004,-45.9807514320665,-3.62));
#9519=CARTESIAN_POINT('',(-0.069,-45.9807514320665,-3.62));
#9520=CARTESIAN_POINT('',(-0.069,-45.9807514320665,2.38));
#9521=CARTESIAN_POINT('',(-0.369000000000008,-46.2557514320665,2.38));
#9522=CARTESIAN_POINT('',(-0.369000000000008,-46.2557514320665,-3.62));
#9523=CARTESIAN_POINT('',(-0.219000000000004,-46.5307514320665,2.38));
#9524=CARTESIAN_POINT('',(-0.069,-46.5307514320665,2.38));
#9525=CARTESIAN_POINT('',(-0.069,-46.5307514320665,2.38));
#9526=CARTESIAN_POINT('',(-0.219000000000004,-46.5307514320665,2.38));
#9527=CARTESIAN_POINT('',(-0.069,-46.6057514320665,2.38));
#9528=CARTESIAN_POINT('',(-0.069,-46.6057514320665,-3.62));
#9529=CARTESIAN_POINT('',(-0.069,-46.6807514320665,-3.62));
#9530=CARTESIAN_POINT('',(-0.069,-46.6057514320665,2.38));
#9531=CARTESIAN_POINT('',(-0.069,-46.6807514320665,2.38));
#9532=CARTESIAN_POINT('',(-0.069,-46.6807514320665,2.38));
#9533=CARTESIAN_POINT('',(-1.869,-46.6807514320665,2.38));
#9534=CARTESIAN_POINT('',(-1.869,-46.6807514320665,-3.62));
#9535=CARTESIAN_POINT('',(-3.669,-46.6807514320665,-3.62));
#9536=CARTESIAN_POINT('',(-1.869,-46.6807514320665,2.38));
#9537=CARTESIAN_POINT('',(-3.669,-46.6807514320665,2.38));
#9538=CARTESIAN_POINT('',(-3.669,-46.6807514320665,2.38));
#9539=CARTESIAN_POINT('',(-3.669,-46.6057514320665,2.38));
#9540=CARTESIAN_POINT('',(-3.669,-46.6057514320665,-3.62));
#9541=CARTESIAN_POINT('',(-3.669,-46.6057514320665,2.38));
#9542=CARTESIAN_POINT('',(-3.669,-46.5307514320665,2.38));
#9543=CARTESIAN_POINT('',(-3.669,-46.5307514320665,2.38));
#9544=CARTESIAN_POINT('',(-3.519,-46.5307514320665,2.38));
#9545=CARTESIAN_POINT('',(-3.519,-46.5307514320665,2.38));
#9546=CARTESIAN_POINT('',(-3.369,-46.2557514320665,2.38));
#9547=CARTESIAN_POINT('',(-3.369,-46.2557514320665,-3.62));
#9548=CARTESIAN_POINT('',(-3.519,-45.9807514320665,2.38));
#9549=CARTESIAN_POINT('',(-3.669,-45.9807514320665,2.38));
#9550=CARTESIAN_POINT('',(-3.669,-45.9807514320665,2.38));
#9551=CARTESIAN_POINT('',(-3.519,-45.9807514320665,2.38));
#9552=CARTESIAN_POINT('',(-3.669,-45.1807514320665,2.38));
#9553=CARTESIAN_POINT('',(-3.669,-45.1807514320665,-3.62));
#9554=CARTESIAN_POINT('',(-3.669,-45.1807514320665,2.38));
#9555=CARTESIAN_POINT('',(-3.669,-44.3807514320665,2.38));
#9556=CARTESIAN_POINT('',(-3.669,-44.3807514320665,2.38));
#9557=CARTESIAN_POINT('',(-3.519,-44.3807514320665,2.38));
#9558=CARTESIAN_POINT('',(-3.519,-44.3807514320665,2.38));
#9559=CARTESIAN_POINT('',(-3.369,-44.1057514320665,2.38));
#9560=CARTESIAN_POINT('',(-3.369,-44.1057514320665,-3.62));
#9561=CARTESIAN_POINT('',(-3.519,-43.8307514320665,2.38));
#9562=CARTESIAN_POINT('',(-3.669,-43.8307514320665,2.38));
#9563=CARTESIAN_POINT('',(-3.669,-43.8307514320665,2.38));
#9564=CARTESIAN_POINT('',(-3.519,-43.8307514320665,2.38));
#9565=CARTESIAN_POINT('',(-3.669,-43.7557514320666,2.38));
#9566=CARTESIAN_POINT('',(-3.669,-43.7557514320666,-3.62));
#9567=CARTESIAN_POINT('',(-3.669,-43.6807514320666,-3.62));
#9568=CARTESIAN_POINT('',(-3.669,-43.7557514320666,2.38));
#9569=CARTESIAN_POINT('',(-3.669,-43.6807514320666,2.38));
#9570=CARTESIAN_POINT('',(-3.669,-43.6807514320666,2.38));
#9571=CARTESIAN_POINT('',(-1.869,-43.6807514320666,2.38));
#9572=CARTESIAN_POINT('',(-1.869,-43.6807514320666,-3.62));
#9573=CARTESIAN_POINT('',(-0.069,-43.6807514320666,-3.62));
#9574=CARTESIAN_POINT('',(-1.869,-43.6807514320666,2.38));
#9575=CARTESIAN_POINT('',(-0.069,-43.6807514320666,2.38));
#9576=CARTESIAN_POINT('',(-0.069,-43.6807514320666,2.38));
#9577=CARTESIAN_POINT('',(-0.069,-43.7557514320666,2.38));
#9578=CARTESIAN_POINT('',(-0.069,-43.7557514320666,-3.62));
#9579=CARTESIAN_POINT('',(-0.069,-43.7557514320666,2.38));
#9580=CARTESIAN_POINT('',(-0.069,-43.8307514320665,2.38));
#9581=CARTESIAN_POINT('',(-0.069,-43.8307514320665,2.38));
#9582=CARTESIAN_POINT('',(-0.219000000000004,-43.8307514320665,2.38));
#9583=CARTESIAN_POINT('',(-0.219000000000004,-43.8307514320665,2.38));
#9584=CARTESIAN_POINT('',(-0.369000000000009,-44.1057514320665,2.38));
#9585=CARTESIAN_POINT('',(-0.369000000000009,-44.1057514320665,-3.62));
#9586=CARTESIAN_POINT('',(-0.219000000000004,-44.3807514320665,2.38));
#9587=CARTESIAN_POINT('',(-0.069,-44.3807514320665,2.38));
#9588=CARTESIAN_POINT('',(-0.069,-44.3807514320665,2.38));
#9589=CARTESIAN_POINT('',(-0.219000000000004,-44.3807514320665,2.38));
#9590=CARTESIAN_POINT('',(-0.069,-45.1807514320665,2.38));
#9591=CARTESIAN_POINT('',(-0.069,-45.1807514320665,-3.62));
#9592=CARTESIAN_POINT('',(-0.069,-45.1807514320665,2.38));
#9593=CARTESIAN_POINT('',(-0.069,-45.9807514320665,2.38));
#9594=CARTESIAN_POINT('',(-0.069,-45.9807514320665,2.38));
#9595=CARTESIAN_POINT('',(-0.219000000000004,-45.9807514320665,2.38));
#9596=CARTESIAN_POINT('',(-0.219000000000004,-45.9807514320665,2.38));
#9597=CARTESIAN_POINT('',(-2.63400000000005,-47.4507514320665,2.38));
#9598=CARTESIAN_POINT('',(-2.63400000000005,-47.4507514320665,-3.62));
#9599=CARTESIAN_POINT('',(3.316,-46.2557514320665,2.38));
#9600=CARTESIAN_POINT('',(3.316,-45.9807514320665,2.38));
#9601=CARTESIAN_POINT('',(3.316,-45.9807514320665,2.38));
#9602=CARTESIAN_POINT('',(3.316,-46.5307514320665,2.38));
#9603=CARTESIAN_POINT('',(3.316,-46.5307514320665,2.38));
#9604=CARTESIAN_POINT('',(3.316,-46.2557514320665,2.38));
#9605=CARTESIAN_POINT('',(3.316,-44.1057514320665,2.38));
#9606=CARTESIAN_POINT('',(3.316,-43.8307514320665,2.38));
#9607=CARTESIAN_POINT('',(3.316,-43.8307514320665,2.38));
#9608=CARTESIAN_POINT('',(3.316,-44.3807514320665,2.38));
#9609=CARTESIAN_POINT('',(3.316,-44.3807514320665,2.38));
#9610=CARTESIAN_POINT('',(3.316,-44.1057514320665,2.38));
#9611=CARTESIAN_POINT('',(6.316,-44.1057514320665,2.38));
#9612=CARTESIAN_POINT('',(6.316,-44.3807514320665,2.38));
#9613=CARTESIAN_POINT('',(6.316,-44.3807514320665,2.38));
#9614=CARTESIAN_POINT('',(6.316,-43.8307514320665,2.38));
#9615=CARTESIAN_POINT('',(6.316,-43.8307514320665,2.38));
#9616=CARTESIAN_POINT('',(6.316,-44.1057514320665,2.38));
#9617=CARTESIAN_POINT('',(6.316,-46.2557514320665,2.38));
#9618=CARTESIAN_POINT('',(6.316,-46.5307514320665,2.38));
#9619=CARTESIAN_POINT('',(6.316,-46.5307514320665,2.38));
#9620=CARTESIAN_POINT('',(6.316,-45.9807514320665,2.38));
#9621=CARTESIAN_POINT('',(6.316,-45.9807514320665,2.38));
#9622=CARTESIAN_POINT('',(6.316,-46.2557514320665,2.38));
#9623=CARTESIAN_POINT('',(6.466,-46.5307514320665,2.38));
#9624=CARTESIAN_POINT('',(6.616,-46.5307514320665,2.38));
#9625=CARTESIAN_POINT('',(6.616,-46.5307514320665,-3.62));
#9626=CARTESIAN_POINT('',(6.466,-46.5307514320665,-3.62));
#9627=CARTESIAN_POINT('',(6.316,-46.5307514320665,-3.62));
#9628=CARTESIAN_POINT('',(6.316,-46.5307514320665,2.38));
#9629=CARTESIAN_POINT('',(3.166,-46.5307514320665,2.38));
#9630=CARTESIAN_POINT('',(3.316,-46.5307514320665,2.38));
#9631=CARTESIAN_POINT('',(3.316,-46.5307514320665,-3.62));
#9632=CARTESIAN_POINT('',(3.166,-46.5307514320665,-3.62));
#9633=CARTESIAN_POINT('',(3.016,-46.5307514320665,-3.62));
#9634=CARTESIAN_POINT('',(3.016,-46.5307514320665,2.38));
#9635=CARTESIAN_POINT('',(3.166,-45.9807514320665,2.38));
#9636=CARTESIAN_POINT('',(3.016,-45.9807514320665,2.38));
#9637=CARTESIAN_POINT('',(3.016,-45.9807514320665,-3.62));
#9638=CARTESIAN_POINT('',(3.166,-45.9807514320665,-3.62));
#9639=CARTESIAN_POINT('',(3.316,-45.9807514320665,-3.62));
#9640=CARTESIAN_POINT('',(3.316,-45.9807514320665,2.38));
#9641=CARTESIAN_POINT('',(3.166,-44.3807514320665,2.38));
#9642=CARTESIAN_POINT('',(3.316,-44.3807514320665,2.38));
#9643=CARTESIAN_POINT('',(3.316,-44.3807514320665,-3.62));
#9644=CARTESIAN_POINT('',(3.166,-44.3807514320665,-3.62));
#9645=CARTESIAN_POINT('',(3.016,-44.3807514320665,-3.62));
#9646=CARTESIAN_POINT('',(3.016,-44.3807514320665,2.38));
#9647=CARTESIAN_POINT('',(3.166,-43.8307514320665,2.38));
#9648=CARTESIAN_POINT('',(3.016,-43.8307514320665,2.38));
#9649=CARTESIAN_POINT('',(3.016,-43.8307514320665,-3.62));
#9650=CARTESIAN_POINT('',(3.166,-43.8307514320665,-3.62));
#9651=CARTESIAN_POINT('',(3.316,-43.8307514320665,-3.62));
#9652=CARTESIAN_POINT('',(3.316,-43.8307514320665,2.38));
#9653=CARTESIAN_POINT('',(6.466,-43.8307514320665,2.38));
#9654=CARTESIAN_POINT('',(6.316,-43.8307514320665,2.38));
#9655=CARTESIAN_POINT('',(6.316,-43.8307514320665,-3.62));
#9656=CARTESIAN_POINT('',(6.466,-43.8307514320665,-3.62));
#9657=CARTESIAN_POINT('',(6.616,-43.8307514320665,-3.62));
#9658=CARTESIAN_POINT('',(6.616,-43.8307514320665,2.38));
#9659=CARTESIAN_POINT('',(6.466,-44.3807514320665,2.38));
#9660=CARTESIAN_POINT('',(6.616,-44.3807514320665,2.38));
#9661=CARTESIAN_POINT('',(6.616,-44.3807514320665,-3.62));
#9662=CARTESIAN_POINT('',(6.466,-44.3807514320665,-3.62));
#9663=CARTESIAN_POINT('',(6.316,-44.3807514320665,-3.62));
#9664=CARTESIAN_POINT('',(6.316,-44.3807514320665,2.38));
#9665=CARTESIAN_POINT('',(6.466,-45.9807514320665,2.38));
#9666=CARTESIAN_POINT('',(6.316,-45.9807514320665,2.38));
#9667=CARTESIAN_POINT('',(6.316,-45.9807514320665,-3.62));
#9668=CARTESIAN_POINT('',(6.466,-45.9807514320665,-3.62));
#9669=CARTESIAN_POINT('',(6.616,-45.9807514320665,-3.62));
#9670=CARTESIAN_POINT('',(6.616,-45.9807514320665,2.38));
#9671=CARTESIAN_POINT('',(6.316,-46.2557514320665,2.38));
#9672=CARTESIAN_POINT('',(6.316,-46.2557514320665,-3.62));
#9673=CARTESIAN_POINT('',(6.466,-46.5307514320665,2.38));
#9674=CARTESIAN_POINT('',(6.616,-46.5307514320665,2.38));
#9675=CARTESIAN_POINT('',(6.616,-46.5307514320665,2.38));
#9676=CARTESIAN_POINT('',(6.466,-46.5307514320665,2.38));
#9677=CARTESIAN_POINT('',(6.616,-46.6057514320665,2.38));
#9678=CARTESIAN_POINT('',(6.616,-46.6057514320665,-3.62));
#9679=CARTESIAN_POINT('',(6.616,-46.6807514320665,-3.62));
#9680=CARTESIAN_POINT('',(6.616,-46.6057514320665,2.38));
#9681=CARTESIAN_POINT('',(6.616,-46.6807514320665,2.38));
#9682=CARTESIAN_POINT('',(6.616,-46.6807514320665,2.38));
#9683=CARTESIAN_POINT('',(4.816,-46.6807514320665,2.38));
#9684=CARTESIAN_POINT('',(4.816,-46.6807514320665,-3.62));
#9685=CARTESIAN_POINT('',(3.016,-46.6807514320665,-3.62));
#9686=CARTESIAN_POINT('',(4.816,-46.6807514320665,2.38));
#9687=CARTESIAN_POINT('',(3.016,-46.6807514320665,2.38));
#9688=CARTESIAN_POINT('',(3.016,-46.6807514320665,2.38));
#9689=CARTESIAN_POINT('',(3.016,-46.6057514320665,2.38));
#9690=CARTESIAN_POINT('',(3.016,-46.6057514320665,-3.62));
#9691=CARTESIAN_POINT('',(3.016,-46.6057514320665,2.38));
#9692=CARTESIAN_POINT('',(3.016,-46.5307514320665,2.38));
#9693=CARTESIAN_POINT('',(3.016,-46.5307514320665,2.38));
#9694=CARTESIAN_POINT('',(3.166,-46.5307514320665,2.38));
#9695=CARTESIAN_POINT('',(3.166,-46.5307514320665,2.38));
#9696=CARTESIAN_POINT('',(3.316,-46.2557514320665,2.38));
#9697=CARTESIAN_POINT('',(3.316,-46.2557514320665,-3.62));
#9698=CARTESIAN_POINT('',(3.166,-45.9807514320665,2.38));
#9699=CARTESIAN_POINT('',(3.016,-45.9807514320665,2.38));
#9700=CARTESIAN_POINT('',(3.016,-45.9807514320665,2.38));
#9701=CARTESIAN_POINT('',(3.166,-45.9807514320665,2.38));
#9702=CARTESIAN_POINT('',(3.016,-45.1807514320665,2.38));
#9703=CARTESIAN_POINT('',(3.016,-45.1807514320665,-3.62));
#9704=CARTESIAN_POINT('',(3.016,-45.1807514320665,2.38));
#9705=CARTESIAN_POINT('',(3.016,-44.3807514320665,2.38));
#9706=CARTESIAN_POINT('',(3.016,-44.3807514320665,2.38));
#9707=CARTESIAN_POINT('',(3.166,-44.3807514320665,2.38));
#9708=CARTESIAN_POINT('',(3.166,-44.3807514320665,2.38));
#9709=CARTESIAN_POINT('',(3.316,-44.1057514320665,2.38));
#9710=CARTESIAN_POINT('',(3.316,-44.1057514320665,-3.62));
#9711=CARTESIAN_POINT('',(3.166,-43.8307514320665,2.38));
#9712=CARTESIAN_POINT('',(3.016,-43.8307514320665,2.38));
#9713=CARTESIAN_POINT('',(3.016,-43.8307514320665,2.38));
#9714=CARTESIAN_POINT('',(3.166,-43.8307514320665,2.38));
#9715=CARTESIAN_POINT('',(3.016,-43.7557514320666,2.38));
#9716=CARTESIAN_POINT('',(3.016,-43.7557514320666,-3.62));
#9717=CARTESIAN_POINT('',(3.016,-43.6807514320666,-3.62));
#9718=CARTESIAN_POINT('',(3.016,-43.7557514320666,2.38));
#9719=CARTESIAN_POINT('',(3.016,-43.6807514320666,2.38));
#9720=CARTESIAN_POINT('',(3.016,-43.6807514320666,2.38));
#9721=CARTESIAN_POINT('',(4.816,-43.6807514320666,2.38));
#9722=CARTESIAN_POINT('',(4.816,-43.6807514320666,-3.62));
#9723=CARTESIAN_POINT('',(6.616,-43.6807514320666,-3.62));
#9724=CARTESIAN_POINT('',(4.816,-43.6807514320666,2.38));
#9725=CARTESIAN_POINT('',(6.616,-43.6807514320666,2.38));
#9726=CARTESIAN_POINT('',(6.616,-43.6807514320666,2.38));
#9727=CARTESIAN_POINT('',(6.616,-43.7557514320666,2.38));
#9728=CARTESIAN_POINT('',(6.616,-43.7557514320666,-3.62));
#9729=CARTESIAN_POINT('',(6.616,-43.7557514320666,2.38));
#9730=CARTESIAN_POINT('',(6.616,-43.8307514320665,2.38));
#9731=CARTESIAN_POINT('',(6.616,-43.8307514320665,2.38));
#9732=CARTESIAN_POINT('',(6.466,-43.8307514320665,2.38));
#9733=CARTESIAN_POINT('',(6.466,-43.8307514320665,2.38));
#9734=CARTESIAN_POINT('',(6.316,-44.1057514320665,2.38));
#9735=CARTESIAN_POINT('',(6.316,-44.1057514320665,-3.62));
#9736=CARTESIAN_POINT('',(6.466,-44.3807514320665,2.38));
#9737=CARTESIAN_POINT('',(6.616,-44.3807514320665,2.38));
#9738=CARTESIAN_POINT('',(6.616,-44.3807514320665,2.38));
#9739=CARTESIAN_POINT('',(6.466,-44.3807514320665,2.38));
#9740=CARTESIAN_POINT('',(6.616,-45.1807514320665,2.38));
#9741=CARTESIAN_POINT('',(6.616,-45.1807514320665,-3.62));
#9742=CARTESIAN_POINT('',(6.616,-45.1807514320665,2.38));
#9743=CARTESIAN_POINT('',(6.616,-45.9807514320665,2.38));
#9744=CARTESIAN_POINT('',(6.616,-45.9807514320665,2.38));
#9745=CARTESIAN_POINT('',(6.466,-45.9807514320665,2.38));
#9746=CARTESIAN_POINT('',(6.466,-45.9807514320665,2.38));
#9747=CARTESIAN_POINT('',(-2.63400000000005,-47.4507514320665,2.38));
#9748=CARTESIAN_POINT('',(-2.63400000000005,-47.4507514320665,-3.62));
#9749=CARTESIAN_POINT('',(-3.369,-41.4807514320665,2.38));
#9750=CARTESIAN_POINT('',(-3.369,-41.2057514320665,2.38));
#9751=CARTESIAN_POINT('',(-3.369,-41.2057514320665,2.38));
#9752=CARTESIAN_POINT('',(-3.369,-41.7557514320665,2.38));
#9753=CARTESIAN_POINT('',(-3.369,-41.7557514320665,2.38));
#9754=CARTESIAN_POINT('',(-3.369,-41.4807514320665,2.38));
#9755=CARTESIAN_POINT('',(-3.369,-39.3307514320665,2.38));
#9756=CARTESIAN_POINT('',(-3.369,-39.0557514320665,2.38));
#9757=CARTESIAN_POINT('',(-3.369,-39.0557514320665,2.38));
#9758=CARTESIAN_POINT('',(-3.369,-39.6057514320665,2.38));
#9759=CARTESIAN_POINT('',(-3.369,-39.6057514320665,2.38));
#9760=CARTESIAN_POINT('',(-3.369,-39.3307514320665,2.38));
#9761=CARTESIAN_POINT('',(-0.369000000000009,-39.3307514320665,2.38));
#9762=CARTESIAN_POINT('',(-0.369000000000009,-39.6057514320665,2.38));
#9763=CARTESIAN_POINT('',(-0.369000000000009,-39.6057514320665,2.38));
#9764=CARTESIAN_POINT('',(-0.369000000000008,-39.0557514320665,2.38));
#9765=CARTESIAN_POINT('',(-0.369000000000008,-39.0557514320665,2.38));
#9766=CARTESIAN_POINT('',(-0.369000000000009,-39.3307514320665,2.38));
#9767=CARTESIAN_POINT('',(-0.369000000000008,-41.4807514320665,2.38));
#9768=CARTESIAN_POINT('',(-0.369000000000008,-41.7557514320665,2.38));
#9769=CARTESIAN_POINT('',(-0.369000000000008,-41.7557514320665,2.38));
#9770=CARTESIAN_POINT('',(-0.369000000000008,-41.2057514320665,2.38));
#9771=CARTESIAN_POINT('',(-0.369000000000008,-41.2057514320665,2.38));
#9772=CARTESIAN_POINT('',(-0.369000000000008,-41.4807514320665,2.38));
#9773=CARTESIAN_POINT('',(-0.219000000000004,-41.7557514320665,2.38));
#9774=CARTESIAN_POINT('',(-0.069,-41.7557514320665,2.38));
#9775=CARTESIAN_POINT('',(-0.069,-41.7557514320665,-3.62));
#9776=CARTESIAN_POINT('',(-0.219000000000004,-41.7557514320665,-3.62));
#9777=CARTESIAN_POINT('',(-0.369000000000008,-41.7557514320665,-3.62));
#9778=CARTESIAN_POINT('',(-0.369000000000008,-41.7557514320665,2.38));
#9779=CARTESIAN_POINT('',(-3.519,-41.7557514320665,2.38));
#9780=CARTESIAN_POINT('',(-3.369,-41.7557514320665,2.38));
#9781=CARTESIAN_POINT('',(-3.369,-41.7557514320665,-3.62));
#9782=CARTESIAN_POINT('',(-3.519,-41.7557514320665,-3.62));
#9783=CARTESIAN_POINT('',(-3.669,-41.7557514320665,-3.62));
#9784=CARTESIAN_POINT('',(-3.669,-41.7557514320665,2.38));
#9785=CARTESIAN_POINT('',(-3.519,-41.2057514320665,2.38));
#9786=CARTESIAN_POINT('',(-3.669,-41.2057514320665,2.38));
#9787=CARTESIAN_POINT('',(-3.669,-41.2057514320665,-3.62));
#9788=CARTESIAN_POINT('',(-3.519,-41.2057514320665,-3.62));
#9789=CARTESIAN_POINT('',(-3.369,-41.2057514320665,-3.62));
#9790=CARTESIAN_POINT('',(-3.369,-41.2057514320665,2.38));
#9791=CARTESIAN_POINT('',(-3.519,-39.6057514320665,2.38));
#9792=CARTESIAN_POINT('',(-3.369,-39.6057514320665,2.38));
#9793=CARTESIAN_POINT('',(-3.369,-39.6057514320665,-3.62));
#9794=CARTESIAN_POINT('',(-3.519,-39.6057514320665,-3.62));
#9795=CARTESIAN_POINT('',(-3.669,-39.6057514320665,-3.62));
#9796=CARTESIAN_POINT('',(-3.669,-39.6057514320665,2.38));
#9797=CARTESIAN_POINT('',(-3.519,-39.0557514320665,2.38));
#9798=CARTESIAN_POINT('',(-3.669,-39.0557514320665,2.38));
#9799=CARTESIAN_POINT('',(-3.669,-39.0557514320665,-3.62));
#9800=CARTESIAN_POINT('',(-3.519,-39.0557514320665,-3.62));
#9801=CARTESIAN_POINT('',(-3.369,-39.0557514320665,-3.62));
#9802=CARTESIAN_POINT('',(-3.369,-39.0557514320665,2.38));
#9803=CARTESIAN_POINT('',(-0.219000000000004,-39.0557514320665,2.38));
#9804=CARTESIAN_POINT('',(-0.369000000000008,-39.0557514320665,2.38));
#9805=CARTESIAN_POINT('',(-0.369000000000008,-39.0557514320665,-3.62));
#9806=CARTESIAN_POINT('',(-0.219000000000004,-39.0557514320665,-3.62));
#9807=CARTESIAN_POINT('',(-0.069,-39.0557514320665,-3.62));
#9808=CARTESIAN_POINT('',(-0.069,-39.0557514320665,2.38));
#9809=CARTESIAN_POINT('',(-0.219000000000004,-39.6057514320665,2.38));
#9810=CARTESIAN_POINT('',(-0.069,-39.6057514320665,2.38));
#9811=CARTESIAN_POINT('',(-0.069,-39.6057514320665,-3.62));
#9812=CARTESIAN_POINT('',(-0.219000000000004,-39.6057514320665,-3.62));
#9813=CARTESIAN_POINT('',(-0.369000000000009,-39.6057514320665,-3.62));
#9814=CARTESIAN_POINT('',(-0.369000000000009,-39.6057514320665,2.38));
#9815=CARTESIAN_POINT('',(-0.219000000000004,-41.2057514320665,2.38));
#9816=CARTESIAN_POINT('',(-0.369000000000008,-41.2057514320665,2.38));
#9817=CARTESIAN_POINT('',(-0.369000000000008,-41.2057514320665,-3.62));
#9818=CARTESIAN_POINT('',(-0.219000000000004,-41.2057514320665,-3.62));
#9819=CARTESIAN_POINT('',(-0.069,-41.2057514320665,-3.62));
#9820=CARTESIAN_POINT('',(-0.069,-41.2057514320665,2.38));
#9821=CARTESIAN_POINT('',(-0.369000000000008,-41.4807514320665,2.38));
#9822=CARTESIAN_POINT('',(-0.369000000000008,-41.4807514320665,-3.62));
#9823=CARTESIAN_POINT('',(-0.219000000000004,-41.7557514320665,2.38));
#9824=CARTESIAN_POINT('',(-0.069,-41.7557514320665,2.38));
#9825=CARTESIAN_POINT('',(-0.069,-41.7557514320665,2.38));
#9826=CARTESIAN_POINT('',(-0.219000000000004,-41.7557514320665,2.38));
#9827=CARTESIAN_POINT('',(-0.069,-41.8307514320665,2.38));
#9828=CARTESIAN_POINT('',(-0.069,-41.8307514320665,-3.62));
#9829=CARTESIAN_POINT('',(-0.069,-41.9057514320665,-3.62));
#9830=CARTESIAN_POINT('',(-0.069,-41.8307514320665,2.38));
#9831=CARTESIAN_POINT('',(-0.069,-41.9057514320665,2.38));
#9832=CARTESIAN_POINT('',(-0.069,-41.9057514320665,2.38));
#9833=CARTESIAN_POINT('',(-1.869,-41.9057514320665,2.38));
#9834=CARTESIAN_POINT('',(-1.869,-41.9057514320665,-3.62));
#9835=CARTESIAN_POINT('',(-3.669,-41.9057514320665,-3.62));
#9836=CARTESIAN_POINT('',(-1.869,-41.9057514320665,2.38));
#9837=CARTESIAN_POINT('',(-3.669,-41.9057514320665,2.38));
#9838=CARTESIAN_POINT('',(-3.669,-41.9057514320665,2.38));
#9839=CARTESIAN_POINT('',(-3.669,-41.8307514320665,2.38));
#9840=CARTESIAN_POINT('',(-3.669,-41.8307514320665,-3.62));
#9841=CARTESIAN_POINT('',(-3.669,-41.8307514320665,2.38));
#9842=CARTESIAN_POINT('',(-3.669,-41.7557514320665,2.38));
#9843=CARTESIAN_POINT('',(-3.669,-41.7557514320665,2.38));
#9844=CARTESIAN_POINT('',(-3.519,-41.7557514320665,2.38));
#9845=CARTESIAN_POINT('',(-3.519,-41.7557514320665,2.38));
#9846=CARTESIAN_POINT('',(-3.369,-41.4807514320665,2.38));
#9847=CARTESIAN_POINT('',(-3.369,-41.4807514320665,-3.62));
#9848=CARTESIAN_POINT('',(-3.519,-41.2057514320665,2.38));
#9849=CARTESIAN_POINT('',(-3.669,-41.2057514320665,2.38));
#9850=CARTESIAN_POINT('',(-3.669,-41.2057514320665,2.38));
#9851=CARTESIAN_POINT('',(-3.519,-41.2057514320665,2.38));
#9852=CARTESIAN_POINT('',(-3.669,-40.4057514320665,2.38));
#9853=CARTESIAN_POINT('',(-3.669,-40.4057514320665,-3.62));
#9854=CARTESIAN_POINT('',(-3.669,-40.4057514320665,2.38));
#9855=CARTESIAN_POINT('',(-3.669,-39.6057514320665,2.38));
#9856=CARTESIAN_POINT('',(-3.669,-39.6057514320665,2.38));
#9857=CARTESIAN_POINT('',(-3.519,-39.6057514320665,2.38));
#9858=CARTESIAN_POINT('',(-3.519,-39.6057514320665,2.38));
#9859=CARTESIAN_POINT('',(-3.369,-39.3307514320665,2.38));
#9860=CARTESIAN_POINT('',(-3.369,-39.3307514320665,-3.62));
#9861=CARTESIAN_POINT('',(-3.519,-39.0557514320665,2.38));
#9862=CARTESIAN_POINT('',(-3.669,-39.0557514320665,2.38));
#9863=CARTESIAN_POINT('',(-3.669,-39.0557514320665,2.38));
#9864=CARTESIAN_POINT('',(-3.519,-39.0557514320665,2.38));
#9865=CARTESIAN_POINT('',(-3.669,-38.9807514320665,2.38));
#9866=CARTESIAN_POINT('',(-3.669,-38.9807514320665,-3.62));
#9867=CARTESIAN_POINT('',(-3.669,-38.9057514320666,-3.62));
#9868=CARTESIAN_POINT('',(-3.669,-38.9807514320665,2.38));
#9869=CARTESIAN_POINT('',(-3.669,-38.9057514320666,2.38));
#9870=CARTESIAN_POINT('',(-3.669,-38.9057514320666,2.38));
#9871=CARTESIAN_POINT('',(-1.869,-38.9057514320666,2.38));
#9872=CARTESIAN_POINT('',(-1.869,-38.9057514320666,-3.62));
#9873=CARTESIAN_POINT('',(-0.069,-38.9057514320666,-3.62));
#9874=CARTESIAN_POINT('',(-1.869,-38.9057514320666,2.38));
#9875=CARTESIAN_POINT('',(-0.069,-38.9057514320666,2.38));
#9876=CARTESIAN_POINT('',(-0.069,-38.9057514320666,2.38));
#9877=CARTESIAN_POINT('',(-0.069,-38.9807514320665,2.38));
#9878=CARTESIAN_POINT('',(-0.069,-38.9807514320665,-3.62));
#9879=CARTESIAN_POINT('',(-0.069,-38.9807514320665,2.38));
#9880=CARTESIAN_POINT('',(-0.069,-39.0557514320665,2.38));
#9881=CARTESIAN_POINT('',(-0.069,-39.0557514320665,2.38));
#9882=CARTESIAN_POINT('',(-0.219000000000004,-39.0557514320665,2.38));
#9883=CARTESIAN_POINT('',(-0.219000000000004,-39.0557514320665,2.38));
#9884=CARTESIAN_POINT('',(-0.369000000000009,-39.3307514320665,2.38));
#9885=CARTESIAN_POINT('',(-0.369000000000009,-39.3307514320665,-3.62));
#9886=CARTESIAN_POINT('',(-0.219000000000004,-39.6057514320665,2.38));
#9887=CARTESIAN_POINT('',(-0.069,-39.6057514320665,2.38));
#9888=CARTESIAN_POINT('',(-0.069,-39.6057514320665,2.38));
#9889=CARTESIAN_POINT('',(-0.219000000000004,-39.6057514320665,2.38));
#9890=CARTESIAN_POINT('',(-0.069,-40.4057514320665,2.38));
#9891=CARTESIAN_POINT('',(-0.069,-40.4057514320665,-3.62));
#9892=CARTESIAN_POINT('',(-0.069,-40.4057514320665,2.38));
#9893=CARTESIAN_POINT('',(-0.069,-41.2057514320665,2.38));
#9894=CARTESIAN_POINT('',(-0.069,-41.2057514320665,2.38));
#9895=CARTESIAN_POINT('',(-0.219000000000004,-41.2057514320665,2.38));
#9896=CARTESIAN_POINT('',(-0.219000000000004,-41.2057514320665,2.38));
#9897=CARTESIAN_POINT('',(-2.63400000000005,-47.4507514320665,2.38));
#9898=CARTESIAN_POINT('',(-2.63400000000005,-47.4507514320665,-3.62));
#9899=CARTESIAN_POINT('',(-10.164,-46.2557514320665,2.38));
#9900=CARTESIAN_POINT('',(-10.164,-45.9807514320665,2.38));
#9901=CARTESIAN_POINT('',(-10.164,-45.9807514320665,2.38));
#9902=CARTESIAN_POINT('',(-10.164,-46.5307514320665,2.38));
#9903=CARTESIAN_POINT('',(-10.164,-46.5307514320665,2.38));
#9904=CARTESIAN_POINT('',(-10.164,-46.2557514320665,2.38));
#9905=CARTESIAN_POINT('',(-10.164,-44.1057514320665,2.38));
#9906=CARTESIAN_POINT('',(-10.164,-43.8307514320665,2.38));
#9907=CARTESIAN_POINT('',(-10.164,-43.8307514320665,2.38));
#9908=CARTESIAN_POINT('',(-10.164,-44.3807514320665,2.38));
#9909=CARTESIAN_POINT('',(-10.164,-44.3807514320665,2.38));
#9910=CARTESIAN_POINT('',(-10.164,-44.1057514320665,2.38));
#9911=CARTESIAN_POINT('',(-7.164,-44.1057514320665,2.38));
#9912=CARTESIAN_POINT('',(-7.164,-44.3807514320665,2.38));
#9913=CARTESIAN_POINT('',(-7.164,-44.3807514320665,2.38));
#9914=CARTESIAN_POINT('',(-7.164,-43.8307514320665,2.38));
#9915=CARTESIAN_POINT('',(-7.164,-43.8307514320665,2.38));
#9916=CARTESIAN_POINT('',(-7.164,-44.1057514320665,2.38));
#9917=CARTESIAN_POINT('',(-7.164,-46.2557514320665,2.38));
#9918=CARTESIAN_POINT('',(-7.164,-46.5307514320665,2.38));
#9919=CARTESIAN_POINT('',(-7.164,-46.5307514320665,2.38));
#9920=CARTESIAN_POINT('',(-7.164,-45.9807514320665,2.38));
#9921=CARTESIAN_POINT('',(-7.164,-45.9807514320665,2.38));
#9922=CARTESIAN_POINT('',(-7.164,-46.2557514320665,2.38));
#9923=CARTESIAN_POINT('',(-7.014,-46.5307514320665,2.38));
#9924=CARTESIAN_POINT('',(-6.864,-46.5307514320665,2.38));
#9925=CARTESIAN_POINT('',(-6.864,-46.5307514320665,-3.62));
#9926=CARTESIAN_POINT('',(-7.014,-46.5307514320665,-3.62));
#9927=CARTESIAN_POINT('',(-7.164,-46.5307514320665,-3.62));
#9928=CARTESIAN_POINT('',(-7.164,-46.5307514320665,2.38));
#9929=CARTESIAN_POINT('',(-10.314,-46.5307514320665,2.38));
#9930=CARTESIAN_POINT('',(-10.164,-46.5307514320665,2.38));
#9931=CARTESIAN_POINT('',(-10.164,-46.5307514320665,-3.62));
#9932=CARTESIAN_POINT('',(-10.314,-46.5307514320665,-3.62));
#9933=CARTESIAN_POINT('',(-10.464,-46.5307514320665,-3.62));
#9934=CARTESIAN_POINT('',(-10.464,-46.5307514320665,2.38));
#9935=CARTESIAN_POINT('',(-10.314,-45.9807514320665,2.38));
#9936=CARTESIAN_POINT('',(-10.464,-45.9807514320665,2.38));
#9937=CARTESIAN_POINT('',(-10.464,-45.9807514320665,-3.62));
#9938=CARTESIAN_POINT('',(-10.314,-45.9807514320665,-3.62));
#9939=CARTESIAN_POINT('',(-10.164,-45.9807514320665,-3.62));
#9940=CARTESIAN_POINT('',(-10.164,-45.9807514320665,2.38));
#9941=CARTESIAN_POINT('',(-10.314,-44.3807514320665,2.38));
#9942=CARTESIAN_POINT('',(-10.164,-44.3807514320665,2.38));
#9943=CARTESIAN_POINT('',(-10.164,-44.3807514320665,-3.62));
#9944=CARTESIAN_POINT('',(-10.314,-44.3807514320665,-3.62));
#9945=CARTESIAN_POINT('',(-10.464,-44.3807514320665,-3.62));
#9946=CARTESIAN_POINT('',(-10.464,-44.3807514320665,2.38));
#9947=CARTESIAN_POINT('',(-10.314,-43.8307514320665,2.38));
#9948=CARTESIAN_POINT('',(-10.464,-43.8307514320665,2.38));
#9949=CARTESIAN_POINT('',(-10.464,-43.8307514320665,-3.62));
#9950=CARTESIAN_POINT('',(-10.314,-43.8307514320665,-3.62));
#9951=CARTESIAN_POINT('',(-10.164,-43.8307514320665,-3.62));
#9952=CARTESIAN_POINT('',(-10.164,-43.8307514320665,2.38));
#9953=CARTESIAN_POINT('',(-7.014,-43.8307514320665,2.38));
#9954=CARTESIAN_POINT('',(-7.164,-43.8307514320665,2.38));
#9955=CARTESIAN_POINT('',(-7.164,-43.8307514320665,-3.62));
#9956=CARTESIAN_POINT('',(-7.014,-43.8307514320665,-3.62));
#9957=CARTESIAN_POINT('',(-6.864,-43.8307514320665,-3.62));
#9958=CARTESIAN_POINT('',(-6.864,-43.8307514320665,2.38));
#9959=CARTESIAN_POINT('',(-7.014,-44.3807514320665,2.38));
#9960=CARTESIAN_POINT('',(-6.864,-44.3807514320665,2.38));
#9961=CARTESIAN_POINT('',(-6.864,-44.3807514320665,-3.62));
#9962=CARTESIAN_POINT('',(-7.014,-44.3807514320665,-3.62));
#9963=CARTESIAN_POINT('',(-7.164,-44.3807514320665,-3.62));
#9964=CARTESIAN_POINT('',(-7.164,-44.3807514320665,2.38));
#9965=CARTESIAN_POINT('',(-7.014,-45.9807514320665,2.38));
#9966=CARTESIAN_POINT('',(-7.164,-45.9807514320665,2.38));
#9967=CARTESIAN_POINT('',(-7.164,-45.9807514320665,-3.62));
#9968=CARTESIAN_POINT('',(-7.014,-45.9807514320665,-3.62));
#9969=CARTESIAN_POINT('',(-6.864,-45.9807514320665,-3.62));
#9970=CARTESIAN_POINT('',(-6.864,-45.9807514320665,2.38));
#9971=CARTESIAN_POINT('',(-7.164,-46.2557514320665,2.38));
#9972=CARTESIAN_POINT('',(-7.164,-46.2557514320665,-3.62));
#9973=CARTESIAN_POINT('',(-7.014,-46.5307514320665,2.38));
#9974=CARTESIAN_POINT('',(-6.864,-46.5307514320665,2.38));
#9975=CARTESIAN_POINT('',(-6.864,-46.5307514320665,2.38));
#9976=CARTESIAN_POINT('',(-7.014,-46.5307514320665,2.38));
#9977=CARTESIAN_POINT('',(-6.864,-46.6057514320665,2.38));
#9978=CARTESIAN_POINT('',(-6.864,-46.6057514320665,-3.62));
#9979=CARTESIAN_POINT('',(-6.864,-46.6807514320665,-3.62));
#9980=CARTESIAN_POINT('',(-6.864,-46.6057514320665,2.38));
#9981=CARTESIAN_POINT('',(-6.864,-46.6807514320665,2.38));
#9982=CARTESIAN_POINT('',(-6.864,-46.6807514320665,2.38));
#9983=CARTESIAN_POINT('',(-8.664,-46.6807514320665,2.38));
#9984=CARTESIAN_POINT('',(-8.664,-46.6807514320665,-3.62));
#9985=CARTESIAN_POINT('',(-10.464,-46.6807514320665,-3.62));
#9986=CARTESIAN_POINT('',(-8.664,-46.6807514320665,2.38));
#9987=CARTESIAN_POINT('',(-10.464,-46.6807514320665,2.38));
#9988=CARTESIAN_POINT('',(-10.464,-46.6807514320665,2.38));
#9989=CARTESIAN_POINT('',(-10.464,-46.6057514320665,2.38));
#9990=CARTESIAN_POINT('',(-10.464,-46.6057514320665,-3.62));
#9991=CARTESIAN_POINT('',(-10.464,-46.6057514320665,2.38));
#9992=CARTESIAN_POINT('',(-10.464,-46.5307514320665,2.38));
#9993=CARTESIAN_POINT('',(-10.464,-46.5307514320665,2.38));
#9994=CARTESIAN_POINT('',(-10.314,-46.5307514320665,2.38));
#9995=CARTESIAN_POINT('',(-10.314,-46.5307514320665,2.38));
#9996=CARTESIAN_POINT('',(-10.164,-46.2557514320665,2.38));
#9997=CARTESIAN_POINT('',(-10.164,-46.2557514320665,-3.62));
#9998=CARTESIAN_POINT('',(-10.314,-45.9807514320665,2.38));
#9999=CARTESIAN_POINT('',(-10.464,-45.9807514320665,2.38));
#10000=CARTESIAN_POINT('',(-10.464,-45.9807514320665,2.38));
#10001=CARTESIAN_POINT('',(-10.314,-45.9807514320665,2.38));
#10002=CARTESIAN_POINT('',(-10.464,-45.1807514320665,2.38));
#10003=CARTESIAN_POINT('',(-10.464,-45.1807514320665,-3.62));
#10004=CARTESIAN_POINT('',(-10.464,-45.1807514320665,2.38));
#10005=CARTESIAN_POINT('',(-10.464,-44.3807514320665,2.38));
#10006=CARTESIAN_POINT('',(-10.464,-44.3807514320665,2.38));
#10007=CARTESIAN_POINT('',(-10.314,-44.3807514320665,2.38));
#10008=CARTESIAN_POINT('',(-10.314,-44.3807514320665,2.38));
#10009=CARTESIAN_POINT('',(-10.164,-44.1057514320665,2.38));
#10010=CARTESIAN_POINT('',(-10.164,-44.1057514320665,-3.62));
#10011=CARTESIAN_POINT('',(-10.314,-43.8307514320665,2.38));
#10012=CARTESIAN_POINT('',(-10.464,-43.8307514320665,2.38));
#10013=CARTESIAN_POINT('',(-10.464,-43.8307514320665,2.38));
#10014=CARTESIAN_POINT('',(-10.314,-43.8307514320665,2.38));
#10015=CARTESIAN_POINT('',(-10.464,-43.7557514320666,2.38));
#10016=CARTESIAN_POINT('',(-10.464,-43.7557514320666,-3.62));
#10017=CARTESIAN_POINT('',(-10.464,-43.6807514320666,-3.62));
#10018=CARTESIAN_POINT('',(-10.464,-43.7557514320666,2.38));
#10019=CARTESIAN_POINT('',(-10.464,-43.6807514320666,2.38));
#10020=CARTESIAN_POINT('',(-10.464,-43.6807514320666,2.38));
#10021=CARTESIAN_POINT('',(-8.664,-43.6807514320666,2.38));
#10022=CARTESIAN_POINT('',(-8.664,-43.6807514320666,-3.62));
#10023=CARTESIAN_POINT('',(-6.864,-43.6807514320666,-3.62));
#10024=CARTESIAN_POINT('',(-8.664,-43.6807514320666,2.38));
#10025=CARTESIAN_POINT('',(-6.864,-43.6807514320666,2.38));
#10026=CARTESIAN_POINT('',(-6.864,-43.6807514320666,2.38));
#10027=CARTESIAN_POINT('',(-6.864,-43.7557514320666,2.38));
#10028=CARTESIAN_POINT('',(-6.864,-43.7557514320666,-3.62));
#10029=CARTESIAN_POINT('',(-6.864,-43.7557514320666,2.38));
#10030=CARTESIAN_POINT('',(-6.864,-43.8307514320665,2.38));
#10031=CARTESIAN_POINT('',(-6.864,-43.8307514320665,2.38));
#10032=CARTESIAN_POINT('',(-7.014,-43.8307514320665,2.38));
#10033=CARTESIAN_POINT('',(-7.014,-43.8307514320665,2.38));
#10034=CARTESIAN_POINT('',(-7.164,-44.1057514320665,2.38));
#10035=CARTESIAN_POINT('',(-7.164,-44.1057514320665,-3.62));
#10036=CARTESIAN_POINT('',(-7.014,-44.3807514320665,2.38));
#10037=CARTESIAN_POINT('',(-6.864,-44.3807514320665,2.38));
#10038=CARTESIAN_POINT('',(-6.864,-44.3807514320665,2.38));
#10039=CARTESIAN_POINT('',(-7.014,-44.3807514320665,2.38));
#10040=CARTESIAN_POINT('',(-6.864,-45.1807514320665,2.38));
#10041=CARTESIAN_POINT('',(-6.864,-45.1807514320665,-3.62));
#10042=CARTESIAN_POINT('',(-6.864,-45.1807514320665,2.38));
#10043=CARTESIAN_POINT('',(-6.864,-45.9807514320665,2.38));
#10044=CARTESIAN_POINT('',(-6.864,-45.9807514320665,2.38));
#10045=CARTESIAN_POINT('',(-7.014,-45.9807514320665,2.38));
#10046=CARTESIAN_POINT('',(-7.014,-45.9807514320665,2.38));
#10047=CARTESIAN_POINT('',(-2.63400000000005,-47.4507514320665,2.38));
#10048=CARTESIAN_POINT('',(-2.63400000000005,-47.4507514320665,-3.62));
#10049=CARTESIAN_POINT('',(33.,-68.,-2.));
#10050=CARTESIAN_POINT('',(33.,-68.,-2.));
#10051=CARTESIAN_POINT('',(33.,-68.,-2.));
#10052=CARTESIAN_POINT('',(33.,-10.,-2.));
#10053=CARTESIAN_POINT('',(33.,48.,-2.));
#10054=CARTESIAN_POINT('',(0.,-68.,-2.));
#10055=CARTESIAN_POINT('',(-33.,-68.,-2.));
#10056=CARTESIAN_POINT('',(33.,48.,-2.));
#10057=CARTESIAN_POINT('',(33.,48.,-2.));
#10058=CARTESIAN_POINT('',(-33.,-68.,-2.));
#10059=CARTESIAN_POINT('',(-33.,-68.,-2.));
#10060=CARTESIAN_POINT('',(-6.93889390390723E-15,48.,-2.));
#10061=CARTESIAN_POINT('',(-33.,48.,-2.));
#10062=CARTESIAN_POINT('',(-33.,-10.,-2.));
#10063=CARTESIAN_POINT('',(-33.,48.,-2.));
#10064=CARTESIAN_POINT('',(-33.,48.,-2.));
#10065=CARTESIAN_POINT('',(0.,45.592,-2.));
#10066=CARTESIAN_POINT('',(24.9,45.592,-2.));
#10067=CARTESIAN_POINT('',(-24.9,45.592,-2.));
#10068=CARTESIAN_POINT('',(-24.9,8.382,-2.));
#10069=CARTESIAN_POINT('',(-24.9,-28.828,-2.));
#10070=CARTESIAN_POINT('',(24.9,-10.,-2.));
#10071=CARTESIAN_POINT('',(24.9,-28.828,-2.));
#10072=CARTESIAN_POINT('',(-7.24190237132676E-15,-28.828,-2.));
#10073=CARTESIAN_POINT('',(-28.,-63.,-14.));
#10074=CARTESIAN_POINT('',(-28.,-63.,-14.));
#10075=CARTESIAN_POINT('',(-25.5,-63.,-14.));
#10076=CARTESIAN_POINT('',(-28.,-63.,-2.));
#10077=CARTESIAN_POINT('',(-25.5,-63.,-2.));
#10078=CARTESIAN_POINT('',(-28.,-63.,-14.));
#10079=CARTESIAN_POINT('',(-28.,-63.,-14.));
#10080=CARTESIAN_POINT('',(-24.,-63.,-14.));
#10081=CARTESIAN_POINT('',(0.,-10.,-14.));
#10082=CARTESIAN_POINT('',(0.,-10.,-2.));
#10083=CARTESIAN_POINT('',(28.0036129292033,43.0144676000067,-14.));
#10084=CARTESIAN_POINT('',(28.0036129292033,43.0144676000067,-14.));
#10085=CARTESIAN_POINT('',(25.5036132628839,43.0131759334262,-14.));
#10086=CARTESIAN_POINT('',(28.0036129292033,43.0144676000067,-2.));
#10087=CARTESIAN_POINT('',(25.5036132628839,43.0131759334262,-2.));
#10088=CARTESIAN_POINT('',(28.0036129292033,43.0144676000067,-14.));
#10089=CARTESIAN_POINT('',(28.0036129292033,43.0144676000067,-14.));
#10090=CARTESIAN_POINT('',(24.0036134630922,43.012400933478,-14.));
#10091=CARTESIAN_POINT('',(0.,-10.,-14.));
#10092=CARTESIAN_POINT('',(0.,-10.,-2.));
#10093=CARTESIAN_POINT('',(-28.,43.,-14.));
#10094=CARTESIAN_POINT('',(-28.,43.,-14.));
#10095=CARTESIAN_POINT('',(-24.,43.,-14.));
#10096=CARTESIAN_POINT('',(-28.,43.,-14.));
#10097=CARTESIAN_POINT('',(-28.,43.,-14.));
#10098=CARTESIAN_POINT('',(-25.5,43.,-14.));
#10099=CARTESIAN_POINT('',(-28.,43.,-2.));
#10100=CARTESIAN_POINT('',(-25.5,43.,-2.));
#10101=CARTESIAN_POINT('',(0.,-10.,-14.));
#10102=CARTESIAN_POINT('',(0.,-10.,-2.));
#10103=CARTESIAN_POINT('',(28.0036129292033,-63.0144676000067,-14.));
#10104=CARTESIAN_POINT('',(28.0036129292033,-63.0144676000067,-14.));
#10105=CARTESIAN_POINT('',(24.0036134630922,-63.012400933478,-14.));
#10106=CARTESIAN_POINT('',(28.0036129292033,-63.0144676000067,-14.));
#10107=CARTESIAN_POINT('',(28.0036129292033,-63.0144676000067,-14.));
#10108=CARTESIAN_POINT('',(25.5036132628839,-63.0131759334262,-14.));
#10109=CARTESIAN_POINT('',(28.0036129292033,-63.0144676000067,-2.));
#10110=CARTESIAN_POINT('',(30.5036129292033,-63.0144676000067,-2.));
#10111=CARTESIAN_POINT('',(0.,-10.,-14.));
#10112=CARTESIAN_POINT('',(0.,-10.,-2.));
#10113=CARTESIAN_POINT('',(0.,0.,0.));
#10114=CARTESIAN_POINT('',(0.,-10.,-13.));
#10115=CARTESIAN_POINT('',(-28.,43.,-13.));
#10116=CARTESIAN_POINT('',(-25.5,43.,-13.));
#10117=CARTESIAN_POINT('',(28.,43.,-13.));
#10118=CARTESIAN_POINT('',(30.5,43.,-13.));
#10119=CARTESIAN_POINT('',(-28.,-63.,-13.));
#10120=CARTESIAN_POINT('',(-25.5,-63.,-13.));
#10121=CARTESIAN_POINT('',(0.,48.,-13.));
#10122=CARTESIAN_POINT('',(-33.,48.,-13.));
#10123=CARTESIAN_POINT('',(33.,48.,-13.));
#10124=CARTESIAN_POINT('',(-33.,-10.,-13.));
#10125=CARTESIAN_POINT('',(-33.,-68.,-13.));
#10126=CARTESIAN_POINT('',(0.,-68.,-13.));
#10127=CARTESIAN_POINT('',(33.,-68.,-13.));
#10128=CARTESIAN_POINT('',(33.,-10.,-13.));
#10129=CARTESIAN_POINT('',(28.,-63.,-13.));
#10130=CARTESIAN_POINT('',(30.5,-63.,-13.));
#10131=CARTESIAN_POINT('',(0.,-10.,-15.));
#10132=CARTESIAN_POINT('',(28.,43.,-15.));
#10133=CARTESIAN_POINT('',(25.5,43.,-15.));
#10134=CARTESIAN_POINT('',(-28.,-63.,-15.));
#10135=CARTESIAN_POINT('',(-25.5,-63.,-15.));
#10136=CARTESIAN_POINT('',(33.,-10.,-15.));
#10137=CARTESIAN_POINT('',(33.,48.,-15.));
#10138=CARTESIAN_POINT('',(33.,-68.,-15.));
#10139=CARTESIAN_POINT('',(-35.,-68.,-15.));
#10140=CARTESIAN_POINT('',(-33.,-68.,-15.));
#10141=CARTESIAN_POINT('',(-33.,50.,-15.));
#10142=CARTESIAN_POINT('',(-33.,48.,-15.));
#10143=CARTESIAN_POINT('',(0.,48.,-15.));
#10144=CARTESIAN_POINT('',(-28.,43.,-15.));
#10145=CARTESIAN_POINT('',(-25.5,43.,-15.));
#10146=CARTESIAN_POINT('',(28.,-63.,-15.));
#10147=CARTESIAN_POINT('',(25.5,-63.,-15.));
#10148=CARTESIAN_POINT('',(0.,-68.,-15.));
#10149=CARTESIAN_POINT('',(0.,-68.,-2.));
#10150=CARTESIAN_POINT('',(-33.,-68.,-2.));
#10151=CARTESIAN_POINT('',(33.,-68.,-2.));
#10152=CARTESIAN_POINT('',(33.,-68.,-15.));
#10153=CARTESIAN_POINT('',(-33.,-68.,-15.));
#10154=CARTESIAN_POINT('',(-1.96400000000003,-68.,-10.0540136059153));
#10155=CARTESIAN_POINT('',(-1.964,-68.,-11.0540136059153));
#10156=CARTESIAN_POINT('',(-2.964,-68.,-10.0540136059153));
#10157=CARTESIAN_POINT('',(1.50599999999995,-68.,-11.0540136059153));
#10158=CARTESIAN_POINT('',(4.97599999999993,-68.,-11.0540136059153));
#10159=CARTESIAN_POINT('',(4.97599999999993,-68.,-10.0540136059153));
#10160=CARTESIAN_POINT('',(5.97599999999993,-68.,-10.0540136059153));
#10161=CARTESIAN_POINT('',(5.97599999999993,-68.,-9.45401360591526));
#10162=CARTESIAN_POINT('',(5.97599999999993,-68.,-8.85401360591526));
#10163=CARTESIAN_POINT('',(4.97599999999993,-68.,-8.85401360591526));
#10164=CARTESIAN_POINT('',(4.97599999999993,-68.,-7.85401360591526));
#10165=CARTESIAN_POINT('',(4.97599999999993,-68.,-7.86901360591526));
#10166=CARTESIAN_POINT('',(4.97599999999993,-68.,-7.88401360591526));
#10167=CARTESIAN_POINT('',(1.50599999999995,-68.,-7.88401360591526));
#10168=CARTESIAN_POINT('',(-1.964,-68.,-7.88401360591526));
#10169=CARTESIAN_POINT('',(-1.964,-68.,-7.86901360591526));
#10170=CARTESIAN_POINT('',(-1.964,-68.,-7.85401360591526));
#10171=CARTESIAN_POINT('',(-1.964,-68.,-8.85401360591526));
#10172=CARTESIAN_POINT('',(-2.964,-68.,-8.85401360591526));
#10173=CARTESIAN_POINT('',(-2.964,-68.,-9.45401360591526));
#10174=CARTESIAN_POINT('',(-6.93889390390723E-15,48.,-15.));
#10175=CARTESIAN_POINT('',(0.,48.,-2.));
#10176=CARTESIAN_POINT('',(-33.,48.,-2.));
#10177=CARTESIAN_POINT('',(33.,48.,-2.));
#10178=CARTESIAN_POINT('',(-33.,48.,-15.));
#10179=CARTESIAN_POINT('',(33.,48.,-15.));
#10180=CARTESIAN_POINT('',(-33.,-10.,-15.));
#10181=CARTESIAN_POINT('',(-33.,-10.,-2.));
#10182=CARTESIAN_POINT('',(33.,-10.,-15.));
#10183=CARTESIAN_POINT('',(33.,-10.,-2.));
#10184=CARTESIAN_POINT('',(0.,0.,-2.));
#10185=CARTESIAN_POINT('',(35.,-10.,-2.));
#10186=CARTESIAN_POINT('',(35.,-68.,-2.));
#10187=CARTESIAN_POINT('',(35.,48.,-2.));
#10188=CARTESIAN_POINT('',(33.,48.,-2.));
#10189=CARTESIAN_POINT('',(33.,50.,-2.));
#10190=CARTESIAN_POINT('',(-6.93889390390723E-15,50.,-2.));
#10191=CARTESIAN_POINT('',(-33.,50.,-2.));
#10192=CARTESIAN_POINT('',(-33.,48.,-2.));
#10193=CARTESIAN_POINT('',(-35.,48.,-2.));
#10194=CARTESIAN_POINT('',(-35.,-10.,-2.));
#10195=CARTESIAN_POINT('',(-35.,-68.,-2.));
#10196=CARTESIAN_POINT('',(-33.,-68.,-2.));
#10197=CARTESIAN_POINT('',(-33.,-70.,-2.));
#10198=CARTESIAN_POINT('',(0.,-70.,-2.));
#10199=CARTESIAN_POINT('',(33.,-70.,-2.));
#10200=CARTESIAN_POINT('',(33.,-68.,-2.));
#10201=CARTESIAN_POINT('',(-6.93889390390723E-15,50.,-15.));
#10202=CARTESIAN_POINT('',(33.,50.,-15.));
#10203=CARTESIAN_POINT('',(33.,50.,-13.));
#10204=CARTESIAN_POINT('',(-6.93889390390723E-15,50.,-13.));
#10205=CARTESIAN_POINT('',(-33.,50.,-13.));
#10206=CARTESIAN_POINT('',(-33.,50.,-2.));
#10207=CARTESIAN_POINT('',(-35.,-10.,-15.));
#10208=CARTESIAN_POINT('',(-35.,48.,-15.));
#10209=CARTESIAN_POINT('',(-35.,48.,-13.));
#10210=CARTESIAN_POINT('',(-35.,-70.,-13.));
#10211=CARTESIAN_POINT('',(-35.,-68.,-13.));
#10212=CARTESIAN_POINT('',(-35.,-68.,-15.));
#10213=CARTESIAN_POINT('',(0.,-70.,-15.));
#10214=CARTESIAN_POINT('',(0.,-70.,-11.0540136059153));
#10215=CARTESIAN_POINT('',(-1.964,-70.,-11.0540136059153));
#10216=CARTESIAN_POINT('',(4.97599999999993,-70.,-11.0540136059153));
#10217=CARTESIAN_POINT('',(-1.96400000000003,-70.,-10.0540136059153));
#10218=CARTESIAN_POINT('',(-2.964,-70.,-10.0540136059153));
#10219=CARTESIAN_POINT('',(-2.964,-70.,-15.));
#10220=CARTESIAN_POINT('',(-2.964,-70.,-8.85401360591526));
#10221=CARTESIAN_POINT('',(-1.964,-70.,-8.85401360591526));
#10222=CARTESIAN_POINT('',(-1.964,-70.,-7.85401360591526));
#10223=CARTESIAN_POINT('',(-1.964,-70.,-15.));
#10224=CARTESIAN_POINT('',(-1.964,-70.,-7.88401360591526));
#10225=CARTESIAN_POINT('',(0.,-70.,-7.88401360591526));
#10226=CARTESIAN_POINT('',(4.97599999999993,-70.,-7.88401360591526));
#10227=CARTESIAN_POINT('',(4.97599999999993,-70.,-15.));
#10228=CARTESIAN_POINT('',(4.97599999999993,-70.,-7.85401360591526));
#10229=CARTESIAN_POINT('',(4.97599999999993,-70.,-8.85401360591526));
#10230=CARTESIAN_POINT('',(5.97599999999993,-70.,-8.85401360591526));
#10231=CARTESIAN_POINT('',(5.97599999999993,-70.,-15.));
#10232=CARTESIAN_POINT('',(5.97599999999993,-70.,-10.0540136059153));
#10233=CARTESIAN_POINT('',(4.97599999999993,-70.,-10.0540136059153));
#10234=CARTESIAN_POINT('',(35.,-70.,-13.));
#10235=CARTESIAN_POINT('',(-33.,-70.,-13.));
#10236=CARTESIAN_POINT('',(33.,-70.,-13.));
#10237=CARTESIAN_POINT('',(33.,-70.,-2.));
#10238=CARTESIAN_POINT('',(-33.,-70.,-15.));
#10239=CARTESIAN_POINT('',(35.,-10.,-15.));
#10240=CARTESIAN_POINT('',(35.,-10.,-13.));
#10241=CARTESIAN_POINT('',(35.,-68.,-13.));
#10242=CARTESIAN_POINT('',(35.,48.,-13.));
#10243=CARTESIAN_POINT('',(35.,48.,-15.));
#10244=CARTESIAN_POINT('',(35.,-68.,-15.));
#10245=CARTESIAN_POINT('',(-33.,-68.,-15.));
#10246=CARTESIAN_POINT('',(-33.,-68.,-13.));
#10247=CARTESIAN_POINT('',(-33.,-68.,-13.));
#10248=CARTESIAN_POINT('',(-33.,-68.,-13.));
#10249=CARTESIAN_POINT('',(-33.,-68.,-13.));
#10250=CARTESIAN_POINT('',(-33.,48.,-15.));
#10251=CARTESIAN_POINT('',(-33.,48.,-13.));
#10252=CARTESIAN_POINT('',(-33.,-10.,-13.));
#10253=CARTESIAN_POINT('',(-33.,48.,-13.));
#10254=CARTESIAN_POINT('',(0.,-68.,-13.));
#10255=CARTESIAN_POINT('',(33.,-68.,-13.));
#10256=CARTESIAN_POINT('',(33.,-68.,-15.));
#10257=CARTESIAN_POINT('',(33.,-68.,-13.));
#10258=CARTESIAN_POINT('',(-33.,48.,-13.));
#10259=CARTESIAN_POINT('',(-33.,48.,-13.));
#10260=CARTESIAN_POINT('',(33.,-68.,-13.));
#10261=CARTESIAN_POINT('',(33.,-68.,-13.));
#10262=CARTESIAN_POINT('',(0.,48.,-13.));
#10263=CARTESIAN_POINT('',(33.,48.,-13.));
#10264=CARTESIAN_POINT('',(33.,-10.,-13.));
#10265=CARTESIAN_POINT('',(33.,48.,-13.));
#10266=CARTESIAN_POINT('',(33.,48.,-13.));
#10267=CARTESIAN_POINT('',(33.,48.,-13.));
#10268=CARTESIAN_POINT('',(33.,48.,-15.));
#10269=CARTESIAN_POINT('',(1.50599999999995,-93.,-11.0540136059153));
#10270=CARTESIAN_POINT('',(4.97599999999993,-93.,-11.0540136059153));
#10271=CARTESIAN_POINT('',(-1.964,-93.,-11.0540136059153));
#10272=CARTESIAN_POINT('',(-1.96400000000003,-93.,-10.0540136059153));
#10273=CARTESIAN_POINT('',(-2.964,-93.,-10.0540136059153));
#10274=CARTESIAN_POINT('',(-2.964,-93.,-9.45401360591526));
#10275=CARTESIAN_POINT('',(-2.964,-93.,-8.85401360591526));
#10276=CARTESIAN_POINT('',(-1.964,-93.,-8.85401360591526));
#10277=CARTESIAN_POINT('',(-1.964,-93.,-7.85401360591526));
#10278=CARTESIAN_POINT('',(-1.964,-93.,-7.86901360591526));
#10279=CARTESIAN_POINT('',(-1.964,-93.,-7.88401360591526));
#10280=CARTESIAN_POINT('',(1.50599999999995,-93.,-7.88401360591526));
#10281=CARTESIAN_POINT('',(4.97599999999993,-93.,-7.88401360591526));
#10282=CARTESIAN_POINT('',(4.97599999999993,-93.,-7.86901360591526));
#10283=CARTESIAN_POINT('',(4.97599999999993,-93.,-7.85401360591526));
#10284=CARTESIAN_POINT('',(4.97599999999993,-93.,-8.85401360591526));
#10285=CARTESIAN_POINT('',(5.97599999999993,-93.,-8.85401360591526));
#10286=CARTESIAN_POINT('',(5.97599999999993,-93.,-9.45401360591526));
#10287=CARTESIAN_POINT('',(5.97599999999993,-93.,-10.0540136059153));
#10288=CARTESIAN_POINT('',(4.97599999999993,-93.,-10.0540136059153));
#10289=CARTESIAN_POINT('',(-28.,-63.,-1.));
#10290=CARTESIAN_POINT('',(28.,43.,-1.));
#10291=CARTESIAN_POINT('',(-28.,43.,-1.));
#10292=CARTESIAN_POINT('',(28.,-63.,-1.));
#10293=MECHANICAL_DESIGN_GEOMETRIC_PRESENTATION_REPRESENTATION('',(#6436),
#10295);
#10294=MECHANICAL_DESIGN_GEOMETRIC_PRESENTATION_REPRESENTATION('',(#6437),
#10296);
#10295=(
GEOMETRIC_REPRESENTATION_CONTEXT(3)
GLOBAL_UNCERTAINTY_ASSIGNED_CONTEXT((#10297))
GLOBAL_UNIT_ASSIGNED_CONTEXT((#10303,#10301,#10299))
REPRESENTATION_CONTEXT('Part 1','TOP_LEVEL_ASSEMBLY_PART')
);
#10296=(
GEOMETRIC_REPRESENTATION_CONTEXT(3)
GLOBAL_UNCERTAINTY_ASSIGNED_CONTEXT((#10298))
GLOBAL_UNIT_ASSIGNED_CONTEXT((#10304,#10302,#10300))
REPRESENTATION_CONTEXT('Part 2','TOP_LEVEL_ASSEMBLY_PART')
);
#10297=UNCERTAINTY_MEASURE_WITH_UNIT(LENGTH_MEASURE(1.E-5),#10303,
'DISTANCE_ACCURACY_VALUE','Maximum Tolerance applied to model');
#10298=UNCERTAINTY_MEASURE_WITH_UNIT(LENGTH_MEASURE(1.E-5),#10304,
'DISTANCE_ACCURACY_VALUE','Maximum Tolerance applied to model');
#10299=(
NAMED_UNIT(*)
SI_UNIT($,.STERADIAN.)
SOLID_ANGLE_UNIT()
);
#10300=(
NAMED_UNIT(*)
SI_UNIT($,.STERADIAN.)
SOLID_ANGLE_UNIT()
);
#10301=(
NAMED_UNIT(*)
PLANE_ANGLE_UNIT()
SI_UNIT($,.RADIAN.)
);
#10302=(
NAMED_UNIT(*)
PLANE_ANGLE_UNIT()
SI_UNIT($,.RADIAN.)
);
#10303=(
LENGTH_UNIT()
NAMED_UNIT(*)
SI_UNIT(.MILLI.,.METRE.)
);
#10304=(
LENGTH_UNIT()
NAMED_UNIT(*)
SI_UNIT(.MILLI.,.METRE.)
);
#10305=PRODUCT_DEFINITION_SHAPE('','',#10307);
#10306=PRODUCT_DEFINITION_SHAPE('','',#10308);
#10307=PRODUCT_DEFINITION('','',#10311,#10309);
#10308=PRODUCT_DEFINITION('','',#10312,#10310);
#10309=PRODUCT_DEFINITION_CONTEXT('',#10323,'design');
#10310=PRODUCT_DEFINITION_CONTEXT('',#10324,'design');
#10311=PRODUCT_DEFINITION_FORMATION_WITH_SPECIFIED_SOURCE('','',#10315,
 .NOT_KNOWN.);
#10312=PRODUCT_DEFINITION_FORMATION_WITH_SPECIFIED_SOURCE('','',#10316,
 .NOT_KNOWN.);
#10313=PRODUCT_RELATED_PRODUCT_CATEGORY('','',(#10315));
#10314=PRODUCT_RELATED_PRODUCT_CATEGORY('','',(#10316));
#10315=PRODUCT('Part 1','Part 1','Part 1',(#10319));
#10316=PRODUCT('Part 2','Part 2','Part 2',(#10320));
#10317=PRODUCT_CATEGORY('','');
#10318=PRODUCT_CATEGORY('','');
#10319=PRODUCT_CONTEXT('',#10323,'mechanical');
#10320=PRODUCT_CONTEXT('',#10324,'mechanical');
#10321=APPLICATION_PROTOCOL_DEFINITION('international standard',
'ap242_managed_model_based_3d_engineering',2020,#10323);
#10322=APPLICATION_PROTOCOL_DEFINITION('international standard',
'ap242_managed_model_based_3d_engineering',2020,#10324);
#10323=APPLICATION_CONTEXT('managed model based 3d engineering');
#10324=APPLICATION_CONTEXT('managed model based 3d engineering');
ENDSEC;
END-ISO-10303-21;
